ISO-10303-21;
HEADER;
/* Generated by software containing ST-Developer
 * from STEP Tools, Inc. (www.steptools.com) 
 */

FILE_DESCRIPTION(
/* description */ (''),
/* implementation_level */ '2;1');

FILE_NAME(
/* name */ 'Base 38mm Wide..stp',
/* time_stamp */ '2025-06-26T23:05:16+01:00',
/* author */ ('kgcla'),
/* organization */ (''),
/* preprocessor_version */ 'ST-DEVELOPER v20',
/* originating_system */ 'Autodesk Inventor 2025',
/* authorisation */ '');

FILE_SCHEMA (('AUTOMOTIVE_DESIGN { 1 0 10303 214 3 1 1 }'));
ENDSEC;

DATA;
#10=MECHANICAL_DESIGN_GEOMETRIC_PRESENTATION_REPRESENTATION('',(#13),#2465);
#11=SHAPE_REPRESENTATION_RELATIONSHIP('SRR','None',#2472,#12);
#12=ADVANCED_BREP_SHAPE_REPRESENTATION('',(#14),#2464);
#13=STYLED_ITEM('',(#2481),#14);
#14=MANIFOLD_SOLID_BREP('Solid1',#1482);
#15=CYLINDRICAL_SURFACE('',#1510,2.2);
#16=CYLINDRICAL_SURFACE('',#1515,2.2);
#17=CYLINDRICAL_SURFACE('',#1523,2.2);
#18=CYLINDRICAL_SURFACE('',#1528,2.2);
#19=CYLINDRICAL_SURFACE('',#1599,4.);
#20=CYLINDRICAL_SURFACE('',#1607,4.);
#21=CYLINDRICAL_SURFACE('',#1619,4.);
#22=CYLINDRICAL_SURFACE('',#1627,3.99999999999999);
#23=FACE_BOUND('',#203,.T.);
#24=FACE_BOUND('',#204,.T.);
#25=FACE_BOUND('',#210,.T.);
#26=FACE_BOUND('',#211,.T.);
#27=FACE_BOUND('',#275,.T.);
#28=FACE_BOUND('',#276,.T.);
#29=FACE_BOUND('',#277,.T.);
#30=FACE_BOUND('',#278,.T.);
#31=FACE_BOUND('',#284,.T.);
#32=FACE_BOUND('',#289,.T.);
#33=FACE_BOUND('',#292,.T.);
#34=FACE_BOUND('',#297,.T.);
#35=PLANE('',#1508);
#36=PLANE('',#1521);
#37=PLANE('',#1531);
#38=PLANE('',#1532);
#39=PLANE('',#1533);
#40=PLANE('',#1534);
#41=PLANE('',#1535);
#42=PLANE('',#1536);
#43=PLANE('',#1537);
#44=PLANE('',#1538);
#45=PLANE('',#1539);
#46=PLANE('',#1540);
#47=PLANE('',#1541);
#48=PLANE('',#1542);
#49=PLANE('',#1543);
#50=PLANE('',#1544);
#51=PLANE('',#1545);
#52=PLANE('',#1546);
#53=PLANE('',#1547);
#54=PLANE('',#1548);
#55=PLANE('',#1549);
#56=PLANE('',#1550);
#57=PLANE('',#1551);
#58=PLANE('',#1552);
#59=PLANE('',#1553);
#60=PLANE('',#1554);
#61=PLANE('',#1555);
#62=PLANE('',#1556);
#63=PLANE('',#1557);
#64=PLANE('',#1558);
#65=PLANE('',#1559);
#66=PLANE('',#1560);
#67=PLANE('',#1561);
#68=PLANE('',#1562);
#69=PLANE('',#1563);
#70=PLANE('',#1564);
#71=PLANE('',#1565);
#72=PLANE('',#1566);
#73=PLANE('',#1567);
#74=PLANE('',#1568);
#75=PLANE('',#1569);
#76=PLANE('',#1570);
#77=PLANE('',#1571);
#78=PLANE('',#1572);
#79=PLANE('',#1573);
#80=PLANE('',#1574);
#81=PLANE('',#1575);
#82=PLANE('',#1576);
#83=PLANE('',#1577);
#84=PLANE('',#1578);
#85=PLANE('',#1579);
#86=PLANE('',#1580);
#87=PLANE('',#1581);
#88=PLANE('',#1582);
#89=PLANE('',#1583);
#90=PLANE('',#1584);
#91=PLANE('',#1585);
#92=PLANE('',#1586);
#93=PLANE('',#1587);
#94=PLANE('',#1588);
#95=PLANE('',#1589);
#96=PLANE('',#1590);
#97=PLANE('',#1595);
#98=PLANE('',#1603);
#99=PLANE('',#1611);
#100=PLANE('',#1614);
#101=PLANE('',#1622);
#102=PLANE('',#1628);
#103=PLANE('',#1629);
#104=PLANE('',#1630);
#105=PLANE('',#1631);
#106=PLANE('',#1632);
#107=PLANE('',#1633);
#108=FACE_OUTER_BOUND('',#201,.T.);
#109=FACE_OUTER_BOUND('',#202,.T.);
#110=FACE_OUTER_BOUND('',#205,.T.);
#111=FACE_OUTER_BOUND('',#206,.T.);
#112=FACE_OUTER_BOUND('',#207,.T.);
#113=FACE_OUTER_BOUND('',#208,.T.);
#114=FACE_OUTER_BOUND('',#209,.T.);
#115=FACE_OUTER_BOUND('',#212,.T.);
#116=FACE_OUTER_BOUND('',#213,.T.);
#117=FACE_OUTER_BOUND('',#214,.T.);
#118=FACE_OUTER_BOUND('',#215,.T.);
#119=FACE_OUTER_BOUND('',#216,.T.);
#120=FACE_OUTER_BOUND('',#217,.T.);
#121=FACE_OUTER_BOUND('',#218,.T.);
#122=FACE_OUTER_BOUND('',#219,.T.);
#123=FACE_OUTER_BOUND('',#220,.T.);
#124=FACE_OUTER_BOUND('',#221,.T.);
#125=FACE_OUTER_BOUND('',#222,.T.);
#126=FACE_OUTER_BOUND('',#223,.T.);
#127=FACE_OUTER_BOUND('',#224,.T.);
#128=FACE_OUTER_BOUND('',#225,.T.);
#129=FACE_OUTER_BOUND('',#226,.T.);
#130=FACE_OUTER_BOUND('',#227,.T.);
#131=FACE_OUTER_BOUND('',#228,.T.);
#132=FACE_OUTER_BOUND('',#229,.T.);
#133=FACE_OUTER_BOUND('',#230,.T.);
#134=FACE_OUTER_BOUND('',#231,.T.);
#135=FACE_OUTER_BOUND('',#232,.T.);
#136=FACE_OUTER_BOUND('',#233,.T.);
#137=FACE_OUTER_BOUND('',#234,.T.);
#138=FACE_OUTER_BOUND('',#235,.T.);
#139=FACE_OUTER_BOUND('',#236,.T.);
#140=FACE_OUTER_BOUND('',#237,.T.);
#141=FACE_OUTER_BOUND('',#238,.T.);
#142=FACE_OUTER_BOUND('',#239,.T.);
#143=FACE_OUTER_BOUND('',#240,.T.);
#144=FACE_OUTER_BOUND('',#241,.T.);
#145=FACE_OUTER_BOUND('',#242,.T.);
#146=FACE_OUTER_BOUND('',#243,.T.);
#147=FACE_OUTER_BOUND('',#244,.T.);
#148=FACE_OUTER_BOUND('',#245,.T.);
#149=FACE_OUTER_BOUND('',#246,.T.);
#150=FACE_OUTER_BOUND('',#247,.T.);
#151=FACE_OUTER_BOUND('',#248,.T.);
#152=FACE_OUTER_BOUND('',#249,.T.);
#153=FACE_OUTER_BOUND('',#250,.T.);
#154=FACE_OUTER_BOUND('',#251,.T.);
#155=FACE_OUTER_BOUND('',#252,.T.);
#156=FACE_OUTER_BOUND('',#253,.T.);
#157=FACE_OUTER_BOUND('',#254,.T.);
#158=FACE_OUTER_BOUND('',#255,.T.);
#159=FACE_OUTER_BOUND('',#256,.T.);
#160=FACE_OUTER_BOUND('',#257,.T.);
#161=FACE_OUTER_BOUND('',#258,.T.);
#162=FACE_OUTER_BOUND('',#259,.T.);
#163=FACE_OUTER_BOUND('',#260,.T.);
#164=FACE_OUTER_BOUND('',#261,.T.);
#165=FACE_OUTER_BOUND('',#262,.T.);
#166=FACE_OUTER_BOUND('',#263,.T.);
#167=FACE_OUTER_BOUND('',#264,.T.);
#168=FACE_OUTER_BOUND('',#265,.T.);
#169=FACE_OUTER_BOUND('',#266,.T.);
#170=FACE_OUTER_BOUND('',#267,.T.);
#171=FACE_OUTER_BOUND('',#268,.T.);
#172=FACE_OUTER_BOUND('',#269,.T.);
#173=FACE_OUTER_BOUND('',#270,.T.);
#174=FACE_OUTER_BOUND('',#271,.T.);
#175=FACE_OUTER_BOUND('',#272,.T.);
#176=FACE_OUTER_BOUND('',#273,.T.);
#177=FACE_OUTER_BOUND('',#274,.T.);
#178=FACE_OUTER_BOUND('',#279,.T.);
#179=FACE_OUTER_BOUND('',#280,.T.);
#180=FACE_OUTER_BOUND('',#281,.T.);
#181=FACE_OUTER_BOUND('',#282,.T.);
#182=FACE_OUTER_BOUND('',#283,.T.);
#183=FACE_OUTER_BOUND('',#285,.T.);
#184=FACE_OUTER_BOUND('',#286,.T.);
#185=FACE_OUTER_BOUND('',#287,.T.);
#186=FACE_OUTER_BOUND('',#288,.T.);
#187=FACE_OUTER_BOUND('',#290,.T.);
#188=FACE_OUTER_BOUND('',#291,.T.);
#189=FACE_OUTER_BOUND('',#293,.T.);
#190=FACE_OUTER_BOUND('',#294,.T.);
#191=FACE_OUTER_BOUND('',#295,.T.);
#192=FACE_OUTER_BOUND('',#296,.T.);
#193=FACE_OUTER_BOUND('',#298,.T.);
#194=FACE_OUTER_BOUND('',#299,.T.);
#195=FACE_OUTER_BOUND('',#300,.T.);
#196=FACE_OUTER_BOUND('',#301,.T.);
#197=FACE_OUTER_BOUND('',#302,.T.);
#198=FACE_OUTER_BOUND('',#303,.T.);
#199=FACE_OUTER_BOUND('',#304,.T.);
#200=FACE_OUTER_BOUND('',#305,.T.);
#201=EDGE_LOOP('',(#979,#980,#981,#982));
#202=EDGE_LOOP('',(#983,#984,#985,#986));
#203=EDGE_LOOP('',(#987));
#204=EDGE_LOOP('',(#988));
#205=EDGE_LOOP('',(#989,#990,#991,#992,#993));
#206=EDGE_LOOP('',(#994,#995,#996,#997));
#207=EDGE_LOOP('',(#998,#999,#1000,#1001,#1002));
#208=EDGE_LOOP('',(#1003,#1004,#1005,#1006));
#209=EDGE_LOOP('',(#1007,#1008,#1009,#1010));
#210=EDGE_LOOP('',(#1011));
#211=EDGE_LOOP('',(#1012));
#212=EDGE_LOOP('',(#1013,#1014,#1015,#1016,#1017));
#213=EDGE_LOOP('',(#1018,#1019,#1020,#1021));
#214=EDGE_LOOP('',(#1022,#1023,#1024,#1025,#1026));
#215=EDGE_LOOP('',(#1027,#1028,#1029));
#216=EDGE_LOOP('',(#1030,#1031,#1032,#1033));
#217=EDGE_LOOP('',(#1034,#1035,#1036,#1037));
#218=EDGE_LOOP('',(#1038,#1039,#1040,#1041));
#219=EDGE_LOOP('',(#1042,#1043,#1044));
#220=EDGE_LOOP('',(#1045,#1046,#1047,#1048));
#221=EDGE_LOOP('',(#1049,#1050,#1051,#1052));
#222=EDGE_LOOP('',(#1053,#1054,#1055,#1056));
#223=EDGE_LOOP('',(#1057,#1058,#1059));
#224=EDGE_LOOP('',(#1060,#1061,#1062,#1063));
#225=EDGE_LOOP('',(#1064,#1065,#1066));
#226=EDGE_LOOP('',(#1067,#1068,#1069,#1070));
#227=EDGE_LOOP('',(#1071,#1072,#1073,#1074));
#228=EDGE_LOOP('',(#1075,#1076,#1077));
#229=EDGE_LOOP('',(#1078,#1079,#1080,#1081));
#230=EDGE_LOOP('',(#1082,#1083,#1084,#1085));
#231=EDGE_LOOP('',(#1086,#1087,#1088));
#232=EDGE_LOOP('',(#1089,#1090,#1091,#1092));
#233=EDGE_LOOP('',(#1093,#1094,#1095));
#234=EDGE_LOOP('',(#1096,#1097,#1098,#1099));
#235=EDGE_LOOP('',(#1100,#1101,#1102,#1103));
#236=EDGE_LOOP('',(#1104,#1105,#1106));
#237=EDGE_LOOP('',(#1107,#1108,#1109));
#238=EDGE_LOOP('',(#1110,#1111,#1112,#1113));
#239=EDGE_LOOP('',(#1114,#1115,#1116,#1117));
#240=EDGE_LOOP('',(#1118,#1119,#1120));
#241=EDGE_LOOP('',(#1121,#1122,#1123));
#242=EDGE_LOOP('',(#1124,#1125,#1126));
#243=EDGE_LOOP('',(#1127,#1128,#1129));
#244=EDGE_LOOP('',(#1130,#1131,#1132,#1133));
#245=EDGE_LOOP('',(#1134,#1135,#1136,#1137));
#246=EDGE_LOOP('',(#1138,#1139,#1140));
#247=EDGE_LOOP('',(#1141,#1142,#1143,#1144));
#248=EDGE_LOOP('',(#1145,#1146,#1147,#1148));
#249=EDGE_LOOP('',(#1149,#1150,#1151,#1152));
#250=EDGE_LOOP('',(#1153,#1154,#1155,#1156));
#251=EDGE_LOOP('',(#1157,#1158,#1159,#1160));
#252=EDGE_LOOP('',(#1161,#1162,#1163,#1164));
#253=EDGE_LOOP('',(#1165,#1166,#1167,#1168));
#254=EDGE_LOOP('',(#1169,#1170,#1171,#1172));
#255=EDGE_LOOP('',(#1173,#1174,#1175,#1176));
#256=EDGE_LOOP('',(#1177,#1178,#1179,#1180));
#257=EDGE_LOOP('',(#1181,#1182,#1183,#1184));
#258=EDGE_LOOP('',(#1185,#1186,#1187,#1188));
#259=EDGE_LOOP('',(#1189,#1190,#1191,#1192));
#260=EDGE_LOOP('',(#1193,#1194,#1195,#1196));
#261=EDGE_LOOP('',(#1197,#1198,#1199,#1200));
#262=EDGE_LOOP('',(#1201,#1202,#1203,#1204));
#263=EDGE_LOOP('',(#1205,#1206,#1207,#1208));
#264=EDGE_LOOP('',(#1209,#1210,#1211,#1212));
#265=EDGE_LOOP('',(#1213,#1214,#1215,#1216));
#266=EDGE_LOOP('',(#1217,#1218,#1219,#1220));
#267=EDGE_LOOP('',(#1221,#1222,#1223,#1224));
#268=EDGE_LOOP('',(#1225,#1226,#1227,#1228,#1229,#1230,#1231,#1232));
#269=EDGE_LOOP('',(#1233,#1234,#1235,#1236));
#270=EDGE_LOOP('',(#1237,#1238,#1239,#1240,#1241,#1242,#1243,#1244));
#271=EDGE_LOOP('',(#1245,#1246,#1247,#1248));
#272=EDGE_LOOP('',(#1249,#1250,#1251,#1252,#1253,#1254,#1255,#1256));
#273=EDGE_LOOP('',(#1257,#1258,#1259,#1260,#1261,#1262,#1263,#1264));
#274=EDGE_LOOP('',(#1265,#1266,#1267,#1268));
#275=EDGE_LOOP('',(#1269));
#276=EDGE_LOOP('',(#1270));
#277=EDGE_LOOP('',(#1271));
#278=EDGE_LOOP('',(#1272));
#279=EDGE_LOOP('',(#1273,#1274,#1275,#1276));
#280=EDGE_LOOP('',(#1277,#1278,#1279,#1280,#1281));
#281=EDGE_LOOP('',(#1282,#1283,#1284,#1285,#1286));
#282=EDGE_LOOP('',(#1287,#1288,#1289,#1290,#1291));
#283=EDGE_LOOP('',(#1292));
#284=EDGE_LOOP('',(#1293));
#285=EDGE_LOOP('',(#1294,#1295,#1296,#1297,#1298));
#286=EDGE_LOOP('',(#1299,#1300,#1301,#1302,#1303));
#287=EDGE_LOOP('',(#1304,#1305,#1306,#1307,#1308));
#288=EDGE_LOOP('',(#1309));
#289=EDGE_LOOP('',(#1310));
#290=EDGE_LOOP('',(#1311,#1312,#1313,#1314,#1315));
#291=EDGE_LOOP('',(#1316));
#292=EDGE_LOOP('',(#1317));
#293=EDGE_LOOP('',(#1318,#1319,#1320,#1321,#1322));
#294=EDGE_LOOP('',(#1323,#1324,#1325,#1326,#1327));
#295=EDGE_LOOP('',(#1328,#1329,#1330,#1331,#1332));
#296=EDGE_LOOP('',(#1333));
#297=EDGE_LOOP('',(#1334));
#298=EDGE_LOOP('',(#1335,#1336,#1337,#1338,#1339));
#299=EDGE_LOOP('',(#1340,#1341,#1342,#1343,#1344));
#300=EDGE_LOOP('',(#1345,#1346,#1347,#1348));
#301=EDGE_LOOP('',(#1349,#1350,#1351,#1352));
#302=EDGE_LOOP('',(#1353,#1354,#1355,#1356));
#303=EDGE_LOOP('',(#1357,#1358,#1359,#1360));
#304=EDGE_LOOP('',(#1361,#1362,#1363,#1364,#1365,#1366,#1367,#1368));
#305=EDGE_LOOP('',(#1369,#1370,#1371,#1372,#1373,#1374,#1375,#1376));
#306=LINE('',#2062,#469);
#307=LINE('',#2067,#470);
#308=LINE('',#2069,#471);
#309=LINE('',#2071,#472);
#310=LINE('',#2072,#473);
#311=LINE('',#2080,#474);
#312=LINE('',#2083,#475);
#313=LINE('',#2090,#476);
#314=LINE('',#2095,#477);
#315=LINE('',#2100,#478);
#316=LINE('',#2102,#479);
#317=LINE('',#2104,#480);
#318=LINE('',#2105,#481);
#319=LINE('',#2113,#482);
#320=LINE('',#2116,#483);
#321=LINE('',#2123,#484);
#322=LINE('',#2127,#485);
#323=LINE('',#2129,#486);
#324=LINE('',#2130,#487);
#325=LINE('',#2134,#488);
#326=LINE('',#2136,#489);
#327=LINE('',#2138,#490);
#328=LINE('',#2139,#491);
#329=LINE('',#2143,#492);
#330=LINE('',#2144,#493);
#331=LINE('',#2145,#494);
#332=LINE('',#2148,#495);
#333=LINE('',#2150,#496);
#334=LINE('',#2151,#497);
#335=LINE('',#2155,#498);
#336=LINE('',#2157,#499);
#337=LINE('',#2158,#500);
#338=LINE('',#2160,#501);
#339=LINE('',#2161,#502);
#340=LINE('',#2164,#503);
#341=LINE('',#2166,#504);
#342=LINE('',#2167,#505);
#343=LINE('',#2170,#506);
#344=LINE('',#2172,#507);
#345=LINE('',#2173,#508);
#346=LINE('',#2177,#509);
#347=LINE('',#2179,#510);
#348=LINE('',#2180,#511);
#349=LINE('',#2182,#512);
#350=LINE('',#2183,#513);
#351=LINE('',#2187,#514);
#352=LINE('',#2189,#515);
#353=LINE('',#2190,#516);
#354=LINE('',#2193,#517);
#355=LINE('',#2195,#518);
#356=LINE('',#2196,#519);
#357=LINE('',#2200,#520);
#358=LINE('',#2201,#521);
#359=LINE('',#2202,#522);
#360=LINE('',#2206,#523);
#361=LINE('',#2208,#524);
#362=LINE('',#2209,#525);
#363=LINE('',#2211,#526);
#364=LINE('',#2212,#527);
#365=LINE('',#2214,#528);
#366=LINE('',#2215,#529);
#367=LINE('',#2219,#530);
#368=LINE('',#2221,#531);
#369=LINE('',#2222,#532);
#370=LINE('',#2224,#533);
#371=LINE('',#2225,#534);
#372=LINE('',#2229,#535);
#373=LINE('',#2231,#536);
#374=LINE('',#2232,#537);
#375=LINE('',#2235,#538);
#376=LINE('',#2237,#539);
#377=LINE('',#2238,#540);
#378=LINE('',#2240,#541);
#379=LINE('',#2241,#542);
#380=LINE('',#2245,#543);
#381=LINE('',#2247,#544);
#382=LINE('',#2248,#545);
#383=LINE('',#2252,#546);
#384=LINE('',#2254,#547);
#385=LINE('',#2255,#548);
#386=LINE('',#2257,#549);
#387=LINE('',#2258,#550);
#388=LINE('',#2260,#551);
#389=LINE('',#2261,#552);
#390=LINE('',#2265,#553);
#391=LINE('',#2267,#554);
#392=LINE('',#2268,#555);
#393=LINE('',#2272,#556);
#394=LINE('',#2274,#557);
#395=LINE('',#2275,#558);
#396=LINE('',#2279,#559);
#397=LINE('',#2281,#560);
#398=LINE('',#2282,#561);
#399=LINE('',#2286,#562);
#400=LINE('',#2288,#563);
#401=LINE('',#2289,#564);
#402=LINE('',#2291,#565);
#403=LINE('',#2292,#566);
#404=LINE('',#2294,#567);
#405=LINE('',#2295,#568);
#406=LINE('',#2299,#569);
#407=LINE('',#2301,#570);
#408=LINE('',#2302,#571);
#409=LINE('',#2304,#572);
#410=LINE('',#2305,#573);
#411=LINE('',#2307,#574);
#412=LINE('',#2308,#575);
#413=LINE('',#2311,#576);
#414=LINE('',#2313,#577);
#415=LINE('',#2314,#578);
#416=LINE('',#2317,#579);
#417=LINE('',#2319,#580);
#418=LINE('',#2320,#581);
#419=LINE('',#2322,#582);
#420=LINE('',#2323,#583);
#421=LINE('',#2325,#584);
#422=LINE('',#2326,#585);
#423=LINE('',#2328,#586);
#424=LINE('',#2329,#587);
#425=LINE('',#2331,#588);
#426=LINE('',#2332,#589);
#427=LINE('',#2334,#590);
#428=LINE('',#2335,#591);
#429=LINE('',#2337,#592);
#430=LINE('',#2338,#593);
#431=LINE('',#2340,#594);
#432=LINE('',#2341,#595);
#433=LINE('',#2343,#596);
#434=LINE('',#2344,#597);
#435=LINE('',#2346,#598);
#436=LINE('',#2347,#599);
#437=LINE('',#2349,#600);
#438=LINE('',#2350,#601);
#439=LINE('',#2353,#602);
#440=LINE('',#2355,#603);
#441=LINE('',#2356,#604);
#442=LINE('',#2359,#605);
#443=LINE('',#2361,#606);
#444=LINE('',#2362,#607);
#445=LINE('',#2364,#608);
#446=LINE('',#2365,#609);
#447=LINE('',#2367,#610);
#448=LINE('',#2368,#611);
#449=LINE('',#2370,#612);
#450=LINE('',#2371,#613);
#451=LINE('',#2373,#614);
#452=LINE('',#2376,#615);
#453=LINE('',#2378,#616);
#454=LINE('',#2380,#617);
#455=LINE('',#2396,#618);
#456=LINE('',#2402,#619);
#457=LINE('',#2406,#620);
#458=LINE('',#2411,#621);
#459=LINE('',#2417,#622);
#460=LINE('',#2421,#623);
#461=LINE('',#2426,#624);
#462=LINE('',#2433,#625);
#463=LINE('',#2438,#626);
#464=LINE('',#2441,#627);
#465=LINE('',#2448,#628);
#466=LINE('',#2453,#629);
#467=LINE('',#2455,#630);
#468=LINE('',#2458,#631);
#469=VECTOR('',#1640,2.35);
#470=VECTOR('',#1645,10.);
#471=VECTOR('',#1646,10.);
#472=VECTOR('',#1647,10.);
#473=VECTOR('',#1648,10.);
#474=VECTOR('',#1657,2.2);
#475=VECTOR('',#1660,2.35);
#476=VECTOR('',#1669,2.2);
#477=VECTOR('',#1674,2.35);
#478=VECTOR('',#1679,10.);
#479=VECTOR('',#1680,10.);
#480=VECTOR('',#1681,10.);
#481=VECTOR('',#1682,10.);
#482=VECTOR('',#1691,2.2);
#483=VECTOR('',#1694,2.35);
#484=VECTOR('',#1703,2.2);
#485=VECTOR('',#1706,10.);
#486=VECTOR('',#1707,10.);
#487=VECTOR('',#1708,10.);
#488=VECTOR('',#1711,10.);
#489=VECTOR('',#1712,10.);
#490=VECTOR('',#1713,10.);
#491=VECTOR('',#1714,10.);
#492=VECTOR('',#1717,10.);
#493=VECTOR('',#1718,10.);
#494=VECTOR('',#1719,10.);
#495=VECTOR('',#1722,10.);
#496=VECTOR('',#1723,10.);
#497=VECTOR('',#1724,10.);
#498=VECTOR('',#1727,10.);
#499=VECTOR('',#1728,10.);
#500=VECTOR('',#1729,10.);
#501=VECTOR('',#1732,10.);
#502=VECTOR('',#1733,10.);
#503=VECTOR('',#1736,10.);
#504=VECTOR('',#1737,10.);
#505=VECTOR('',#1738,10.);
#506=VECTOR('',#1741,10.);
#507=VECTOR('',#1742,10.);
#508=VECTOR('',#1743,10.);
#509=VECTOR('',#1746,10.);
#510=VECTOR('',#1747,10.);
#511=VECTOR('',#1748,10.);
#512=VECTOR('',#1751,10.);
#513=VECTOR('',#1752,10.);
#514=VECTOR('',#1755,10.);
#515=VECTOR('',#1756,10.);
#516=VECTOR('',#1757,10.);
#517=VECTOR('',#1760,10.);
#518=VECTOR('',#1761,10.);
#519=VECTOR('',#1762,10.);
#520=VECTOR('',#1765,10.);
#521=VECTOR('',#1766,10.);
#522=VECTOR('',#1767,10.);
#523=VECTOR('',#1770,10.);
#524=VECTOR('',#1771,10.);
#525=VECTOR('',#1772,10.);
#526=VECTOR('',#1775,10.);
#527=VECTOR('',#1776,10.);
#528=VECTOR('',#1779,10.);
#529=VECTOR('',#1780,10.);
#530=VECTOR('',#1783,10.);
#531=VECTOR('',#1784,10.);
#532=VECTOR('',#1785,10.);
#533=VECTOR('',#1788,10.);
#534=VECTOR('',#1789,10.);
#535=VECTOR('',#1792,10.);
#536=VECTOR('',#1793,10.);
#537=VECTOR('',#1794,10.);
#538=VECTOR('',#1797,10.);
#539=VECTOR('',#1798,10.);
#540=VECTOR('',#1799,10.);
#541=VECTOR('',#1802,10.);
#542=VECTOR('',#1803,10.);
#543=VECTOR('',#1806,10.);
#544=VECTOR('',#1807,10.);
#545=VECTOR('',#1808,10.);
#546=VECTOR('',#1811,10.);
#547=VECTOR('',#1812,10.);
#548=VECTOR('',#1813,10.);
#549=VECTOR('',#1816,10.);
#550=VECTOR('',#1817,10.);
#551=VECTOR('',#1820,10.);
#552=VECTOR('',#1821,10.);
#553=VECTOR('',#1824,10.);
#554=VECTOR('',#1825,10.);
#555=VECTOR('',#1826,10.);
#556=VECTOR('',#1829,10.);
#557=VECTOR('',#1830,10.);
#558=VECTOR('',#1831,10.);
#559=VECTOR('',#1834,10.);
#560=VECTOR('',#1835,10.);
#561=VECTOR('',#1836,10.);
#562=VECTOR('',#1839,10.);
#563=VECTOR('',#1840,10.);
#564=VECTOR('',#1841,10.);
#565=VECTOR('',#1844,10.);
#566=VECTOR('',#1845,10.);
#567=VECTOR('',#1848,10.);
#568=VECTOR('',#1849,10.);
#569=VECTOR('',#1852,10.);
#570=VECTOR('',#1853,10.);
#571=VECTOR('',#1854,10.);
#572=VECTOR('',#1857,10.);
#573=VECTOR('',#1858,10.);
#574=VECTOR('',#1861,10.);
#575=VECTOR('',#1862,10.);
#576=VECTOR('',#1865,10.);
#577=VECTOR('',#1866,10.);
#578=VECTOR('',#1867,10.);
#579=VECTOR('',#1870,10.);
#580=VECTOR('',#1871,10.);
#581=VECTOR('',#1872,10.);
#582=VECTOR('',#1875,10.);
#583=VECTOR('',#1876,10.);
#584=VECTOR('',#1879,10.);
#585=VECTOR('',#1880,10.);
#586=VECTOR('',#1883,10.);
#587=VECTOR('',#1884,10.);
#588=VECTOR('',#1887,10.);
#589=VECTOR('',#1888,10.);
#590=VECTOR('',#1891,10.);
#591=VECTOR('',#1892,10.);
#592=VECTOR('',#1895,10.);
#593=VECTOR('',#1896,10.);
#594=VECTOR('',#1899,10.);
#595=VECTOR('',#1900,10.);
#596=VECTOR('',#1903,10.);
#597=VECTOR('',#1904,10.);
#598=VECTOR('',#1907,10.);
#599=VECTOR('',#1908,10.);
#600=VECTOR('',#1911,10.);
#601=VECTOR('',#1912,10.);
#602=VECTOR('',#1915,10.);
#603=VECTOR('',#1916,10.);
#604=VECTOR('',#1917,10.);
#605=VECTOR('',#1920,10.);
#606=VECTOR('',#1921,10.);
#607=VECTOR('',#1922,10.);
#608=VECTOR('',#1925,10.);
#609=VECTOR('',#1926,10.);
#610=VECTOR('',#1929,10.);
#611=VECTOR('',#1930,10.);
#612=VECTOR('',#1933,10.);
#613=VECTOR('',#1934,10.);
#614=VECTOR('',#1937,10.);
#615=VECTOR('',#1942,10.);
#616=VECTOR('',#1945,10.);
#617=VECTOR('',#1948,10.);
#618=VECTOR('',#1969,4.15);
#619=VECTOR('',#1976,4.);
#620=VECTOR('',#1981,2.35);
#621=VECTOR('',#1988,4.15);
#622=VECTOR('',#1995,4.);
#623=VECTOR('',#2000,2.35);
#624=VECTOR('',#2007,2.35);
#625=VECTOR('',#2016,4.15);
#626=VECTOR('',#2023,4.);
#627=VECTOR('',#2026,2.35);
#628=VECTOR('',#2035,4.14999999999999);
#629=VECTOR('',#2042,3.99999999999999);
#630=VECTOR('',#2045,10.);
#631=VECTOR('',#2050,10.);
#632=CIRCLE('',#1506,2.5);
#633=CIRCLE('',#1507,2.2);
#634=CIRCLE('',#1509,2.5);
#635=CIRCLE('',#1511,2.2);
#636=CIRCLE('',#1512,2.2);
#637=CIRCLE('',#1514,2.2);
#638=CIRCLE('',#1516,2.2);
#639=CIRCLE('',#1517,2.2);
#640=CIRCLE('',#1519,2.49999999999999);
#641=CIRCLE('',#1520,2.2);
#642=CIRCLE('',#1522,2.49999999999999);
#643=CIRCLE('',#1524,2.2);
#644=CIRCLE('',#1525,2.2);
#645=CIRCLE('',#1527,2.2);
#646=CIRCLE('',#1529,2.2);
#647=CIRCLE('',#1530,2.2);
#648=CIRCLE('',#1591,4.3);
#649=CIRCLE('',#1592,4.3);
#650=CIRCLE('',#1593,4.29999999999999);
#651=CIRCLE('',#1594,4.3);
#652=CIRCLE('',#1597,4.);
#653=CIRCLE('',#1598,4.);
#654=CIRCLE('',#1600,4.);
#655=CIRCLE('',#1602,2.5);
#656=CIRCLE('',#1605,4.);
#657=CIRCLE('',#1606,4.);
#658=CIRCLE('',#1608,4.);
#659=CIRCLE('',#1610,2.5);
#660=CIRCLE('',#1613,2.49999999999999);
#661=CIRCLE('',#1615,4.);
#662=CIRCLE('',#1617,4.);
#663=CIRCLE('',#1618,4.);
#664=CIRCLE('',#1621,2.49999999999999);
#665=CIRCLE('',#1623,3.99999999999999);
#666=CIRCLE('',#1625,3.99999999999999);
#667=CIRCLE('',#1626,3.99999999999999);
#668=VERTEX_POINT('',#2059);
#669=VERTEX_POINT('',#2061);
#670=VERTEX_POINT('',#2065);
#671=VERTEX_POINT('',#2066);
#672=VERTEX_POINT('',#2068);
#673=VERTEX_POINT('',#2070);
#674=VERTEX_POINT('',#2073);
#675=VERTEX_POINT('',#2076);
#676=VERTEX_POINT('',#2077);
#677=VERTEX_POINT('',#2082);
#678=VERTEX_POINT('',#2086);
#679=VERTEX_POINT('',#2087);
#680=VERTEX_POINT('',#2092);
#681=VERTEX_POINT('',#2094);
#682=VERTEX_POINT('',#2098);
#683=VERTEX_POINT('',#2099);
#684=VERTEX_POINT('',#2101);
#685=VERTEX_POINT('',#2103);
#686=VERTEX_POINT('',#2106);
#687=VERTEX_POINT('',#2109);
#688=VERTEX_POINT('',#2110);
#689=VERTEX_POINT('',#2115);
#690=VERTEX_POINT('',#2119);
#691=VERTEX_POINT('',#2120);
#692=VERTEX_POINT('',#2125);
#693=VERTEX_POINT('',#2126);
#694=VERTEX_POINT('',#2128);
#695=VERTEX_POINT('',#2132);
#696=VERTEX_POINT('',#2133);
#697=VERTEX_POINT('',#2135);
#698=VERTEX_POINT('',#2137);
#699=VERTEX_POINT('',#2141);
#700=VERTEX_POINT('',#2142);
#701=VERTEX_POINT('',#2147);
#702=VERTEX_POINT('',#2149);
#703=VERTEX_POINT('',#2153);
#704=VERTEX_POINT('',#2154);
#705=VERTEX_POINT('',#2156);
#706=VERTEX_POINT('',#2163);
#707=VERTEX_POINT('',#2165);
#708=VERTEX_POINT('',#2169);
#709=VERTEX_POINT('',#2171);
#710=VERTEX_POINT('',#2175);
#711=VERTEX_POINT('',#2176);
#712=VERTEX_POINT('',#2178);
#713=VERTEX_POINT('',#2185);
#714=VERTEX_POINT('',#2186);
#715=VERTEX_POINT('',#2188);
#716=VERTEX_POINT('',#2192);
#717=VERTEX_POINT('',#2194);
#718=VERTEX_POINT('',#2198);
#719=VERTEX_POINT('',#2199);
#720=VERTEX_POINT('',#2204);
#721=VERTEX_POINT('',#2205);
#722=VERTEX_POINT('',#2207);
#723=VERTEX_POINT('',#2217);
#724=VERTEX_POINT('',#2218);
#725=VERTEX_POINT('',#2220);
#726=VERTEX_POINT('',#2227);
#727=VERTEX_POINT('',#2228);
#728=VERTEX_POINT('',#2230);
#729=VERTEX_POINT('',#2234);
#730=VERTEX_POINT('',#2236);
#731=VERTEX_POINT('',#2243);
#732=VERTEX_POINT('',#2244);
#733=VERTEX_POINT('',#2246);
#734=VERTEX_POINT('',#2250);
#735=VERTEX_POINT('',#2251);
#736=VERTEX_POINT('',#2253);
#737=VERTEX_POINT('',#2263);
#738=VERTEX_POINT('',#2264);
#739=VERTEX_POINT('',#2266);
#740=VERTEX_POINT('',#2270);
#741=VERTEX_POINT('',#2271);
#742=VERTEX_POINT('',#2273);
#743=VERTEX_POINT('',#2277);
#744=VERTEX_POINT('',#2278);
#745=VERTEX_POINT('',#2280);
#746=VERTEX_POINT('',#2284);
#747=VERTEX_POINT('',#2285);
#748=VERTEX_POINT('',#2287);
#749=VERTEX_POINT('',#2297);
#750=VERTEX_POINT('',#2298);
#751=VERTEX_POINT('',#2300);
#752=VERTEX_POINT('',#2310);
#753=VERTEX_POINT('',#2312);
#754=VERTEX_POINT('',#2316);
#755=VERTEX_POINT('',#2318);
#756=VERTEX_POINT('',#2352);
#757=VERTEX_POINT('',#2354);
#758=VERTEX_POINT('',#2358);
#759=VERTEX_POINT('',#2360);
#760=VERTEX_POINT('',#2385);
#761=VERTEX_POINT('',#2387);
#762=VERTEX_POINT('',#2389);
#763=VERTEX_POINT('',#2391);
#764=VERTEX_POINT('',#2395);
#765=VERTEX_POINT('',#2397);
#766=VERTEX_POINT('',#2401);
#767=VERTEX_POINT('',#2405);
#768=VERTEX_POINT('',#2410);
#769=VERTEX_POINT('',#2412);
#770=VERTEX_POINT('',#2416);
#771=VERTEX_POINT('',#2420);
#772=VERTEX_POINT('',#2425);
#773=VERTEX_POINT('',#2429);
#774=VERTEX_POINT('',#2432);
#775=VERTEX_POINT('',#2434);
#776=VERTEX_POINT('',#2440);
#777=VERTEX_POINT('',#2444);
#778=VERTEX_POINT('',#2447);
#779=VERTEX_POINT('',#2449);
#780=EDGE_CURVE('',#668,#668,#632,.T.);
#781=EDGE_CURVE('',#668,#669,#306,.T.);
#782=EDGE_CURVE('',#669,#669,#633,.T.);
#783=EDGE_CURVE('',#670,#671,#307,.T.);
#784=EDGE_CURVE('',#670,#672,#308,.T.);
#785=EDGE_CURVE('',#673,#672,#309,.T.);
#786=EDGE_CURVE('',#673,#671,#310,.T.);
#787=EDGE_CURVE('',#674,#674,#634,.T.);
#788=EDGE_CURVE('',#675,#676,#635,.T.);
#789=EDGE_CURVE('',#676,#675,#636,.T.);
#790=EDGE_CURVE('',#676,#669,#311,.T.);
#791=EDGE_CURVE('',#674,#677,#312,.T.);
#792=EDGE_CURVE('',#677,#677,#637,.T.);
#793=EDGE_CURVE('',#678,#679,#638,.T.);
#794=EDGE_CURVE('',#679,#678,#639,.T.);
#795=EDGE_CURVE('',#679,#677,#313,.T.);
#796=EDGE_CURVE('',#680,#680,#640,.T.);
#797=EDGE_CURVE('',#680,#681,#314,.T.);
#798=EDGE_CURVE('',#681,#681,#641,.T.);
#799=EDGE_CURVE('',#682,#683,#315,.T.);
#800=EDGE_CURVE('',#682,#684,#316,.T.);
#801=EDGE_CURVE('',#684,#685,#317,.T.);
#802=EDGE_CURVE('',#685,#683,#318,.T.);
#803=EDGE_CURVE('',#686,#686,#642,.T.);
#804=EDGE_CURVE('',#687,#688,#643,.T.);
#805=EDGE_CURVE('',#688,#687,#644,.T.);
#806=EDGE_CURVE('',#688,#681,#319,.T.);
#807=EDGE_CURVE('',#686,#689,#320,.T.);
#808=EDGE_CURVE('',#689,#689,#645,.T.);
#809=EDGE_CURVE('',#690,#691,#646,.T.);
#810=EDGE_CURVE('',#691,#690,#647,.T.);
#811=EDGE_CURVE('',#691,#689,#321,.T.);
#812=EDGE_CURVE('',#692,#693,#322,.T.);
#813=EDGE_CURVE('',#694,#692,#323,.T.);
#814=EDGE_CURVE('',#693,#694,#324,.T.);
#815=EDGE_CURVE('',#695,#696,#325,.T.);
#816=EDGE_CURVE('',#696,#697,#326,.T.);
#817=EDGE_CURVE('',#697,#698,#327,.T.);
#818=EDGE_CURVE('',#698,#695,#328,.T.);
#819=EDGE_CURVE('',#699,#700,#329,.T.);
#820=EDGE_CURVE('',#700,#682,#330,.T.);
#821=EDGE_CURVE('',#683,#699,#331,.T.);
#822=EDGE_CURVE('',#696,#701,#332,.T.);
#823=EDGE_CURVE('',#701,#702,#333,.T.);
#824=EDGE_CURVE('',#702,#697,#334,.T.);
#825=EDGE_CURVE('',#703,#704,#335,.T.);
#826=EDGE_CURVE('',#705,#703,#336,.T.);
#827=EDGE_CURVE('',#704,#705,#337,.T.);
#828=EDGE_CURVE('',#700,#705,#338,.T.);
#829=EDGE_CURVE('',#703,#682,#339,.T.);
#830=EDGE_CURVE('',#701,#706,#340,.T.);
#831=EDGE_CURVE('',#706,#707,#341,.T.);
#832=EDGE_CURVE('',#707,#702,#342,.T.);
#833=EDGE_CURVE('',#671,#708,#343,.T.);
#834=EDGE_CURVE('',#708,#709,#344,.T.);
#835=EDGE_CURVE('',#709,#670,#345,.T.);
#836=EDGE_CURVE('',#710,#711,#346,.T.);
#837=EDGE_CURVE('',#712,#710,#347,.T.);
#838=EDGE_CURVE('',#711,#712,#348,.T.);
#839=EDGE_CURVE('',#671,#712,#349,.T.);
#840=EDGE_CURVE('',#710,#708,#350,.T.);
#841=EDGE_CURVE('',#713,#714,#351,.T.);
#842=EDGE_CURVE('',#715,#713,#352,.T.);
#843=EDGE_CURVE('',#714,#715,#353,.T.);
#844=EDGE_CURVE('',#716,#715,#354,.T.);
#845=EDGE_CURVE('',#713,#717,#355,.T.);
#846=EDGE_CURVE('',#716,#717,#356,.T.);
#847=EDGE_CURVE('',#718,#719,#357,.T.);
#848=EDGE_CURVE('',#719,#673,#358,.T.);
#849=EDGE_CURVE('',#718,#672,#359,.T.);
#850=EDGE_CURVE('',#720,#721,#360,.T.);
#851=EDGE_CURVE('',#722,#720,#361,.T.);
#852=EDGE_CURVE('',#721,#722,#362,.T.);
#853=EDGE_CURVE('',#709,#722,#363,.T.);
#854=EDGE_CURVE('',#720,#670,#364,.T.);
#855=EDGE_CURVE('',#706,#721,#365,.T.);
#856=EDGE_CURVE('',#722,#707,#366,.T.);
#857=EDGE_CURVE('',#723,#724,#367,.T.);
#858=EDGE_CURVE('',#725,#723,#368,.T.);
#859=EDGE_CURVE('',#724,#725,#369,.T.);
#860=EDGE_CURVE('',#719,#725,#370,.T.);
#861=EDGE_CURVE('',#723,#673,#371,.T.);
#862=EDGE_CURVE('',#726,#727,#372,.T.);
#863=EDGE_CURVE('',#728,#726,#373,.T.);
#864=EDGE_CURVE('',#727,#728,#374,.T.);
#865=EDGE_CURVE('',#729,#728,#375,.T.);
#866=EDGE_CURVE('',#726,#730,#376,.T.);
#867=EDGE_CURVE('',#730,#729,#377,.T.);
#868=EDGE_CURVE('',#711,#727,#378,.T.);
#869=EDGE_CURVE('',#728,#710,#379,.T.);
#870=EDGE_CURVE('',#731,#732,#380,.T.);
#871=EDGE_CURVE('',#733,#731,#381,.T.);
#872=EDGE_CURVE('',#732,#733,#382,.T.);
#873=EDGE_CURVE('',#734,#735,#383,.T.);
#874=EDGE_CURVE('',#736,#734,#384,.T.);
#875=EDGE_CURVE('',#735,#736,#385,.T.);
#876=EDGE_CURVE('',#672,#736,#386,.T.);
#877=EDGE_CURVE('',#734,#718,#387,.T.);
#878=EDGE_CURVE('',#721,#735,#388,.T.);
#879=EDGE_CURVE('',#736,#720,#389,.T.);
#880=EDGE_CURVE('',#737,#738,#390,.T.);
#881=EDGE_CURVE('',#739,#737,#391,.T.);
#882=EDGE_CURVE('',#738,#739,#392,.T.);
#883=EDGE_CURVE('',#740,#741,#393,.T.);
#884=EDGE_CURVE('',#742,#740,#394,.T.);
#885=EDGE_CURVE('',#741,#742,#395,.T.);
#886=EDGE_CURVE('',#743,#744,#396,.T.);
#887=EDGE_CURVE('',#745,#743,#397,.T.);
#888=EDGE_CURVE('',#744,#745,#398,.T.);
#889=EDGE_CURVE('',#746,#747,#399,.T.);
#890=EDGE_CURVE('',#748,#746,#400,.T.);
#891=EDGE_CURVE('',#747,#748,#401,.T.);
#892=EDGE_CURVE('',#740,#748,#402,.T.);
#893=EDGE_CURVE('',#746,#742,#403,.T.);
#894=EDGE_CURVE('',#737,#747,#404,.T.);
#895=EDGE_CURVE('',#748,#739,#405,.T.);
#896=EDGE_CURVE('',#749,#750,#406,.T.);
#897=EDGE_CURVE('',#751,#749,#407,.T.);
#898=EDGE_CURVE('',#750,#751,#408,.T.);
#899=EDGE_CURVE('',#743,#751,#409,.T.);
#900=EDGE_CURVE('',#749,#745,#410,.T.);
#901=EDGE_CURVE('',#747,#750,#411,.T.);
#902=EDGE_CURVE('',#751,#746,#412,.T.);
#903=EDGE_CURVE('',#752,#749,#413,.T.);
#904=EDGE_CURVE('',#750,#753,#414,.T.);
#905=EDGE_CURVE('',#753,#752,#415,.T.);
#906=EDGE_CURVE('',#754,#744,#416,.T.);
#907=EDGE_CURVE('',#745,#755,#417,.T.);
#908=EDGE_CURVE('',#755,#754,#418,.T.);
#909=EDGE_CURVE('',#744,#741,#419,.T.);
#910=EDGE_CURVE('',#742,#743,#420,.T.);
#911=EDGE_CURVE('',#753,#734,#421,.T.);
#912=EDGE_CURVE('',#735,#752,#422,.T.);
#913=EDGE_CURVE('',#731,#740,#423,.T.);
#914=EDGE_CURVE('',#741,#733,#424,.T.);
#915=EDGE_CURVE('',#727,#738,#425,.T.);
#916=EDGE_CURVE('',#739,#726,#426,.T.);
#917=EDGE_CURVE('',#738,#724,#427,.T.);
#918=EDGE_CURVE('',#725,#737,#428,.T.);
#919=EDGE_CURVE('',#755,#732,#429,.T.);
#920=EDGE_CURVE('',#733,#754,#430,.T.);
#921=EDGE_CURVE('',#732,#714,#431,.T.);
#922=EDGE_CURVE('',#715,#731,#432,.T.);
#923=EDGE_CURVE('',#724,#711,#433,.T.);
#924=EDGE_CURVE('',#712,#723,#434,.T.);
#925=EDGE_CURVE('',#714,#704,#435,.T.);
#926=EDGE_CURVE('',#705,#713,#436,.T.);
#927=EDGE_CURVE('',#717,#729,#437,.T.);
#928=EDGE_CURVE('',#730,#716,#438,.T.);
#929=EDGE_CURVE('',#756,#703,#439,.T.);
#930=EDGE_CURVE('',#704,#757,#440,.T.);
#931=EDGE_CURVE('',#757,#756,#441,.T.);
#932=EDGE_CURVE('',#758,#756,#442,.T.);
#933=EDGE_CURVE('',#757,#759,#443,.T.);
#934=EDGE_CURVE('',#759,#758,#444,.T.);
#935=EDGE_CURVE('',#683,#694,#445,.T.);
#936=EDGE_CURVE('',#692,#699,#446,.T.);
#937=EDGE_CURVE('',#759,#693,#447,.T.);
#938=EDGE_CURVE('',#694,#758,#448,.T.);
#939=EDGE_CURVE('',#698,#692,#449,.T.);
#940=EDGE_CURVE('',#693,#695,#450,.T.);
#941=EDGE_CURVE('',#685,#758,#451,.T.);
#942=EDGE_CURVE('',#702,#729,#452,.T.);
#943=EDGE_CURVE('',#717,#697,#453,.T.);
#944=EDGE_CURVE('',#755,#695,#454,.T.);
#945=EDGE_CURVE('',#760,#760,#648,.T.);
#946=EDGE_CURVE('',#761,#761,#649,.T.);
#947=EDGE_CURVE('',#762,#762,#650,.T.);
#948=EDGE_CURVE('',#763,#763,#651,.T.);
#949=EDGE_CURVE('',#760,#764,#455,.T.);
#950=EDGE_CURVE('',#764,#765,#652,.T.);
#951=EDGE_CURVE('',#765,#764,#653,.T.);
#952=EDGE_CURVE('',#765,#766,#456,.T.);
#953=EDGE_CURVE('',#766,#766,#654,.T.);
#954=EDGE_CURVE('',#675,#767,#457,.T.);
#955=EDGE_CURVE('',#767,#767,#655,.T.);
#956=EDGE_CURVE('',#763,#768,#458,.T.);
#957=EDGE_CURVE('',#768,#769,#656,.T.);
#958=EDGE_CURVE('',#769,#768,#657,.T.);
#959=EDGE_CURVE('',#769,#770,#459,.T.);
#960=EDGE_CURVE('',#770,#770,#658,.T.);
#961=EDGE_CURVE('',#678,#771,#460,.T.);
#962=EDGE_CURVE('',#771,#771,#659,.T.);
#963=EDGE_CURVE('',#690,#772,#461,.T.);
#964=EDGE_CURVE('',#772,#772,#660,.T.);
#965=EDGE_CURVE('',#773,#773,#661,.T.);
#966=EDGE_CURVE('',#761,#774,#462,.T.);
#967=EDGE_CURVE('',#774,#775,#662,.T.);
#968=EDGE_CURVE('',#775,#774,#663,.T.);
#969=EDGE_CURVE('',#775,#773,#463,.T.);
#970=EDGE_CURVE('',#687,#776,#464,.T.);
#971=EDGE_CURVE('',#776,#776,#664,.T.);
#972=EDGE_CURVE('',#777,#777,#665,.T.);
#973=EDGE_CURVE('',#762,#778,#465,.T.);
#974=EDGE_CURVE('',#778,#779,#666,.T.);
#975=EDGE_CURVE('',#779,#778,#667,.T.);
#976=EDGE_CURVE('',#779,#777,#466,.T.);
#977=EDGE_CURVE('',#706,#752,#467,.T.);
#978=EDGE_CURVE('',#684,#756,#468,.T.);
#979=ORIENTED_EDGE('',*,*,#780,.T.);
#980=ORIENTED_EDGE('',*,*,#781,.T.);
#981=ORIENTED_EDGE('',*,*,#782,.T.);
#982=ORIENTED_EDGE('',*,*,#781,.F.);
#983=ORIENTED_EDGE('',*,*,#783,.F.);
#984=ORIENTED_EDGE('',*,*,#784,.T.);
#985=ORIENTED_EDGE('',*,*,#785,.F.);
#986=ORIENTED_EDGE('',*,*,#786,.T.);
#987=ORIENTED_EDGE('',*,*,#787,.F.);
#988=ORIENTED_EDGE('',*,*,#780,.F.);
#989=ORIENTED_EDGE('',*,*,#788,.F.);
#990=ORIENTED_EDGE('',*,*,#789,.F.);
#991=ORIENTED_EDGE('',*,*,#790,.T.);
#992=ORIENTED_EDGE('',*,*,#782,.F.);
#993=ORIENTED_EDGE('',*,*,#790,.F.);
#994=ORIENTED_EDGE('',*,*,#787,.T.);
#995=ORIENTED_EDGE('',*,*,#791,.T.);
#996=ORIENTED_EDGE('',*,*,#792,.T.);
#997=ORIENTED_EDGE('',*,*,#791,.F.);
#998=ORIENTED_EDGE('',*,*,#793,.F.);
#999=ORIENTED_EDGE('',*,*,#794,.F.);
#1000=ORIENTED_EDGE('',*,*,#795,.T.);
#1001=ORIENTED_EDGE('',*,*,#792,.F.);
#1002=ORIENTED_EDGE('',*,*,#795,.F.);
#1003=ORIENTED_EDGE('',*,*,#796,.T.);
#1004=ORIENTED_EDGE('',*,*,#797,.T.);
#1005=ORIENTED_EDGE('',*,*,#798,.T.);
#1006=ORIENTED_EDGE('',*,*,#797,.F.);
#1007=ORIENTED_EDGE('',*,*,#799,.F.);
#1008=ORIENTED_EDGE('',*,*,#800,.T.);
#1009=ORIENTED_EDGE('',*,*,#801,.T.);
#1010=ORIENTED_EDGE('',*,*,#802,.T.);
#1011=ORIENTED_EDGE('',*,*,#803,.F.);
#1012=ORIENTED_EDGE('',*,*,#796,.F.);
#1013=ORIENTED_EDGE('',*,*,#804,.F.);
#1014=ORIENTED_EDGE('',*,*,#805,.F.);
#1015=ORIENTED_EDGE('',*,*,#806,.T.);
#1016=ORIENTED_EDGE('',*,*,#798,.F.);
#1017=ORIENTED_EDGE('',*,*,#806,.F.);
#1018=ORIENTED_EDGE('',*,*,#803,.T.);
#1019=ORIENTED_EDGE('',*,*,#807,.T.);
#1020=ORIENTED_EDGE('',*,*,#808,.T.);
#1021=ORIENTED_EDGE('',*,*,#807,.F.);
#1022=ORIENTED_EDGE('',*,*,#809,.F.);
#1023=ORIENTED_EDGE('',*,*,#810,.F.);
#1024=ORIENTED_EDGE('',*,*,#811,.T.);
#1025=ORIENTED_EDGE('',*,*,#808,.F.);
#1026=ORIENTED_EDGE('',*,*,#811,.F.);
#1027=ORIENTED_EDGE('',*,*,#812,.F.);
#1028=ORIENTED_EDGE('',*,*,#813,.F.);
#1029=ORIENTED_EDGE('',*,*,#814,.F.);
#1030=ORIENTED_EDGE('',*,*,#815,.T.);
#1031=ORIENTED_EDGE('',*,*,#816,.T.);
#1032=ORIENTED_EDGE('',*,*,#817,.T.);
#1033=ORIENTED_EDGE('',*,*,#818,.T.);
#1034=ORIENTED_EDGE('',*,*,#819,.T.);
#1035=ORIENTED_EDGE('',*,*,#820,.T.);
#1036=ORIENTED_EDGE('',*,*,#799,.T.);
#1037=ORIENTED_EDGE('',*,*,#821,.T.);
#1038=ORIENTED_EDGE('',*,*,#822,.T.);
#1039=ORIENTED_EDGE('',*,*,#823,.T.);
#1040=ORIENTED_EDGE('',*,*,#824,.T.);
#1041=ORIENTED_EDGE('',*,*,#816,.F.);
#1042=ORIENTED_EDGE('',*,*,#825,.F.);
#1043=ORIENTED_EDGE('',*,*,#826,.F.);
#1044=ORIENTED_EDGE('',*,*,#827,.F.);
#1045=ORIENTED_EDGE('',*,*,#828,.T.);
#1046=ORIENTED_EDGE('',*,*,#826,.T.);
#1047=ORIENTED_EDGE('',*,*,#829,.T.);
#1048=ORIENTED_EDGE('',*,*,#820,.F.);
#1049=ORIENTED_EDGE('',*,*,#830,.T.);
#1050=ORIENTED_EDGE('',*,*,#831,.T.);
#1051=ORIENTED_EDGE('',*,*,#832,.T.);
#1052=ORIENTED_EDGE('',*,*,#823,.F.);
#1053=ORIENTED_EDGE('',*,*,#783,.T.);
#1054=ORIENTED_EDGE('',*,*,#833,.T.);
#1055=ORIENTED_EDGE('',*,*,#834,.T.);
#1056=ORIENTED_EDGE('',*,*,#835,.T.);
#1057=ORIENTED_EDGE('',*,*,#836,.F.);
#1058=ORIENTED_EDGE('',*,*,#837,.F.);
#1059=ORIENTED_EDGE('',*,*,#838,.F.);
#1060=ORIENTED_EDGE('',*,*,#839,.T.);
#1061=ORIENTED_EDGE('',*,*,#837,.T.);
#1062=ORIENTED_EDGE('',*,*,#840,.T.);
#1063=ORIENTED_EDGE('',*,*,#833,.F.);
#1064=ORIENTED_EDGE('',*,*,#841,.F.);
#1065=ORIENTED_EDGE('',*,*,#842,.F.);
#1066=ORIENTED_EDGE('',*,*,#843,.F.);
#1067=ORIENTED_EDGE('',*,*,#844,.T.);
#1068=ORIENTED_EDGE('',*,*,#842,.T.);
#1069=ORIENTED_EDGE('',*,*,#845,.T.);
#1070=ORIENTED_EDGE('',*,*,#846,.F.);
#1071=ORIENTED_EDGE('',*,*,#847,.T.);
#1072=ORIENTED_EDGE('',*,*,#848,.T.);
#1073=ORIENTED_EDGE('',*,*,#785,.T.);
#1074=ORIENTED_EDGE('',*,*,#849,.F.);
#1075=ORIENTED_EDGE('',*,*,#850,.F.);
#1076=ORIENTED_EDGE('',*,*,#851,.F.);
#1077=ORIENTED_EDGE('',*,*,#852,.F.);
#1078=ORIENTED_EDGE('',*,*,#853,.T.);
#1079=ORIENTED_EDGE('',*,*,#851,.T.);
#1080=ORIENTED_EDGE('',*,*,#854,.T.);
#1081=ORIENTED_EDGE('',*,*,#835,.F.);
#1082=ORIENTED_EDGE('',*,*,#855,.T.);
#1083=ORIENTED_EDGE('',*,*,#852,.T.);
#1084=ORIENTED_EDGE('',*,*,#856,.T.);
#1085=ORIENTED_EDGE('',*,*,#831,.F.);
#1086=ORIENTED_EDGE('',*,*,#857,.F.);
#1087=ORIENTED_EDGE('',*,*,#858,.F.);
#1088=ORIENTED_EDGE('',*,*,#859,.F.);
#1089=ORIENTED_EDGE('',*,*,#860,.T.);
#1090=ORIENTED_EDGE('',*,*,#858,.T.);
#1091=ORIENTED_EDGE('',*,*,#861,.T.);
#1092=ORIENTED_EDGE('',*,*,#848,.F.);
#1093=ORIENTED_EDGE('',*,*,#862,.F.);
#1094=ORIENTED_EDGE('',*,*,#863,.F.);
#1095=ORIENTED_EDGE('',*,*,#864,.F.);
#1096=ORIENTED_EDGE('',*,*,#865,.T.);
#1097=ORIENTED_EDGE('',*,*,#863,.T.);
#1098=ORIENTED_EDGE('',*,*,#866,.T.);
#1099=ORIENTED_EDGE('',*,*,#867,.T.);
#1100=ORIENTED_EDGE('',*,*,#836,.T.);
#1101=ORIENTED_EDGE('',*,*,#868,.T.);
#1102=ORIENTED_EDGE('',*,*,#864,.T.);
#1103=ORIENTED_EDGE('',*,*,#869,.T.);
#1104=ORIENTED_EDGE('',*,*,#870,.F.);
#1105=ORIENTED_EDGE('',*,*,#871,.F.);
#1106=ORIENTED_EDGE('',*,*,#872,.F.);
#1107=ORIENTED_EDGE('',*,*,#873,.F.);
#1108=ORIENTED_EDGE('',*,*,#874,.F.);
#1109=ORIENTED_EDGE('',*,*,#875,.F.);
#1110=ORIENTED_EDGE('',*,*,#876,.T.);
#1111=ORIENTED_EDGE('',*,*,#874,.T.);
#1112=ORIENTED_EDGE('',*,*,#877,.T.);
#1113=ORIENTED_EDGE('',*,*,#849,.T.);
#1114=ORIENTED_EDGE('',*,*,#850,.T.);
#1115=ORIENTED_EDGE('',*,*,#878,.T.);
#1116=ORIENTED_EDGE('',*,*,#875,.T.);
#1117=ORIENTED_EDGE('',*,*,#879,.T.);
#1118=ORIENTED_EDGE('',*,*,#880,.F.);
#1119=ORIENTED_EDGE('',*,*,#881,.F.);
#1120=ORIENTED_EDGE('',*,*,#882,.F.);
#1121=ORIENTED_EDGE('',*,*,#883,.F.);
#1122=ORIENTED_EDGE('',*,*,#884,.F.);
#1123=ORIENTED_EDGE('',*,*,#885,.F.);
#1124=ORIENTED_EDGE('',*,*,#886,.F.);
#1125=ORIENTED_EDGE('',*,*,#887,.F.);
#1126=ORIENTED_EDGE('',*,*,#888,.F.);
#1127=ORIENTED_EDGE('',*,*,#889,.F.);
#1128=ORIENTED_EDGE('',*,*,#890,.F.);
#1129=ORIENTED_EDGE('',*,*,#891,.F.);
#1130=ORIENTED_EDGE('',*,*,#884,.T.);
#1131=ORIENTED_EDGE('',*,*,#892,.T.);
#1132=ORIENTED_EDGE('',*,*,#890,.T.);
#1133=ORIENTED_EDGE('',*,*,#893,.T.);
#1134=ORIENTED_EDGE('',*,*,#881,.T.);
#1135=ORIENTED_EDGE('',*,*,#894,.T.);
#1136=ORIENTED_EDGE('',*,*,#891,.T.);
#1137=ORIENTED_EDGE('',*,*,#895,.T.);
#1138=ORIENTED_EDGE('',*,*,#896,.F.);
#1139=ORIENTED_EDGE('',*,*,#897,.F.);
#1140=ORIENTED_EDGE('',*,*,#898,.F.);
#1141=ORIENTED_EDGE('',*,*,#887,.T.);
#1142=ORIENTED_EDGE('',*,*,#899,.T.);
#1143=ORIENTED_EDGE('',*,*,#897,.T.);
#1144=ORIENTED_EDGE('',*,*,#900,.T.);
#1145=ORIENTED_EDGE('',*,*,#889,.T.);
#1146=ORIENTED_EDGE('',*,*,#901,.T.);
#1147=ORIENTED_EDGE('',*,*,#898,.T.);
#1148=ORIENTED_EDGE('',*,*,#902,.T.);
#1149=ORIENTED_EDGE('',*,*,#903,.T.);
#1150=ORIENTED_EDGE('',*,*,#896,.T.);
#1151=ORIENTED_EDGE('',*,*,#904,.T.);
#1152=ORIENTED_EDGE('',*,*,#905,.T.);
#1153=ORIENTED_EDGE('',*,*,#906,.T.);
#1154=ORIENTED_EDGE('',*,*,#888,.T.);
#1155=ORIENTED_EDGE('',*,*,#907,.T.);
#1156=ORIENTED_EDGE('',*,*,#908,.T.);
#1157=ORIENTED_EDGE('',*,*,#886,.T.);
#1158=ORIENTED_EDGE('',*,*,#909,.T.);
#1159=ORIENTED_EDGE('',*,*,#885,.T.);
#1160=ORIENTED_EDGE('',*,*,#910,.T.);
#1161=ORIENTED_EDGE('',*,*,#911,.T.);
#1162=ORIENTED_EDGE('',*,*,#873,.T.);
#1163=ORIENTED_EDGE('',*,*,#912,.T.);
#1164=ORIENTED_EDGE('',*,*,#905,.F.);
#1165=ORIENTED_EDGE('',*,*,#871,.T.);
#1166=ORIENTED_EDGE('',*,*,#913,.T.);
#1167=ORIENTED_EDGE('',*,*,#883,.T.);
#1168=ORIENTED_EDGE('',*,*,#914,.T.);
#1169=ORIENTED_EDGE('',*,*,#862,.T.);
#1170=ORIENTED_EDGE('',*,*,#915,.T.);
#1171=ORIENTED_EDGE('',*,*,#882,.T.);
#1172=ORIENTED_EDGE('',*,*,#916,.T.);
#1173=ORIENTED_EDGE('',*,*,#880,.T.);
#1174=ORIENTED_EDGE('',*,*,#917,.T.);
#1175=ORIENTED_EDGE('',*,*,#859,.T.);
#1176=ORIENTED_EDGE('',*,*,#918,.T.);
#1177=ORIENTED_EDGE('',*,*,#919,.T.);
#1178=ORIENTED_EDGE('',*,*,#872,.T.);
#1179=ORIENTED_EDGE('',*,*,#920,.T.);
#1180=ORIENTED_EDGE('',*,*,#908,.F.);
#1181=ORIENTED_EDGE('',*,*,#870,.T.);
#1182=ORIENTED_EDGE('',*,*,#921,.T.);
#1183=ORIENTED_EDGE('',*,*,#843,.T.);
#1184=ORIENTED_EDGE('',*,*,#922,.T.);
#1185=ORIENTED_EDGE('',*,*,#857,.T.);
#1186=ORIENTED_EDGE('',*,*,#923,.T.);
#1187=ORIENTED_EDGE('',*,*,#838,.T.);
#1188=ORIENTED_EDGE('',*,*,#924,.T.);
#1189=ORIENTED_EDGE('',*,*,#841,.T.);
#1190=ORIENTED_EDGE('',*,*,#925,.T.);
#1191=ORIENTED_EDGE('',*,*,#827,.T.);
#1192=ORIENTED_EDGE('',*,*,#926,.T.);
#1193=ORIENTED_EDGE('',*,*,#927,.T.);
#1194=ORIENTED_EDGE('',*,*,#867,.F.);
#1195=ORIENTED_EDGE('',*,*,#928,.T.);
#1196=ORIENTED_EDGE('',*,*,#846,.T.);
#1197=ORIENTED_EDGE('',*,*,#929,.T.);
#1198=ORIENTED_EDGE('',*,*,#825,.T.);
#1199=ORIENTED_EDGE('',*,*,#930,.T.);
#1200=ORIENTED_EDGE('',*,*,#931,.T.);
#1201=ORIENTED_EDGE('',*,*,#932,.T.);
#1202=ORIENTED_EDGE('',*,*,#931,.F.);
#1203=ORIENTED_EDGE('',*,*,#933,.T.);
#1204=ORIENTED_EDGE('',*,*,#934,.T.);
#1205=ORIENTED_EDGE('',*,*,#935,.T.);
#1206=ORIENTED_EDGE('',*,*,#813,.T.);
#1207=ORIENTED_EDGE('',*,*,#936,.T.);
#1208=ORIENTED_EDGE('',*,*,#821,.F.);
#1209=ORIENTED_EDGE('',*,*,#937,.T.);
#1210=ORIENTED_EDGE('',*,*,#814,.T.);
#1211=ORIENTED_EDGE('',*,*,#938,.T.);
#1212=ORIENTED_EDGE('',*,*,#934,.F.);
#1213=ORIENTED_EDGE('',*,*,#939,.T.);
#1214=ORIENTED_EDGE('',*,*,#812,.T.);
#1215=ORIENTED_EDGE('',*,*,#940,.T.);
#1216=ORIENTED_EDGE('',*,*,#818,.F.);
#1217=ORIENTED_EDGE('',*,*,#938,.F.);
#1218=ORIENTED_EDGE('',*,*,#935,.F.);
#1219=ORIENTED_EDGE('',*,*,#802,.F.);
#1220=ORIENTED_EDGE('',*,*,#941,.T.);
#1221=ORIENTED_EDGE('',*,*,#854,.F.);
#1222=ORIENTED_EDGE('',*,*,#879,.F.);
#1223=ORIENTED_EDGE('',*,*,#876,.F.);
#1224=ORIENTED_EDGE('',*,*,#784,.F.);
#1225=ORIENTED_EDGE('',*,*,#832,.F.);
#1226=ORIENTED_EDGE('',*,*,#856,.F.);
#1227=ORIENTED_EDGE('',*,*,#853,.F.);
#1228=ORIENTED_EDGE('',*,*,#834,.F.);
#1229=ORIENTED_EDGE('',*,*,#840,.F.);
#1230=ORIENTED_EDGE('',*,*,#869,.F.);
#1231=ORIENTED_EDGE('',*,*,#865,.F.);
#1232=ORIENTED_EDGE('',*,*,#942,.F.);
#1233=ORIENTED_EDGE('',*,*,#824,.F.);
#1234=ORIENTED_EDGE('',*,*,#942,.T.);
#1235=ORIENTED_EDGE('',*,*,#927,.F.);
#1236=ORIENTED_EDGE('',*,*,#943,.T.);
#1237=ORIENTED_EDGE('',*,*,#940,.F.);
#1238=ORIENTED_EDGE('',*,*,#937,.F.);
#1239=ORIENTED_EDGE('',*,*,#933,.F.);
#1240=ORIENTED_EDGE('',*,*,#930,.F.);
#1241=ORIENTED_EDGE('',*,*,#925,.F.);
#1242=ORIENTED_EDGE('',*,*,#921,.F.);
#1243=ORIENTED_EDGE('',*,*,#919,.F.);
#1244=ORIENTED_EDGE('',*,*,#944,.T.);
#1245=ORIENTED_EDGE('',*,*,#868,.F.);
#1246=ORIENTED_EDGE('',*,*,#923,.F.);
#1247=ORIENTED_EDGE('',*,*,#917,.F.);
#1248=ORIENTED_EDGE('',*,*,#915,.F.);
#1249=ORIENTED_EDGE('',*,*,#892,.F.);
#1250=ORIENTED_EDGE('',*,*,#913,.F.);
#1251=ORIENTED_EDGE('',*,*,#922,.F.);
#1252=ORIENTED_EDGE('',*,*,#844,.F.);
#1253=ORIENTED_EDGE('',*,*,#928,.F.);
#1254=ORIENTED_EDGE('',*,*,#866,.F.);
#1255=ORIENTED_EDGE('',*,*,#916,.F.);
#1256=ORIENTED_EDGE('',*,*,#895,.F.);
#1257=ORIENTED_EDGE('',*,*,#894,.F.);
#1258=ORIENTED_EDGE('',*,*,#918,.F.);
#1259=ORIENTED_EDGE('',*,*,#860,.F.);
#1260=ORIENTED_EDGE('',*,*,#847,.F.);
#1261=ORIENTED_EDGE('',*,*,#877,.F.);
#1262=ORIENTED_EDGE('',*,*,#911,.F.);
#1263=ORIENTED_EDGE('',*,*,#904,.F.);
#1264=ORIENTED_EDGE('',*,*,#901,.F.);
#1265=ORIENTED_EDGE('',*,*,#899,.F.);
#1266=ORIENTED_EDGE('',*,*,#910,.F.);
#1267=ORIENTED_EDGE('',*,*,#893,.F.);
#1268=ORIENTED_EDGE('',*,*,#902,.F.);
#1269=ORIENTED_EDGE('',*,*,#945,.F.);
#1270=ORIENTED_EDGE('',*,*,#946,.F.);
#1271=ORIENTED_EDGE('',*,*,#947,.F.);
#1272=ORIENTED_EDGE('',*,*,#948,.F.);
#1273=ORIENTED_EDGE('',*,*,#906,.F.);
#1274=ORIENTED_EDGE('',*,*,#920,.F.);
#1275=ORIENTED_EDGE('',*,*,#914,.F.);
#1276=ORIENTED_EDGE('',*,*,#909,.F.);
#1277=ORIENTED_EDGE('',*,*,#945,.T.);
#1278=ORIENTED_EDGE('',*,*,#949,.T.);
#1279=ORIENTED_EDGE('',*,*,#950,.T.);
#1280=ORIENTED_EDGE('',*,*,#951,.T.);
#1281=ORIENTED_EDGE('',*,*,#949,.F.);
#1282=ORIENTED_EDGE('',*,*,#950,.F.);
#1283=ORIENTED_EDGE('',*,*,#951,.F.);
#1284=ORIENTED_EDGE('',*,*,#952,.T.);
#1285=ORIENTED_EDGE('',*,*,#953,.T.);
#1286=ORIENTED_EDGE('',*,*,#952,.F.);
#1287=ORIENTED_EDGE('',*,*,#788,.T.);
#1288=ORIENTED_EDGE('',*,*,#789,.T.);
#1289=ORIENTED_EDGE('',*,*,#954,.T.);
#1290=ORIENTED_EDGE('',*,*,#955,.T.);
#1291=ORIENTED_EDGE('',*,*,#954,.F.);
#1292=ORIENTED_EDGE('',*,*,#953,.F.);
#1293=ORIENTED_EDGE('',*,*,#955,.F.);
#1294=ORIENTED_EDGE('',*,*,#948,.T.);
#1295=ORIENTED_EDGE('',*,*,#956,.T.);
#1296=ORIENTED_EDGE('',*,*,#957,.T.);
#1297=ORIENTED_EDGE('',*,*,#958,.T.);
#1298=ORIENTED_EDGE('',*,*,#956,.F.);
#1299=ORIENTED_EDGE('',*,*,#957,.F.);
#1300=ORIENTED_EDGE('',*,*,#958,.F.);
#1301=ORIENTED_EDGE('',*,*,#959,.T.);
#1302=ORIENTED_EDGE('',*,*,#960,.T.);
#1303=ORIENTED_EDGE('',*,*,#959,.F.);
#1304=ORIENTED_EDGE('',*,*,#793,.T.);
#1305=ORIENTED_EDGE('',*,*,#794,.T.);
#1306=ORIENTED_EDGE('',*,*,#961,.T.);
#1307=ORIENTED_EDGE('',*,*,#962,.T.);
#1308=ORIENTED_EDGE('',*,*,#961,.F.);
#1309=ORIENTED_EDGE('',*,*,#960,.F.);
#1310=ORIENTED_EDGE('',*,*,#962,.F.);
#1311=ORIENTED_EDGE('',*,*,#809,.T.);
#1312=ORIENTED_EDGE('',*,*,#810,.T.);
#1313=ORIENTED_EDGE('',*,*,#963,.T.);
#1314=ORIENTED_EDGE('',*,*,#964,.T.);
#1315=ORIENTED_EDGE('',*,*,#963,.F.);
#1316=ORIENTED_EDGE('',*,*,#965,.F.);
#1317=ORIENTED_EDGE('',*,*,#964,.F.);
#1318=ORIENTED_EDGE('',*,*,#946,.T.);
#1319=ORIENTED_EDGE('',*,*,#966,.T.);
#1320=ORIENTED_EDGE('',*,*,#967,.T.);
#1321=ORIENTED_EDGE('',*,*,#968,.T.);
#1322=ORIENTED_EDGE('',*,*,#966,.F.);
#1323=ORIENTED_EDGE('',*,*,#967,.F.);
#1324=ORIENTED_EDGE('',*,*,#968,.F.);
#1325=ORIENTED_EDGE('',*,*,#969,.T.);
#1326=ORIENTED_EDGE('',*,*,#965,.T.);
#1327=ORIENTED_EDGE('',*,*,#969,.F.);
#1328=ORIENTED_EDGE('',*,*,#804,.T.);
#1329=ORIENTED_EDGE('',*,*,#805,.T.);
#1330=ORIENTED_EDGE('',*,*,#970,.T.);
#1331=ORIENTED_EDGE('',*,*,#971,.T.);
#1332=ORIENTED_EDGE('',*,*,#970,.F.);
#1333=ORIENTED_EDGE('',*,*,#972,.F.);
#1334=ORIENTED_EDGE('',*,*,#971,.F.);
#1335=ORIENTED_EDGE('',*,*,#947,.T.);
#1336=ORIENTED_EDGE('',*,*,#973,.T.);
#1337=ORIENTED_EDGE('',*,*,#974,.T.);
#1338=ORIENTED_EDGE('',*,*,#975,.T.);
#1339=ORIENTED_EDGE('',*,*,#973,.F.);
#1340=ORIENTED_EDGE('',*,*,#974,.F.);
#1341=ORIENTED_EDGE('',*,*,#975,.F.);
#1342=ORIENTED_EDGE('',*,*,#976,.T.);
#1343=ORIENTED_EDGE('',*,*,#972,.T.);
#1344=ORIENTED_EDGE('',*,*,#976,.F.);
#1345=ORIENTED_EDGE('',*,*,#855,.F.);
#1346=ORIENTED_EDGE('',*,*,#977,.T.);
#1347=ORIENTED_EDGE('',*,*,#912,.F.);
#1348=ORIENTED_EDGE('',*,*,#878,.F.);
#1349=ORIENTED_EDGE('',*,*,#839,.F.);
#1350=ORIENTED_EDGE('',*,*,#786,.F.);
#1351=ORIENTED_EDGE('',*,*,#861,.F.);
#1352=ORIENTED_EDGE('',*,*,#924,.F.);
#1353=ORIENTED_EDGE('',*,*,#929,.F.);
#1354=ORIENTED_EDGE('',*,*,#978,.F.);
#1355=ORIENTED_EDGE('',*,*,#800,.F.);
#1356=ORIENTED_EDGE('',*,*,#829,.F.);
#1357=ORIENTED_EDGE('',*,*,#932,.F.);
#1358=ORIENTED_EDGE('',*,*,#941,.F.);
#1359=ORIENTED_EDGE('',*,*,#801,.F.);
#1360=ORIENTED_EDGE('',*,*,#978,.T.);
#1361=ORIENTED_EDGE('',*,*,#817,.F.);
#1362=ORIENTED_EDGE('',*,*,#943,.F.);
#1363=ORIENTED_EDGE('',*,*,#845,.F.);
#1364=ORIENTED_EDGE('',*,*,#926,.F.);
#1365=ORIENTED_EDGE('',*,*,#828,.F.);
#1366=ORIENTED_EDGE('',*,*,#819,.F.);
#1367=ORIENTED_EDGE('',*,*,#936,.F.);
#1368=ORIENTED_EDGE('',*,*,#939,.F.);
#1369=ORIENTED_EDGE('',*,*,#815,.F.);
#1370=ORIENTED_EDGE('',*,*,#944,.F.);
#1371=ORIENTED_EDGE('',*,*,#907,.F.);
#1372=ORIENTED_EDGE('',*,*,#900,.F.);
#1373=ORIENTED_EDGE('',*,*,#903,.F.);
#1374=ORIENTED_EDGE('',*,*,#977,.F.);
#1375=ORIENTED_EDGE('',*,*,#830,.F.);
#1376=ORIENTED_EDGE('',*,*,#822,.F.);
#1377=CONICAL_SURFACE('',#1505,2.35,0.785398163397482);
#1378=CONICAL_SURFACE('',#1513,2.35,0.785398163397452);
#1379=CONICAL_SURFACE('',#1518,2.35,0.785398163397411);
#1380=CONICAL_SURFACE('',#1526,2.35,0.785398163397441);
#1381=CONICAL_SURFACE('',#1596,4.15,0.785398163397449);
#1382=CONICAL_SURFACE('',#1601,2.35,0.785398163397448);
#1383=CONICAL_SURFACE('',#1604,4.15,0.785398163397449);
#1384=CONICAL_SURFACE('',#1609,2.35,0.785398163397448);
#1385=CONICAL_SURFACE('',#1612,2.35,0.785398163397437);
#1386=CONICAL_SURFACE('',#1616,4.15,0.785398163397438);
#1387=CONICAL_SURFACE('',#1620,2.35,0.785398163397437);
#1388=CONICAL_SURFACE('',#1624,4.14999999999999,0.785398163397438);
#1389=ADVANCED_FACE('',(#108),#1377,.F.);
#1390=ADVANCED_FACE('',(#109,#23,#24),#35,.T.);
#1391=ADVANCED_FACE('',(#110),#15,.F.);
#1392=ADVANCED_FACE('',(#111),#1378,.F.);
#1393=ADVANCED_FACE('',(#112),#16,.F.);
#1394=ADVANCED_FACE('',(#113),#1379,.F.);
#1395=ADVANCED_FACE('',(#114,#25,#26),#36,.T.);
#1396=ADVANCED_FACE('',(#115),#17,.F.);
#1397=ADVANCED_FACE('',(#116),#1380,.F.);
#1398=ADVANCED_FACE('',(#117),#18,.F.);
#1399=ADVANCED_FACE('',(#118),#37,.T.);
#1400=ADVANCED_FACE('',(#119),#38,.T.);
#1401=ADVANCED_FACE('',(#120),#39,.T.);
#1402=ADVANCED_FACE('',(#121),#40,.T.);
#1403=ADVANCED_FACE('',(#122),#41,.T.);
#1404=ADVANCED_FACE('',(#123),#42,.T.);
#1405=ADVANCED_FACE('',(#124),#43,.T.);
#1406=ADVANCED_FACE('',(#125),#44,.T.);
#1407=ADVANCED_FACE('',(#126),#45,.T.);
#1408=ADVANCED_FACE('',(#127),#46,.T.);
#1409=ADVANCED_FACE('',(#128),#47,.T.);
#1410=ADVANCED_FACE('',(#129),#48,.T.);
#1411=ADVANCED_FACE('',(#130),#49,.T.);
#1412=ADVANCED_FACE('',(#131),#50,.T.);
#1413=ADVANCED_FACE('',(#132),#51,.T.);
#1414=ADVANCED_FACE('',(#133),#52,.T.);
#1415=ADVANCED_FACE('',(#134),#53,.T.);
#1416=ADVANCED_FACE('',(#135),#54,.T.);
#1417=ADVANCED_FACE('',(#136),#55,.T.);
#1418=ADVANCED_FACE('',(#137),#56,.T.);
#1419=ADVANCED_FACE('',(#138),#57,.T.);
#1420=ADVANCED_FACE('',(#139),#58,.T.);
#1421=ADVANCED_FACE('',(#140),#59,.T.);
#1422=ADVANCED_FACE('',(#141),#60,.T.);
#1423=ADVANCED_FACE('',(#142),#61,.T.);
#1424=ADVANCED_FACE('',(#143),#62,.T.);
#1425=ADVANCED_FACE('',(#144),#63,.T.);
#1426=ADVANCED_FACE('',(#145),#64,.T.);
#1427=ADVANCED_FACE('',(#146),#65,.T.);
#1428=ADVANCED_FACE('',(#147),#66,.T.);
#1429=ADVANCED_FACE('',(#148),#67,.T.);
#1430=ADVANCED_FACE('',(#149),#68,.T.);
#1431=ADVANCED_FACE('',(#150),#69,.T.);
#1432=ADVANCED_FACE('',(#151),#70,.T.);
#1433=ADVANCED_FACE('',(#152),#71,.T.);
#1434=ADVANCED_FACE('',(#153),#72,.T.);
#1435=ADVANCED_FACE('',(#154),#73,.T.);
#1436=ADVANCED_FACE('',(#155),#74,.T.);
#1437=ADVANCED_FACE('',(#156),#75,.T.);
#1438=ADVANCED_FACE('',(#157),#76,.T.);
#1439=ADVANCED_FACE('',(#158),#77,.T.);
#1440=ADVANCED_FACE('',(#159),#78,.T.);
#1441=ADVANCED_FACE('',(#160),#79,.T.);
#1442=ADVANCED_FACE('',(#161),#80,.T.);
#1443=ADVANCED_FACE('',(#162),#81,.T.);
#1444=ADVANCED_FACE('',(#163),#82,.T.);
#1445=ADVANCED_FACE('',(#164),#83,.T.);
#1446=ADVANCED_FACE('',(#165),#84,.T.);
#1447=ADVANCED_FACE('',(#166),#85,.T.);
#1448=ADVANCED_FACE('',(#167),#86,.T.);
#1449=ADVANCED_FACE('',(#168),#87,.T.);
#1450=ADVANCED_FACE('',(#169),#88,.T.);
#1451=ADVANCED_FACE('',(#170),#89,.T.);
#1452=ADVANCED_FACE('',(#171),#90,.F.);
#1453=ADVANCED_FACE('',(#172),#91,.T.);
#1454=ADVANCED_FACE('',(#173),#92,.T.);
#1455=ADVANCED_FACE('',(#174),#93,.T.);
#1456=ADVANCED_FACE('',(#175),#94,.T.);
#1457=ADVANCED_FACE('',(#176),#95,.T.);
#1458=ADVANCED_FACE('',(#177,#27,#28,#29,#30),#96,.F.);
#1459=ADVANCED_FACE('',(#178),#97,.T.);
#1460=ADVANCED_FACE('',(#179),#1381,.F.);
#1461=ADVANCED_FACE('',(#180),#19,.F.);
#1462=ADVANCED_FACE('',(#181),#1382,.F.);
#1463=ADVANCED_FACE('',(#182,#31),#98,.T.);
#1464=ADVANCED_FACE('',(#183),#1383,.F.);
#1465=ADVANCED_FACE('',(#184),#20,.F.);
#1466=ADVANCED_FACE('',(#185),#1384,.F.);
#1467=ADVANCED_FACE('',(#186,#32),#99,.T.);
#1468=ADVANCED_FACE('',(#187),#1385,.F.);
#1469=ADVANCED_FACE('',(#188,#33),#100,.T.);
#1470=ADVANCED_FACE('',(#189),#1386,.F.);
#1471=ADVANCED_FACE('',(#190),#21,.F.);
#1472=ADVANCED_FACE('',(#191),#1387,.F.);
#1473=ADVANCED_FACE('',(#192,#34),#101,.T.);
#1474=ADVANCED_FACE('',(#193),#1388,.F.);
#1475=ADVANCED_FACE('',(#194),#22,.F.);
#1476=ADVANCED_FACE('',(#195),#102,.T.);
#1477=ADVANCED_FACE('',(#196),#103,.T.);
#1478=ADVANCED_FACE('',(#197),#104,.T.);
#1479=ADVANCED_FACE('',(#198),#105,.T.);
#1480=ADVANCED_FACE('',(#199),#106,.F.);
#1481=ADVANCED_FACE('',(#200),#107,.T.);
#1482=CLOSED_SHELL('',(#1389,#1390,#1391,#1392,#1393,#1394,#1395,#1396,
#1397,#1398,#1399,#1400,#1401,#1402,#1403,#1404,#1405,#1406,#1407,#1408,
#1409,#1410,#1411,#1412,#1413,#1414,#1415,#1416,#1417,#1418,#1419,#1420,
#1421,#1422,#1423,#1424,#1425,#1426,#1427,#1428,#1429,#1430,#1431,#1432,
#1433,#1434,#1435,#1436,#1437,#1438,#1439,#1440,#1441,#1442,#1443,#1444,
#1445,#1446,#1447,#1448,#1449,#1450,#1451,#1452,#1453,#1454,#1455,#1456,
#1457,#1458,#1459,#1460,#1461,#1462,#1463,#1464,#1465,#1466,#1467,#1468,
#1469,#1470,#1471,#1472,#1473,#1474,#1475,#1476,#1477,#1478,#1479,#1480,
#1481));
#1483=DERIVED_UNIT_ELEMENT(#1486,1.);
#1484=DERIVED_UNIT_ELEMENT(#2467,-3.);
#1485=DIMENSIONAL_EXPONENTS(0.,1.,0.,0.,0.,0.,0.);
#1486=(
CONVERSION_BASED_UNIT('gram',#1488)
MASS_UNIT()
NAMED_UNIT(#1485)
);
#1487=(
MASS_UNIT()
NAMED_UNIT(*)
SI_UNIT(.KILO.,.GRAM.)
);
#1488=MASS_MEASURE_WITH_UNIT(MASS_MEASURE(0.001),#1487);
#1489=DERIVED_UNIT((#1483,#1484));
#1490=MEASURE_REPRESENTATION_ITEM('density measure',
POSITIVE_RATIO_MEASURE(1.),#1489);
#1491=PROPERTY_DEFINITION_REPRESENTATION(#1496,#1493);
#1492=PROPERTY_DEFINITION_REPRESENTATION(#1497,#1494);
#1493=REPRESENTATION('material name',(#1495),#2464);
#1494=REPRESENTATION('density',(#1490),#2464);
#1495=DESCRIPTIVE_REPRESENTATION_ITEM('Generic','Generic');
#1496=PROPERTY_DEFINITION('material property','material name',#2474);
#1497=PROPERTY_DEFINITION('material property','density of part',#2474);
#1498=DATE_TIME_ROLE('creation_date');
#1499=APPLIED_DATE_AND_TIME_ASSIGNMENT(#1500,#1498,(#2474));
#1500=DATE_AND_TIME(#1501,#1502);
#1501=CALENDAR_DATE(2025,22,6);
#1502=LOCAL_TIME(0,0,0.,#1503);
#1503=COORDINATED_UNIVERSAL_TIME_OFFSET(0,0,.BEHIND.);
#1504=AXIS2_PLACEMENT_3D('',#2057,#1634,#1635);
#1505=AXIS2_PLACEMENT_3D('',#2058,#1636,#1637);
#1506=AXIS2_PLACEMENT_3D('',#2060,#1638,#1639);
#1507=AXIS2_PLACEMENT_3D('',#2063,#1641,#1642);
#1508=AXIS2_PLACEMENT_3D('',#2064,#1643,#1644);
#1509=AXIS2_PLACEMENT_3D('',#2074,#1649,#1650);
#1510=AXIS2_PLACEMENT_3D('',#2075,#1651,#1652);
#1511=AXIS2_PLACEMENT_3D('',#2078,#1653,#1654);
#1512=AXIS2_PLACEMENT_3D('',#2079,#1655,#1656);
#1513=AXIS2_PLACEMENT_3D('',#2081,#1658,#1659);
#1514=AXIS2_PLACEMENT_3D('',#2084,#1661,#1662);
#1515=AXIS2_PLACEMENT_3D('',#2085,#1663,#1664);
#1516=AXIS2_PLACEMENT_3D('',#2088,#1665,#1666);
#1517=AXIS2_PLACEMENT_3D('',#2089,#1667,#1668);
#1518=AXIS2_PLACEMENT_3D('',#2091,#1670,#1671);
#1519=AXIS2_PLACEMENT_3D('',#2093,#1672,#1673);
#1520=AXIS2_PLACEMENT_3D('',#2096,#1675,#1676);
#1521=AXIS2_PLACEMENT_3D('',#2097,#1677,#1678);
#1522=AXIS2_PLACEMENT_3D('',#2107,#1683,#1684);
#1523=AXIS2_PLACEMENT_3D('',#2108,#1685,#1686);
#1524=AXIS2_PLACEMENT_3D('',#2111,#1687,#1688);
#1525=AXIS2_PLACEMENT_3D('',#2112,#1689,#1690);
#1526=AXIS2_PLACEMENT_3D('',#2114,#1692,#1693);
#1527=AXIS2_PLACEMENT_3D('',#2117,#1695,#1696);
#1528=AXIS2_PLACEMENT_3D('',#2118,#1697,#1698);
#1529=AXIS2_PLACEMENT_3D('',#2121,#1699,#1700);
#1530=AXIS2_PLACEMENT_3D('',#2122,#1701,#1702);
#1531=AXIS2_PLACEMENT_3D('',#2124,#1704,#1705);
#1532=AXIS2_PLACEMENT_3D('',#2131,#1709,#1710);
#1533=AXIS2_PLACEMENT_3D('',#2140,#1715,#1716);
#1534=AXIS2_PLACEMENT_3D('',#2146,#1720,#1721);
#1535=AXIS2_PLACEMENT_3D('',#2152,#1725,#1726);
#1536=AXIS2_PLACEMENT_3D('',#2159,#1730,#1731);
#1537=AXIS2_PLACEMENT_3D('',#2162,#1734,#1735);
#1538=AXIS2_PLACEMENT_3D('',#2168,#1739,#1740);
#1539=AXIS2_PLACEMENT_3D('',#2174,#1744,#1745);
#1540=AXIS2_PLACEMENT_3D('',#2181,#1749,#1750);
#1541=AXIS2_PLACEMENT_3D('',#2184,#1753,#1754);
#1542=AXIS2_PLACEMENT_3D('',#2191,#1758,#1759);
#1543=AXIS2_PLACEMENT_3D('',#2197,#1763,#1764);
#1544=AXIS2_PLACEMENT_3D('',#2203,#1768,#1769);
#1545=AXIS2_PLACEMENT_3D('',#2210,#1773,#1774);
#1546=AXIS2_PLACEMENT_3D('',#2213,#1777,#1778);
#1547=AXIS2_PLACEMENT_3D('',#2216,#1781,#1782);
#1548=AXIS2_PLACEMENT_3D('',#2223,#1786,#1787);
#1549=AXIS2_PLACEMENT_3D('',#2226,#1790,#1791);
#1550=AXIS2_PLACEMENT_3D('',#2233,#1795,#1796);
#1551=AXIS2_PLACEMENT_3D('',#2239,#1800,#1801);
#1552=AXIS2_PLACEMENT_3D('',#2242,#1804,#1805);
#1553=AXIS2_PLACEMENT_3D('',#2249,#1809,#1810);
#1554=AXIS2_PLACEMENT_3D('',#2256,#1814,#1815);
#1555=AXIS2_PLACEMENT_3D('',#2259,#1818,#1819);
#1556=AXIS2_PLACEMENT_3D('',#2262,#1822,#1823);
#1557=AXIS2_PLACEMENT_3D('',#2269,#1827,#1828);
#1558=AXIS2_PLACEMENT_3D('',#2276,#1832,#1833);
#1559=AXIS2_PLACEMENT_3D('',#2283,#1837,#1838);
#1560=AXIS2_PLACEMENT_3D('',#2290,#1842,#1843);
#1561=AXIS2_PLACEMENT_3D('',#2293,#1846,#1847);
#1562=AXIS2_PLACEMENT_3D('',#2296,#1850,#1851);
#1563=AXIS2_PLACEMENT_3D('',#2303,#1855,#1856);
#1564=AXIS2_PLACEMENT_3D('',#2306,#1859,#1860);
#1565=AXIS2_PLACEMENT_3D('',#2309,#1863,#1864);
#1566=AXIS2_PLACEMENT_3D('',#2315,#1868,#1869);
#1567=AXIS2_PLACEMENT_3D('',#2321,#1873,#1874);
#1568=AXIS2_PLACEMENT_3D('',#2324,#1877,#1878);
#1569=AXIS2_PLACEMENT_3D('',#2327,#1881,#1882);
#1570=AXIS2_PLACEMENT_3D('',#2330,#1885,#1886);
#1571=AXIS2_PLACEMENT_3D('',#2333,#1889,#1890);
#1572=AXIS2_PLACEMENT_3D('',#2336,#1893,#1894);
#1573=AXIS2_PLACEMENT_3D('',#2339,#1897,#1898);
#1574=AXIS2_PLACEMENT_3D('',#2342,#1901,#1902);
#1575=AXIS2_PLACEMENT_3D('',#2345,#1905,#1906);
#1576=AXIS2_PLACEMENT_3D('',#2348,#1909,#1910);
#1577=AXIS2_PLACEMENT_3D('',#2351,#1913,#1914);
#1578=AXIS2_PLACEMENT_3D('',#2357,#1918,#1919);
#1579=AXIS2_PLACEMENT_3D('',#2363,#1923,#1924);
#1580=AXIS2_PLACEMENT_3D('',#2366,#1927,#1928);
#1581=AXIS2_PLACEMENT_3D('',#2369,#1931,#1932);
#1582=AXIS2_PLACEMENT_3D('',#2372,#1935,#1936);
#1583=AXIS2_PLACEMENT_3D('',#2374,#1938,#1939);
#1584=AXIS2_PLACEMENT_3D('',#2375,#1940,#1941);
#1585=AXIS2_PLACEMENT_3D('',#2377,#1943,#1944);
#1586=AXIS2_PLACEMENT_3D('',#2379,#1946,#1947);
#1587=AXIS2_PLACEMENT_3D('',#2381,#1949,#1950);
#1588=AXIS2_PLACEMENT_3D('',#2382,#1951,#1952);
#1589=AXIS2_PLACEMENT_3D('',#2383,#1953,#1954);
#1590=AXIS2_PLACEMENT_3D('',#2384,#1955,#1956);
#1591=AXIS2_PLACEMENT_3D('',#2386,#1957,#1958);
#1592=AXIS2_PLACEMENT_3D('',#2388,#1959,#1960);
#1593=AXIS2_PLACEMENT_3D('',#2390,#1961,#1962);
#1594=AXIS2_PLACEMENT_3D('',#2392,#1963,#1964);
#1595=AXIS2_PLACEMENT_3D('',#2393,#1965,#1966);
#1596=AXIS2_PLACEMENT_3D('',#2394,#1967,#1968);
#1597=AXIS2_PLACEMENT_3D('',#2398,#1970,#1971);
#1598=AXIS2_PLACEMENT_3D('',#2399,#1972,#1973);
#1599=AXIS2_PLACEMENT_3D('',#2400,#1974,#1975);
#1600=AXIS2_PLACEMENT_3D('',#2403,#1977,#1978);
#1601=AXIS2_PLACEMENT_3D('',#2404,#1979,#1980);
#1602=AXIS2_PLACEMENT_3D('',#2407,#1982,#1983);
#1603=AXIS2_PLACEMENT_3D('',#2408,#1984,#1985);
#1604=AXIS2_PLACEMENT_3D('',#2409,#1986,#1987);
#1605=AXIS2_PLACEMENT_3D('',#2413,#1989,#1990);
#1606=AXIS2_PLACEMENT_3D('',#2414,#1991,#1992);
#1607=AXIS2_PLACEMENT_3D('',#2415,#1993,#1994);
#1608=AXIS2_PLACEMENT_3D('',#2418,#1996,#1997);
#1609=AXIS2_PLACEMENT_3D('',#2419,#1998,#1999);
#1610=AXIS2_PLACEMENT_3D('',#2422,#2001,#2002);
#1611=AXIS2_PLACEMENT_3D('',#2423,#2003,#2004);
#1612=AXIS2_PLACEMENT_3D('',#2424,#2005,#2006);
#1613=AXIS2_PLACEMENT_3D('',#2427,#2008,#2009);
#1614=AXIS2_PLACEMENT_3D('',#2428,#2010,#2011);
#1615=AXIS2_PLACEMENT_3D('',#2430,#2012,#2013);
#1616=AXIS2_PLACEMENT_3D('',#2431,#2014,#2015);
#1617=AXIS2_PLACEMENT_3D('',#2435,#2017,#2018);
#1618=AXIS2_PLACEMENT_3D('',#2436,#2019,#2020);
#1619=AXIS2_PLACEMENT_3D('',#2437,#2021,#2022);
#1620=AXIS2_PLACEMENT_3D('',#2439,#2024,#2025);
#1621=AXIS2_PLACEMENT_3D('',#2442,#2027,#2028);
#1622=AXIS2_PLACEMENT_3D('',#2443,#2029,#2030);
#1623=AXIS2_PLACEMENT_3D('',#2445,#2031,#2032);
#1624=AXIS2_PLACEMENT_3D('',#2446,#2033,#2034);
#1625=AXIS2_PLACEMENT_3D('',#2450,#2036,#2037);
#1626=AXIS2_PLACEMENT_3D('',#2451,#2038,#2039);
#1627=AXIS2_PLACEMENT_3D('',#2452,#2040,#2041);
#1628=AXIS2_PLACEMENT_3D('',#2454,#2043,#2044);
#1629=AXIS2_PLACEMENT_3D('',#2456,#2046,#2047);
#1630=AXIS2_PLACEMENT_3D('',#2457,#2048,#2049);
#1631=AXIS2_PLACEMENT_3D('',#2459,#2051,#2052);
#1632=AXIS2_PLACEMENT_3D('',#2460,#2053,#2054);
#1633=AXIS2_PLACEMENT_3D('',#2461,#2055,#2056);
#1634=DIRECTION('axis',(0.,0.,1.));
#1635=DIRECTION('refdir',(1.,0.,0.));
#1636=DIRECTION('center_axis',(0.,1.,0.));
#1637=DIRECTION('ref_axis',(1.,-2.76057147683725E-32,-6.45231582043828E-48));
#1638=DIRECTION('center_axis',(5.18987437645403E-32,1.,2.3373116307898E-16));
#1639=DIRECTION('ref_axis',(1.,-5.18987437645403E-32,-1.2130353742424E-47));
#1640=DIRECTION('',(0.707106781186571,-0.707106781186524,-8.65956056235522E-17));
#1641=DIRECTION('center_axis',(-5.18987437645403E-32,-1.,-2.3373116307898E-16));
#1642=DIRECTION('ref_axis',(1.,0.,0.));
#1643=DIRECTION('center_axis',(5.18987437645403E-32,1.,2.3373116307898E-16));
#1644=DIRECTION('ref_axis',(1.46081976924363E-16,-2.3373116307898E-16,1.));
#1645=DIRECTION('',(-1.46081976924363E-16,2.3373116307898E-16,-1.));
#1646=DIRECTION('',(1.,-5.18987437645403E-32,-1.2130353742424E-47));
#1647=DIRECTION('',(2.22044604925031E-16,-2.3373116307898E-16,1.));
#1648=DIRECTION('',(-1.,5.18987437645403E-32,0.));
#1649=DIRECTION('center_axis',(5.18987437645403E-32,1.,2.3373116307898E-16));
#1650=DIRECTION('ref_axis',(1.,-5.18987437645403E-32,-1.2130353742424E-47));
#1651=DIRECTION('center_axis',(0.,1.,0.));
#1652=DIRECTION('ref_axis',(1.,0.,0.));
#1653=DIRECTION('center_axis',(0.,1.,0.));
#1654=DIRECTION('ref_axis',(-1.,0.,0.));
#1655=DIRECTION('center_axis',(0.,1.,0.));
#1656=DIRECTION('ref_axis',(-1.,0.,0.));
#1657=DIRECTION('',(0.,1.,0.));
#1658=DIRECTION('center_axis',(0.,1.,0.));
#1659=DIRECTION('ref_axis',(1.,-2.76057147683725E-32,-6.45231582043828E-48));
#1660=DIRECTION('',(0.70710678118655,-0.707106781186545,-8.65956056235496E-17));
#1661=DIRECTION('center_axis',(-5.18987437645403E-32,-1.,-2.3373116307898E-16));
#1662=DIRECTION('ref_axis',(1.,0.,0.));
#1663=DIRECTION('center_axis',(0.,1.,0.));
#1664=DIRECTION('ref_axis',(1.,0.,0.));
#1665=DIRECTION('center_axis',(0.,1.,0.));
#1666=DIRECTION('ref_axis',(-1.,0.,0.));
#1667=DIRECTION('center_axis',(0.,1.,0.));
#1668=DIRECTION('ref_axis',(-1.,0.,0.));
#1669=DIRECTION('',(0.,1.,0.));
#1670=DIRECTION('center_axis',(0.,1.,0.));
#1671=DIRECTION('ref_axis',(1.,0.,0.));
#1672=DIRECTION('center_axis',(0.,1.,2.3373116307898E-16));
#1673=DIRECTION('ref_axis',(1.,0.,0.));
#1674=DIRECTION('',(0.707106781186521,-0.707106781186574,-8.65956056235461E-17));
#1675=DIRECTION('center_axis',(0.,-1.,-2.3373116307898E-16));
#1676=DIRECTION('ref_axis',(1.,0.,0.));
#1677=DIRECTION('center_axis',(0.,1.,2.3373116307898E-16));
#1678=DIRECTION('ref_axis',(0.,2.3373116307898E-16,-1.));
#1679=DIRECTION('',(0.,-2.3373116307898E-16,1.));
#1680=DIRECTION('',(-1.,0.,0.));
#1681=DIRECTION('',(1.30614473485313E-16,-2.3373116307898E-16,1.));
#1682=DIRECTION('',(1.,7.46044441615267E-32,-3.19189119579733E-16));
#1683=DIRECTION('center_axis',(0.,1.,2.3373116307898E-16));
#1684=DIRECTION('ref_axis',(1.,0.,0.));
#1685=DIRECTION('center_axis',(0.,1.,0.));
#1686=DIRECTION('ref_axis',(1.,0.,0.));
#1687=DIRECTION('center_axis',(0.,1.,0.));
#1688=DIRECTION('ref_axis',(-1.,0.,0.));
#1689=DIRECTION('center_axis',(0.,1.,0.));
#1690=DIRECTION('ref_axis',(-1.,0.,0.));
#1691=DIRECTION('',(0.,1.,0.));
#1692=DIRECTION('center_axis',(0.,1.,0.));
#1693=DIRECTION('ref_axis',(1.,0.,0.));
#1694=DIRECTION('',(0.707106781186542,-0.707106781186553,-8.65956056235487E-17));
#1695=DIRECTION('center_axis',(0.,-1.,-2.3373116307898E-16));
#1696=DIRECTION('ref_axis',(1.,0.,0.));
#1697=DIRECTION('center_axis',(0.,1.,0.));
#1698=DIRECTION('ref_axis',(1.,0.,0.));
#1699=DIRECTION('center_axis',(0.,1.,0.));
#1700=DIRECTION('ref_axis',(-1.,0.,0.));
#1701=DIRECTION('center_axis',(0.,1.,0.));
#1702=DIRECTION('ref_axis',(-1.,0.,0.));
#1703=DIRECTION('',(0.,1.,0.));
#1704=DIRECTION('center_axis',(0.577350269189626,0.577350269189602,-0.577350269189649));
#1705=DIRECTION('ref_axis',(-0.707106781186561,0.,-0.707106781186533));
#1706=DIRECTION('',(-0.707106781186532,0.707106781186563,0.));
#1707=DIRECTION('',(0.707106781186562,0.,0.707106781186533));
#1708=DIRECTION('',(-4.18691322315669E-14,-0.707106781186556,-0.707106781186539));
#1709=DIRECTION('center_axis',(0.70710678118655,0.,0.707106781186545));
#1710=DIRECTION('ref_axis',(0.707106781186545,0.,-0.70710678118655));
#1711=DIRECTION('',(0.,-1.,0.));
#1712=DIRECTION('',(0.577350269189622,0.577350269189634,-0.577350269189622));
#1713=DIRECTION('',(0.,1.,0.));
#1714=DIRECTION('',(-0.577350269189619,0.577350269189627,0.577350269189631));
#1715=DIRECTION('center_axis',(0.707106781186558,0.707106781186537,1.65272890387763E-16));
#1716=DIRECTION('ref_axis',(2.33731163078973E-16,0.,-1.));
#1717=DIRECTION('',(0.,2.3373116307898E-16,-1.));
#1718=DIRECTION('',(-0.577350269189617,0.577350269189634,0.577350269189626));
#1719=DIRECTION('',(0.577350269189619,-0.577350269189628,0.57735026918963));
#1720=DIRECTION('center_axis',(0.,0.707106781186548,0.707106781186548));
#1721=DIRECTION('ref_axis',(1.,0.,0.));
#1722=DIRECTION('',(1.,0.,0.));
#1723=DIRECTION('',(-0.577350269189623,0.577350269189633,-0.577350269189622));
#1724=DIRECTION('',(-1.,0.,0.));
#1725=DIRECTION('center_axis',(0.577350269189632,0.577350269189623,0.577350269189623));
#1726=DIRECTION('ref_axis',(0.707106781186542,0.,-0.707106781186553));
#1727=DIRECTION('',(0.,0.707106781186547,-0.707106781186547));
#1728=DIRECTION('',(-0.707106781186542,0.,0.707106781186553));
#1729=DIRECTION('',(0.707106781186542,-0.707106781186553,0.));
#1730=DIRECTION('center_axis',(0.707106781186553,0.,0.707106781186542));
#1731=DIRECTION('ref_axis',(0.707106781186542,0.,-0.707106781186553));
#1732=DIRECTION('',(0.,1.,0.));
#1733=DIRECTION('',(0.,-1.,0.));
#1734=DIRECTION('center_axis',(-0.707106781186547,0.,0.707106781186548));
#1735=DIRECTION('ref_axis',(0.707106781186548,0.,0.707106781186547));
#1736=DIRECTION('',(0.,1.,0.));
#1737=DIRECTION('',(-0.577350269189619,-0.577350269189625,-0.577350269189634));
#1738=DIRECTION('',(0.,-1.,0.));
#1739=DIRECTION('center_axis',(-0.707106781186545,0.70710678118655,2.6856844688012E-16));
#1740=DIRECTION('ref_axis',(3.79813140003345E-16,0.,1.));
#1741=DIRECTION('',(-0.577350269189628,-0.577350269189633,-0.577350269189616));
#1742=DIRECTION('',(1.46081976924363E-16,-2.3373116307898E-16,1.));
#1743=DIRECTION('',(0.577350269189626,0.577350269189623,-0.577350269189629));
#1744=DIRECTION('center_axis',(-0.577350269189617,0.577350269189631,0.577350269189631));
#1745=DIRECTION('ref_axis',(0.707106781186556,0.,0.707106781186539));
#1746=DIRECTION('',(0.707106781186556,0.707106781186539,0.));
#1747=DIRECTION('',(-0.707106781186556,0.,-0.707106781186539));
#1748=DIRECTION('',(0.,-0.707106781186547,0.707106781186547));
#1749=DIRECTION('center_axis',(-0.707106781186539,0.,0.707106781186556));
#1750=DIRECTION('ref_axis',(0.707106781186556,0.,0.707106781186539));
#1751=DIRECTION('',(0.,1.,0.));
#1752=DIRECTION('',(0.,-1.,0.));
#1753=DIRECTION('center_axis',(0.57735026918964,0.577350269189632,-0.577350269189606));
#1754=DIRECTION('ref_axis',(-0.707106781186527,0.,-0.707106781186568));
#1755=DIRECTION('',(-0.707106781186542,0.707106781186553,0.));
#1756=DIRECTION('',(0.707106781186527,0.,0.707106781186568));
#1757=DIRECTION('',(0.,-0.707106781186532,-0.707106781186563));
#1758=DIRECTION('center_axis',(0.707106781186568,0.,-0.707106781186527));
#1759=DIRECTION('ref_axis',(-0.707106781186527,0.,-0.707106781186568));
#1760=DIRECTION('',(0.,1.,0.));
#1761=DIRECTION('',(0.,-1.,0.));
#1762=DIRECTION('',(0.577350269189616,0.577350269189629,0.577350269189633));
#1763=DIRECTION('center_axis',(0.70710678118654,0.707106781186555,8.26364451939191E-18));
#1764=DIRECTION('ref_axis',(1.16865581539543E-17,0.,-1.));
#1765=DIRECTION('',(-2.22044604925031E-16,2.3373116307898E-16,-1.));
#1766=DIRECTION('',(-0.577350269189631,0.577350269189627,0.577350269189619));
#1767=DIRECTION('',(-0.577350269189629,0.57735026918962,-0.577350269189629));
#1768=DIRECTION('center_axis',(-0.577350269189621,0.577350269189631,-0.577350269189626));
#1769=DIRECTION('ref_axis',(-0.70710678118655,0.,0.707106781186545));
#1770=DIRECTION('',(5.23364152894593E-15,0.707106781186545,0.70710678118655));
#1771=DIRECTION('',(0.707106781186545,-1.04672830578918E-14,-0.70710678118655));
#1772=DIRECTION('',(-0.707106781186555,-0.70710678118654,2.61682076447299E-15));
#1773=DIRECTION('center_axis',(-0.70710678118655,1.65272890387765E-16,-0.707106781186545));
#1774=DIRECTION('ref_axis',(-0.707106781186545,0.,0.70710678118655));
#1775=DIRECTION('',(3.41439103714081E-32,1.,2.3373116307898E-16));
#1776=DIRECTION('',(-3.41439103714081E-32,-1.,-2.3373116307898E-16));
#1777=DIRECTION('center_axis',(-0.70710678118654,0.707106781186555,2.6856844688012E-16));
#1778=DIRECTION('ref_axis',(3.79813140003348E-16,0.,1.));
#1779=DIRECTION('',(-1.46081976924363E-16,2.3373116307898E-16,-1.));
#1780=DIRECTION('',(1.46081976924363E-16,-2.3373116307898E-16,1.));
#1781=DIRECTION('center_axis',(0.577350269189616,0.577350269189624,0.577350269189637));
#1782=DIRECTION('ref_axis',(0.707106781186561,0.,-0.707106781186534));
#1783=DIRECTION('',(1.57009245868379E-14,0.707106781186547,-0.707106781186547));
#1784=DIRECTION('',(-0.707106781186561,0.,0.707106781186534));
#1785=DIRECTION('',(0.707106781186553,-0.707106781186542,0.));
#1786=DIRECTION('center_axis',(0.707106781186534,0.,0.707106781186561));
#1787=DIRECTION('ref_axis',(0.707106781186561,0.,-0.707106781186534));
#1788=DIRECTION('',(0.,1.,0.));
#1789=DIRECTION('',(0.,-1.,0.));
#1790=DIRECTION('center_axis',(-0.57735026918964,0.577350269189654,-0.577350269189584));
#1791=DIRECTION('ref_axis',(-0.707106781186513,0.,0.707106781186582));
#1792=DIRECTION('',(1.17756934401278E-14,0.707106781186511,0.707106781186584));
#1793=DIRECTION('',(0.707106781186513,0.,-0.707106781186582));
#1794=DIRECTION('',(-0.707106781186556,-0.707106781186539,0.));
#1795=DIRECTION('center_axis',(-0.707106781186582,0.,-0.707106781186513));
#1796=DIRECTION('ref_axis',(-0.707106781186513,0.,0.707106781186582));
#1797=DIRECTION('',(0.,1.,0.));
#1798=DIRECTION('',(0.,-1.,0.));
#1799=DIRECTION('',(-0.577350269189623,0.577350269189625,0.577350269189629));
#1800=DIRECTION('center_axis',(-0.707106781186539,0.707106781186556,1.03295556492352E-16));
#1801=DIRECTION('ref_axis',(1.46081976924363E-16,0.,1.));
#1802=DIRECTION('',(-1.46081976924363E-16,0.,-1.));
#1803=DIRECTION('',(1.46081976924363E-16,0.,1.));
#1804=DIRECTION('center_axis',(-0.57735026918964,0.577350269189632,-0.577350269189606));
#1805=DIRECTION('ref_axis',(-0.707106781186526,0.,0.707106781186568));
#1806=DIRECTION('',(0.,0.707106781186532,0.707106781186563));
#1807=DIRECTION('',(0.707106781186532,1.04672830578918E-14,-0.707106781186563));
#1808=DIRECTION('',(-0.707106781186537,-0.707106781186558,-1.04672830578919E-14));
#1809=DIRECTION('center_axis',(0.577350269189622,0.57735026918963,-0.577350269189626));
#1810=DIRECTION('ref_axis',(-0.70710678118655,0.,-0.707106781186545));
#1811=DIRECTION('',(-0.707106781186553,0.707106781186542,0.));
#1812=DIRECTION('',(0.707106781186545,1.04672830578919E-14,0.70710678118655));
#1813=DIRECTION('',(0.,-0.707106781186545,-0.70710678118655));
#1814=DIRECTION('center_axis',(0.70710678118655,1.65272890387765E-16,-0.707106781186545));
#1815=DIRECTION('ref_axis',(-0.707106781186545,0.,-0.70710678118655));
#1816=DIRECTION('',(5.18987437645403E-32,1.,2.3373116307898E-16));
#1817=DIRECTION('',(-5.18987437645403E-32,-1.,-2.3373116307898E-16));
#1818=DIRECTION('center_axis',(0.,0.70710678118655,-0.707106781186545));
#1819=DIRECTION('ref_axis',(-1.,0.,0.));
#1820=DIRECTION('',(1.,0.,0.));
#1821=DIRECTION('',(-1.,0.,0.));
#1822=DIRECTION('center_axis',(0.577350269189643,0.577350269189651,-0.577350269189583));
#1823=DIRECTION('ref_axis',(-0.707106781186511,0.,-0.707106781186584));
#1824=DIRECTION('',(-0.707106781186553,0.707106781186542,1.04672830578918E-14));
#1825=DIRECTION('',(0.707106781186511,0.,0.707106781186584));
#1826=DIRECTION('',(1.04672830578914E-14,-0.707106781186511,-0.707106781186584));
#1827=DIRECTION('center_axis',(-0.577350269189636,-0.577350269189632,-0.57735026918961));
#1828=DIRECTION('ref_axis',(-0.707106781186531,0.,0.707106781186563));
#1829=DIRECTION('',(-0.707106781186532,0.,0.707106781186563));
#1830=DIRECTION('',(-4.18691322315678E-14,0.707106781186555,-0.70710678118654));
#1831=DIRECTION('',(0.707106781186561,-0.707106781186534,-3.14018491736749E-14));
#1832=DIRECTION('center_axis',(-0.57735026918963,-0.577350269189658,0.577350269189589));
#1833=DIRECTION('ref_axis',(0.707106781186523,0.,0.707106781186572));
#1834=DIRECTION('',(-0.707106781186561,0.707106781186534,5.23364152894581E-15));
#1835=DIRECTION('',(8.37382644631346E-14,-0.707106781186547,-0.707106781186548));
#1836=DIRECTION('',(0.707106781186523,0.,0.707106781186572));
#1837=DIRECTION('center_axis',(0.57735026918967,-0.577350269189598,-0.57735026918961));
#1838=DIRECTION('ref_axis',(-0.707106781186511,0.,-0.707106781186584));
#1839=DIRECTION('',(0.707106781186548,0.707106781186548,8.37382644631346E-14));
#1840=DIRECTION('',(0.,-0.707106781186555,0.70710678118654));
#1841=DIRECTION('',(-0.707106781186511,0.,-0.707106781186584));
#1842=DIRECTION('center_axis',(-9.327281932775E-17,-0.70710678118654,-0.707106781186555));
#1843=DIRECTION('ref_axis',(-1.,0.,1.31907686094078E-16));
#1844=DIRECTION('',(1.,0.,-1.31907686094078E-16));
#1845=DIRECTION('',(-1.,0.,1.31907686094078E-16));
#1846=DIRECTION('center_axis',(0.707106781186584,0.,-0.707106781186511));
#1847=DIRECTION('ref_axis',(-0.707106781186511,0.,-0.707106781186584));
#1848=DIRECTION('',(0.,-1.,0.));
#1849=DIRECTION('',(0.,1.,0.));
#1850=DIRECTION('center_axis',(0.577350269189626,-0.577350269189626,0.577350269189625));
#1851=DIRECTION('ref_axis',(0.707106781186547,0.,-0.707106781186548));
#1852=DIRECTION('',(0.707106781186553,0.,-0.707106781186542));
#1853=DIRECTION('',(0.,0.707106781186547,0.707106781186548));
#1854=DIRECTION('',(-0.707106781186545,-0.70710678118655,-5.23364152894593E-15));
#1855=DIRECTION('center_axis',(0.,-0.707106781186548,0.707106781186547));
#1856=DIRECTION('ref_axis',(1.,0.,0.));
#1857=DIRECTION('',(1.,0.,0.));
#1858=DIRECTION('',(-1.,0.,0.));
#1859=DIRECTION('center_axis',(0.707106781186548,-0.707106781186548,-1.57009245868378E-16));
#1860=DIRECTION('ref_axis',(-2.22044604925031E-16,0.,-1.));
#1861=DIRECTION('',(2.22044604925031E-16,0.,1.));
#1862=DIRECTION('',(-2.22044604925031E-16,0.,-1.));
#1863=DIRECTION('center_axis',(0.707106781186542,0.,0.707106781186553));
#1864=DIRECTION('ref_axis',(0.707106781186553,0.,-0.707106781186542));
#1865=DIRECTION('',(0.,-1.,0.));
#1866=DIRECTION('',(0.,1.,0.));
#1867=DIRECTION('',(-0.577350269189622,0.577350269189622,0.577350269189634));
#1868=DIRECTION('center_axis',(-0.707106781186572,0.,0.707106781186523));
#1869=DIRECTION('ref_axis',(0.707106781186523,0.,0.707106781186572));
#1870=DIRECTION('',(0.,-1.,0.));
#1871=DIRECTION('',(0.,1.,0.));
#1872=DIRECTION('',(-0.577350269189597,-0.577350269189632,-0.577350269189649));
#1873=DIRECTION('center_axis',(-0.707106781186534,-0.707106781186561,0.));
#1874=DIRECTION('ref_axis',(0.,0.,1.));
#1875=DIRECTION('',(0.,0.,-1.));
#1876=DIRECTION('',(0.,0.,1.));
#1877=DIRECTION('center_axis',(0.70710678118654,0.707106781186555,8.26364451939191E-18));
#1878=DIRECTION('ref_axis',(1.16865581539543E-17,0.,-1.));
#1879=DIRECTION('',(-2.22044604925031E-16,2.3373116307898E-16,-1.));
#1880=DIRECTION('',(2.22044604925031E-16,-2.3373116307898E-16,1.));
#1881=DIRECTION('center_axis',(-0.707106781186563,0.,-0.707106781186532));
#1882=DIRECTION('ref_axis',(-0.707106781186532,0.,0.707106781186563));
#1883=DIRECTION('',(0.,-1.,0.));
#1884=DIRECTION('',(0.,1.,0.));
#1885=DIRECTION('center_axis',(-9.32728193277442E-17,0.707106781186584,
-0.707106781186511));
#1886=DIRECTION('ref_axis',(-1.,0.,1.31907686094078E-16));
#1887=DIRECTION('',(1.,0.,-1.31907686094078E-16));
#1888=DIRECTION('',(-1.,0.,1.31907686094078E-16));
#1889=DIRECTION('center_axis',(0.707106781186542,0.707106781186553,-1.57009245868376E-16));
#1890=DIRECTION('ref_axis',(-2.22044604925031E-16,0.,-1.));
#1891=DIRECTION('',(2.22044604925031E-16,0.,1.));
#1892=DIRECTION('',(-2.22044604925031E-16,0.,-1.));
#1893=DIRECTION('center_axis',(-0.707106781186558,0.707106781186537,0.));
#1894=DIRECTION('ref_axis',(0.,0.,1.));
#1895=DIRECTION('',(0.,0.,-1.));
#1896=DIRECTION('',(0.,0.,1.));
#1897=DIRECTION('center_axis',(-9.3272819327747E-17,0.707106781186563,-0.707106781186532));
#1898=DIRECTION('ref_axis',(-1.,0.,1.31907686094078E-16));
#1899=DIRECTION('',(1.,0.,-1.31907686094078E-16));
#1900=DIRECTION('',(-1.,0.,1.31907686094078E-16));
#1901=DIRECTION('center_axis',(0.,0.707106781186548,0.707106781186548));
#1902=DIRECTION('ref_axis',(1.,0.,0.));
#1903=DIRECTION('',(-1.,0.,0.));
#1904=DIRECTION('',(1.,0.,0.));
#1905=DIRECTION('center_axis',(0.707106781186553,0.707106781186542,0.));
#1906=DIRECTION('ref_axis',(0.,0.,-1.));
#1907=DIRECTION('',(0.,0.,1.));
#1908=DIRECTION('',(0.,0.,-1.));
#1909=DIRECTION('center_axis',(-9.32728193277487E-17,0.70710678118655,-0.707106781186545));
#1910=DIRECTION('ref_axis',(-1.,0.,1.31907686094078E-16));
#1911=DIRECTION('',(1.,0.,-1.31907686094078E-16));
#1912=DIRECTION('',(-1.,0.,1.31907686094078E-16));
#1913=DIRECTION('center_axis',(0.,0.707106781186548,0.707106781186548));
#1914=DIRECTION('ref_axis',(1.,0.,0.));
#1915=DIRECTION('',(1.,0.,0.));
#1916=DIRECTION('',(-1.,0.,0.));
#1917=DIRECTION('',(0.57735026918962,-0.577350269189629,0.577350269189629));
#1918=DIRECTION('center_axis',(0.707106781186558,0.707106781186537,-9.23583799225764E-17));
#1919=DIRECTION('ref_axis',(-1.30614473485313E-16,0.,-1.));
#1920=DIRECTION('',(-1.30614473485313E-16,0.,-1.));
#1921=DIRECTION('',(1.30614473485313E-16,0.,1.));
#1922=DIRECTION('',(0.577350269189616,-0.577350269189633,-0.577350269189628));
#1923=DIRECTION('center_axis',(0.707106781186533,0.,-0.707106781186562));
#1924=DIRECTION('ref_axis',(-0.707106781186562,0.,-0.707106781186533));
#1925=DIRECTION('',(0.,1.,0.));
#1926=DIRECTION('',(0.,-1.,0.));
#1927=DIRECTION('center_axis',(-2.25700790935795E-16,0.707106781186539,
-0.707106781186556));
#1928=DIRECTION('ref_axis',(-1.,0.,3.19189119579733E-16));
#1929=DIRECTION('',(1.,0.,-3.19189119579733E-16));
#1930=DIRECTION('',(-1.,0.,3.19189119579733E-16));
#1931=DIRECTION('center_axis',(0.707106781186563,0.707106781186532,0.));
#1932=DIRECTION('ref_axis',(0.,0.,-1.));
#1933=DIRECTION('',(0.,0.,-1.));
#1934=DIRECTION('',(0.,0.,1.));
#1935=DIRECTION('center_axis',(-3.19189119579733E-16,0.,-1.));
#1936=DIRECTION('ref_axis',(-1.,-7.46044441615267E-32,3.19189119579733E-16));
#1937=DIRECTION('',(0.,1.,0.));
#1938=DIRECTION('center_axis',(0.,2.3373116307898E-16,-1.));
#1939=DIRECTION('ref_axis',(-1.,0.,0.));
#1940=DIRECTION('center_axis',(1.,0.,-1.46081976924363E-16));
#1941=DIRECTION('ref_axis',(-1.46081976924363E-16,0.,-1.));
#1942=DIRECTION('',(-1.46081976924363E-16,0.,-1.));
#1943=DIRECTION('center_axis',(0.,1.,0.));
#1944=DIRECTION('ref_axis',(0.,0.,1.));
#1945=DIRECTION('',(0.,0.,1.));
#1946=DIRECTION('center_axis',(0.,1.,0.));
#1947=DIRECTION('ref_axis',(0.,0.,1.));
#1948=DIRECTION('',(1.,0.,0.));
#1949=DIRECTION('center_axis',(0.,1.,0.));
#1950=DIRECTION('ref_axis',(0.,0.,1.));
#1951=DIRECTION('center_axis',(-1.31907686094078E-16,0.,-1.));
#1952=DIRECTION('ref_axis',(-1.,0.,1.31907686094078E-16));
#1953=DIRECTION('center_axis',(1.,0.,-2.22044604925031E-16));
#1954=DIRECTION('ref_axis',(-2.22044604925031E-16,0.,-1.));
#1955=DIRECTION('center_axis',(0.,1.,0.));
#1956=DIRECTION('ref_axis',(0.,0.,1.));
#1957=DIRECTION('center_axis',(0.,-1.,0.));
#1958=DIRECTION('ref_axis',(-1.,0.,0.));
#1959=DIRECTION('center_axis',(0.,-1.,0.));
#1960=DIRECTION('ref_axis',(-1.,0.,0.));
#1961=DIRECTION('center_axis',(0.,-1.,0.));
#1962=DIRECTION('ref_axis',(-1.,0.,0.));
#1963=DIRECTION('center_axis',(0.,-1.,0.));
#1964=DIRECTION('ref_axis',(-1.,0.,0.));
#1965=DIRECTION('center_axis',(-1.,0.,0.));
#1966=DIRECTION('ref_axis',(0.,0.,1.));
#1967=DIRECTION('center_axis',(0.,-1.,0.));
#1968=DIRECTION('ref_axis',(-1.,0.,0.));
#1969=DIRECTION('',(-0.707106781186548,0.707106781186547,-8.65956056235494E-17));
#1970=DIRECTION('center_axis',(0.,1.,0.));
#1971=DIRECTION('ref_axis',(-1.,0.,0.));
#1972=DIRECTION('center_axis',(0.,1.,0.));
#1973=DIRECTION('ref_axis',(-1.,0.,0.));
#1974=DIRECTION('center_axis',(0.,1.,0.));
#1975=DIRECTION('ref_axis',(1.,0.,0.));
#1976=DIRECTION('',(0.,1.,0.));
#1977=DIRECTION('center_axis',(0.,1.,0.));
#1978=DIRECTION('ref_axis',(1.,0.,0.));
#1979=DIRECTION('center_axis',(0.,-1.,0.));
#1980=DIRECTION('ref_axis',(-1.,0.,0.));
#1981=DIRECTION('',(0.707106781186548,-0.707106781186548,-8.65956056235493E-17));
#1982=DIRECTION('center_axis',(0.,-1.,0.));
#1983=DIRECTION('ref_axis',(-1.,0.,0.));
#1984=DIRECTION('center_axis',(0.,-1.,0.));
#1985=DIRECTION('ref_axis',(0.,0.,-1.));
#1986=DIRECTION('center_axis',(0.,-1.,0.));
#1987=DIRECTION('ref_axis',(-1.,0.,0.));
#1988=DIRECTION('',(-0.707106781186548,0.707106781186547,-8.65956056235494E-17));
#1989=DIRECTION('center_axis',(0.,1.,0.));
#1990=DIRECTION('ref_axis',(-1.,0.,0.));
#1991=DIRECTION('center_axis',(0.,1.,0.));
#1992=DIRECTION('ref_axis',(-1.,0.,0.));
#1993=DIRECTION('center_axis',(0.,1.,0.));
#1994=DIRECTION('ref_axis',(1.,0.,0.));
#1995=DIRECTION('',(0.,1.,0.));
#1996=DIRECTION('center_axis',(0.,1.,0.));
#1997=DIRECTION('ref_axis',(1.,0.,0.));
#1998=DIRECTION('center_axis',(0.,-1.,0.));
#1999=DIRECTION('ref_axis',(-1.,0.,0.));
#2000=DIRECTION('',(0.707106781186548,-0.707106781186548,-8.65956056235493E-17));
#2001=DIRECTION('center_axis',(0.,-1.,0.));
#2002=DIRECTION('ref_axis',(-1.,0.,0.));
#2003=DIRECTION('center_axis',(0.,-1.,0.));
#2004=DIRECTION('ref_axis',(0.,0.,-1.));
#2005=DIRECTION('center_axis',(0.,-1.,0.));
#2006=DIRECTION('ref_axis',(-1.,0.,0.));
#2007=DIRECTION('',(0.70710678118654,-0.707106781186555,-8.65956056235484E-17));
#2008=DIRECTION('center_axis',(0.,-1.,0.));
#2009=DIRECTION('ref_axis',(-1.,0.,0.));
#2010=DIRECTION('center_axis',(0.,-1.,0.));
#2011=DIRECTION('ref_axis',(0.,0.,-1.));
#2012=DIRECTION('center_axis',(0.,1.,0.));
#2013=DIRECTION('ref_axis',(1.,0.,0.));
#2014=DIRECTION('center_axis',(0.,-1.,0.));
#2015=DIRECTION('ref_axis',(-1.,0.,0.));
#2016=DIRECTION('',(-0.70710678118654,0.707106781186555,-8.65956056235484E-17));
#2017=DIRECTION('center_axis',(0.,1.,0.));
#2018=DIRECTION('ref_axis',(-1.,0.,0.));
#2019=DIRECTION('center_axis',(0.,1.,0.));
#2020=DIRECTION('ref_axis',(-1.,0.,0.));
#2021=DIRECTION('center_axis',(0.,1.,0.));
#2022=DIRECTION('ref_axis',(1.,0.,0.));
#2023=DIRECTION('',(0.,1.,0.));
#2024=DIRECTION('center_axis',(0.,-1.,0.));
#2025=DIRECTION('ref_axis',(-1.,0.,0.));
#2026=DIRECTION('',(0.70710678118654,-0.707106781186555,-8.65956056235484E-17));
#2027=DIRECTION('center_axis',(0.,-1.,0.));
#2028=DIRECTION('ref_axis',(-1.,0.,0.));
#2029=DIRECTION('center_axis',(0.,-1.,0.));
#2030=DIRECTION('ref_axis',(0.,0.,-1.));
#2031=DIRECTION('center_axis',(0.,1.,0.));
#2032=DIRECTION('ref_axis',(1.,0.,0.));
#2033=DIRECTION('center_axis',(0.,-1.,0.));
#2034=DIRECTION('ref_axis',(-1.,0.,0.));
#2035=DIRECTION('',(-0.70710678118654,0.707106781186555,-8.65956056235484E-17));
#2036=DIRECTION('center_axis',(0.,1.,0.));
#2037=DIRECTION('ref_axis',(-1.,0.,0.));
#2038=DIRECTION('center_axis',(0.,1.,0.));
#2039=DIRECTION('ref_axis',(-1.,0.,0.));
#2040=DIRECTION('center_axis',(0.,1.,0.));
#2041=DIRECTION('ref_axis',(1.,0.,0.));
#2042=DIRECTION('',(0.,1.,0.));
#2043=DIRECTION('center_axis',(0.,1.,2.3373116307898E-16));
#2044=DIRECTION('ref_axis',(0.,-2.3373116307898E-16,1.));
#2045=DIRECTION('',(1.,2.45836154674138E-32,-1.05179023385541E-16));
#2046=DIRECTION('center_axis',(0.,0.,1.));
#2047=DIRECTION('ref_axis',(1.,0.,0.));
#2048=DIRECTION('center_axis',(0.,0.,1.));
#2049=DIRECTION('ref_axis',(1.,0.,0.));
#2050=DIRECTION('',(0.,1.,0.));
#2051=DIRECTION('center_axis',(1.,0.,-1.30614473485313E-16));
#2052=DIRECTION('ref_axis',(-1.30614473485313E-16,2.3373116307898E-16,-1.));
#2053=DIRECTION('center_axis',(-1.,0.,0.));
#2054=DIRECTION('ref_axis',(0.,0.,1.));
#2055=DIRECTION('center_axis',(0.,0.,1.));
#2056=DIRECTION('ref_axis',(1.,0.,0.));
#2057=CARTESIAN_POINT('',(0.,0.,0.));
#2058=CARTESIAN_POINT('Origin',(14.5,27.85,-7.00000000000001));
#2059=CARTESIAN_POINT('',(12.,28.,-7.00000000000001));
#2060=CARTESIAN_POINT('Origin',(14.5,28.,-7.00000000000001));
#2061=CARTESIAN_POINT('',(12.3,27.7,-7.00000000000001));
#2062=CARTESIAN_POINT('',(12.15,27.85,-7.00000000000001));
#2063=CARTESIAN_POINT('Origin',(14.5,27.7,-7.00000000000001));
#2064=CARTESIAN_POINT('Origin',(-5.55111512312578E-15,28.,-38.));
#2065=CARTESIAN_POINT('',(0.299999999999999,28.,-1.99999999999999));
#2066=CARTESIAN_POINT('',(0.3,28.,-36.));
#2067=CARTESIAN_POINT('',(0.299999999999996,28.,-28.5));
#2068=CARTESIAN_POINT('',(19.7,28.,-1.99999999999999));
#2069=CARTESIAN_POINT('',(10.,28.,-1.99999999999999));
#2070=CARTESIAN_POINT('',(19.7,28.,-36.));
#2071=CARTESIAN_POINT('',(19.7,28.,-28.5));
#2072=CARTESIAN_POINT('',(-2.77555756156289E-15,28.,-36.));
#2073=CARTESIAN_POINT('',(12.,28.,-31.));
#2074=CARTESIAN_POINT('Origin',(14.5,28.,-31.));
#2075=CARTESIAN_POINT('Origin',(14.5,0.,-7.00000000000001));
#2076=CARTESIAN_POINT('',(16.7,5.3,-7.00000000000001));
#2077=CARTESIAN_POINT('',(12.3,5.3,-7.00000000000001));
#2078=CARTESIAN_POINT('Origin',(14.5,5.3,-7.00000000000001));
#2079=CARTESIAN_POINT('Origin',(14.5,5.3,-7.00000000000001));
#2080=CARTESIAN_POINT('',(12.3,0.,-7.00000000000001));
#2081=CARTESIAN_POINT('Origin',(14.5,27.85,-31.));
#2082=CARTESIAN_POINT('',(12.3,27.7,-31.));
#2083=CARTESIAN_POINT('',(12.15,27.85,-31.));
#2084=CARTESIAN_POINT('Origin',(14.5,27.7,-31.));
#2085=CARTESIAN_POINT('Origin',(14.5,0.,-31.));
#2086=CARTESIAN_POINT('',(16.7,5.3,-31.));
#2087=CARTESIAN_POINT('',(12.3,5.3,-31.));
#2088=CARTESIAN_POINT('Origin',(14.5,5.3,-31.));
#2089=CARTESIAN_POINT('Origin',(14.5,5.3,-31.));
#2090=CARTESIAN_POINT('',(12.3,0.,-31.));
#2091=CARTESIAN_POINT('Origin',(-115.5,27.85,-31.));
#2092=CARTESIAN_POINT('',(-118.,28.,-31.));
#2093=CARTESIAN_POINT('Origin',(-115.5,28.,-31.));
#2094=CARTESIAN_POINT('',(-117.7,27.7,-31.));
#2095=CARTESIAN_POINT('',(-117.85,27.85,-31.));
#2096=CARTESIAN_POINT('Origin',(-115.5,27.7,-31.));
#2097=CARTESIAN_POINT('Origin',(-101.,28.,4.44089209850063E-15));
#2098=CARTESIAN_POINT('',(-101.3,28.,-36.));
#2099=CARTESIAN_POINT('',(-101.3,28.,-2.));
#2100=CARTESIAN_POINT('',(-101.3,28.,-9.49999999999999));
#2101=CARTESIAN_POINT('',(-121.,28.,-36.));
#2102=CARTESIAN_POINT('',(-111.,28.,-36.));
#2103=CARTESIAN_POINT('',(-121.,28.,-1.99999999999999));
#2104=CARTESIAN_POINT('',(-121.,28.,-0.999999999999993));
#2105=CARTESIAN_POINT('',(-101.,28.,-2.));
#2106=CARTESIAN_POINT('',(-118.,28.,-7.));
#2107=CARTESIAN_POINT('Origin',(-115.5,28.,-7.));
#2108=CARTESIAN_POINT('Origin',(-115.5,0.,-31.));
#2109=CARTESIAN_POINT('',(-113.3,5.3,-31.));
#2110=CARTESIAN_POINT('',(-117.7,5.3,-31.));
#2111=CARTESIAN_POINT('Origin',(-115.5,5.3,-31.));
#2112=CARTESIAN_POINT('Origin',(-115.5,5.3,-31.));
#2113=CARTESIAN_POINT('',(-117.7,0.,-31.));
#2114=CARTESIAN_POINT('Origin',(-115.5,27.85,-7.));
#2115=CARTESIAN_POINT('',(-117.7,27.7,-7.));
#2116=CARTESIAN_POINT('',(-117.85,27.85,-7.));
#2117=CARTESIAN_POINT('Origin',(-115.5,27.7,-7.));
#2118=CARTESIAN_POINT('Origin',(-115.5,0.,-7.));
#2119=CARTESIAN_POINT('',(-113.3,5.3,-7.));
#2120=CARTESIAN_POINT('',(-117.7,5.3,-7.));
#2121=CARTESIAN_POINT('Origin',(-115.5,5.3,-7.));
#2122=CARTESIAN_POINT('Origin',(-115.5,5.3,-7.));
#2123=CARTESIAN_POINT('',(-117.7,0.,-7.));
#2124=CARTESIAN_POINT('Origin',(-101.3,35.7,-2.));
#2125=CARTESIAN_POINT('',(-101.,35.7,-1.7));
#2126=CARTESIAN_POINT('',(-101.3,36.,-1.7));
#2127=CARTESIAN_POINT('',(-101.,35.7,-1.7));
#2128=CARTESIAN_POINT('',(-101.3,35.7,-2.));
#2129=CARTESIAN_POINT('',(-101.3,35.7,-2.));
#2130=CARTESIAN_POINT('',(-101.3,36.,-1.7));
#2131=CARTESIAN_POINT('Origin',(-101.15,7.,-0.149999999999998));
#2132=CARTESIAN_POINT('',(-101.3,36.,4.44089209850063E-15));
#2133=CARTESIAN_POINT('',(-101.3,9.7,0.));
#2134=CARTESIAN_POINT('',(-101.3,7.,0.));
#2135=CARTESIAN_POINT('',(-101.,10.,-0.299999999999994));
#2136=CARTESIAN_POINT('',(-101.3,9.7,0.));
#2137=CARTESIAN_POINT('',(-101.,35.7,-0.299999999999996));
#2138=CARTESIAN_POINT('',(-101.,7.,-0.299999999999996));
#2139=CARTESIAN_POINT('',(-101.,35.7,-0.299999999999996));
#2140=CARTESIAN_POINT('Origin',(-101.15,27.85,-9.49999999999999));
#2141=CARTESIAN_POINT('',(-101.,27.7,-1.7));
#2142=CARTESIAN_POINT('',(-101.,27.7,-36.3));
#2143=CARTESIAN_POINT('',(-101.,27.7,-9.49999999999999));
#2144=CARTESIAN_POINT('',(-101.,27.7,-36.3));
#2145=CARTESIAN_POINT('',(-101.3,28.,-2.));
#2146=CARTESIAN_POINT('Origin',(-75.75,9.85,-0.15));
#2147=CARTESIAN_POINT('',(0.299999999999995,9.7,0.));
#2148=CARTESIAN_POINT('',(-75.75,9.7,0.));
#2149=CARTESIAN_POINT('',(-4.38245930773088E-17,10.,-0.3));
#2150=CARTESIAN_POINT('',(0.299999999999995,9.7,0.));
#2151=CARTESIAN_POINT('',(-75.75,10.,-0.3));
#2152=CARTESIAN_POINT('Origin',(-101.,35.7,-36.3));
#2153=CARTESIAN_POINT('',(-101.3,35.7,-36.));
#2154=CARTESIAN_POINT('',(-101.3,36.,-36.3));
#2155=CARTESIAN_POINT('',(-101.3,35.7,-36.));
#2156=CARTESIAN_POINT('',(-101.,35.7,-36.3));
#2157=CARTESIAN_POINT('',(-101.,35.7,-36.3));
#2158=CARTESIAN_POINT('',(-101.3,36.,-36.3));
#2159=CARTESIAN_POINT('Origin',(-101.15,21.,-36.15));
#2160=CARTESIAN_POINT('',(-101.,21.,-36.3));
#2161=CARTESIAN_POINT('',(-101.3,21.,-36.));
#2162=CARTESIAN_POINT('Origin',(0.149999999999997,7.,-0.149999999999997));
#2163=CARTESIAN_POINT('',(0.3,36.,8.38276816382763E-15));
#2164=CARTESIAN_POINT('',(0.299999999999995,7.,0.));
#2165=CARTESIAN_POINT('',(-3.46944695195361E-17,35.7,-0.299999999999995));
#2166=CARTESIAN_POINT('',(0.299999999999995,36.,8.38276816382763E-15));
#2167=CARTESIAN_POINT('',(-3.46944695195361E-17,7.,-0.299999999999995));
#2168=CARTESIAN_POINT('Origin',(0.149999999999996,27.85,-28.5));
#2169=CARTESIAN_POINT('',(-5.30277576235437E-15,27.7,-36.3));
#2170=CARTESIAN_POINT('',(0.299999999999995,28.,-36.));
#2171=CARTESIAN_POINT('',(-2.42861286636753E-16,27.7,-1.69999999999999));
#2172=CARTESIAN_POINT('',(-4.16333634234434E-15,27.7,-28.5));
#2173=CARTESIAN_POINT('',(-2.42861286636753E-16,27.7,-1.69999999999999));
#2174=CARTESIAN_POINT('Origin',(0.3,35.7,-36.));
#2175=CARTESIAN_POINT('',(-5.30825383648903E-15,35.7,-36.3));
#2176=CARTESIAN_POINT('',(0.3,36.,-36.3));
#2177=CARTESIAN_POINT('',(-5.30642781177747E-15,35.7,-36.3));
#2178=CARTESIAN_POINT('',(0.3,35.7,-36.));
#2179=CARTESIAN_POINT('',(0.3,35.7,-36.));
#2180=CARTESIAN_POINT('',(0.3,36.,-36.3));
#2181=CARTESIAN_POINT('Origin',(0.149999999999997,21.,-36.15));
#2182=CARTESIAN_POINT('',(0.3,21.,-36.));
#2183=CARTESIAN_POINT('',(-5.30825383648903E-15,21.,-36.3));
#2184=CARTESIAN_POINT('Origin',(-101.3,35.7,-38.));
#2185=CARTESIAN_POINT('',(-101.,35.7,-37.7));
#2186=CARTESIAN_POINT('',(-101.3,36.,-37.7));
#2187=CARTESIAN_POINT('',(-101.,35.7,-37.7));
#2188=CARTESIAN_POINT('',(-101.3,35.7,-38.));
#2189=CARTESIAN_POINT('',(-101.3,35.7,-38.));
#2190=CARTESIAN_POINT('',(-101.3,36.,-37.7));
#2191=CARTESIAN_POINT('Origin',(-101.15,7.,-37.85));
#2192=CARTESIAN_POINT('',(-101.3,9.7,-38.));
#2193=CARTESIAN_POINT('',(-101.3,7.,-38.));
#2194=CARTESIAN_POINT('',(-101.,10.,-37.7));
#2195=CARTESIAN_POINT('',(-101.,7.,-37.7));
#2196=CARTESIAN_POINT('',(-101.3,9.7,-38.));
#2197=CARTESIAN_POINT('Origin',(19.85,27.85,-28.5));
#2198=CARTESIAN_POINT('',(20.,27.7,-1.69999999999999));
#2199=CARTESIAN_POINT('',(20.,27.7,-36.3));
#2200=CARTESIAN_POINT('',(20.,27.7,-28.5));
#2201=CARTESIAN_POINT('',(20.,27.7,-36.3));
#2202=CARTESIAN_POINT('',(20.,27.7,-1.69999999999999));
#2203=CARTESIAN_POINT('Origin',(-2.42861286636753E-16,35.7,-1.69999999999999));
#2204=CARTESIAN_POINT('',(0.299999999999999,35.7,-1.99999999999999));
#2205=CARTESIAN_POINT('',(0.3,36.,-1.69999999999999));
#2206=CARTESIAN_POINT('',(0.299999999999998,35.7,-1.99999999999999));
#2207=CARTESIAN_POINT('',(-2.44687311348308E-16,35.7,-1.69999999999999));
#2208=CARTESIAN_POINT('',(-2.42861286636753E-16,35.7,-1.69999999999999));
#2209=CARTESIAN_POINT('',(0.3,36.,-1.69999999999999));
#2210=CARTESIAN_POINT('Origin',(0.149999999999999,21.,-1.84999999999999));
#2211=CARTESIAN_POINT('',(-2.42861286636753E-16,21.,-1.69999999999999));
#2212=CARTESIAN_POINT('',(0.299999999999999,21.,-1.99999999999999));
#2213=CARTESIAN_POINT('Origin',(0.149999999999999,35.85,-9.99999999999999));
#2214=CARTESIAN_POINT('',(0.299999999999999,36.,-9.99999999999999));
#2215=CARTESIAN_POINT('',(-1.45716771982052E-15,35.7,-9.99999999999999));
#2216=CARTESIAN_POINT('Origin',(20.,35.7,-36.3));
#2217=CARTESIAN_POINT('',(19.7,35.7,-36.));
#2218=CARTESIAN_POINT('',(19.7,36.,-36.3));
#2219=CARTESIAN_POINT('',(19.7,35.7,-36.));
#2220=CARTESIAN_POINT('',(20.,35.7,-36.3));
#2221=CARTESIAN_POINT('',(20.,35.7,-36.3));
#2222=CARTESIAN_POINT('',(19.7,36.,-36.3));
#2223=CARTESIAN_POINT('Origin',(19.85,21.,-36.15));
#2224=CARTESIAN_POINT('',(20.,21.,-36.3));
#2225=CARTESIAN_POINT('',(19.7,21.,-36.));
#2226=CARTESIAN_POINT('Origin',(-5.51642065360625E-15,35.7,-37.7));
#2227=CARTESIAN_POINT('',(0.299999999999994,35.7,-38.));
#2228=CARTESIAN_POINT('',(0.3,36.,-37.7));
#2229=CARTESIAN_POINT('',(0.299999999999995,35.7,-38.));
#2230=CARTESIAN_POINT('',(-5.51094257947158E-15,35.7,-37.7));
#2231=CARTESIAN_POINT('',(-5.51642065360625E-15,35.7,-37.7));
#2232=CARTESIAN_POINT('',(0.3,36.,-37.7));
#2233=CARTESIAN_POINT('Origin',(0.149999999999994,7.,-37.85));
#2234=CARTESIAN_POINT('',(-5.50729053004847E-15,10.,-37.7));
#2235=CARTESIAN_POINT('',(-5.51642065360625E-15,7.,-37.7));
#2236=CARTESIAN_POINT('',(0.299999999999994,9.7,-38.));
#2237=CARTESIAN_POINT('',(0.299999999999994,7.,-38.));
#2238=CARTESIAN_POINT('',(0.299999999999994,9.7,-38.));
#2239=CARTESIAN_POINT('Origin',(0.149999999999999,35.85,-28.));
#2240=CARTESIAN_POINT('',(0.300000000000001,36.,-28.));
#2241=CARTESIAN_POINT('',(-4.09394740330526E-15,35.7,-28.));
#2242=CARTESIAN_POINT('Origin',(-123.,35.7,-37.7));
#2243=CARTESIAN_POINT('',(-122.7,35.7,-38.));
#2244=CARTESIAN_POINT('',(-122.7,36.,-37.7));
#2245=CARTESIAN_POINT('',(-122.7,35.7,-38.));
#2246=CARTESIAN_POINT('',(-123.,35.7,-37.7));
#2247=CARTESIAN_POINT('',(-123.,35.7,-37.7));
#2248=CARTESIAN_POINT('',(-122.7,36.,-37.7));
#2249=CARTESIAN_POINT('Origin',(19.7,35.7,-1.99999999999999));
#2250=CARTESIAN_POINT('',(20.,35.7,-1.69999999999999));
#2251=CARTESIAN_POINT('',(19.7,36.,-1.69999999999999));
#2252=CARTESIAN_POINT('',(20.,35.7,-1.69999999999999));
#2253=CARTESIAN_POINT('',(19.7,35.7,-1.99999999999999));
#2254=CARTESIAN_POINT('',(19.7,35.7,-1.99999999999999));
#2255=CARTESIAN_POINT('',(19.7,36.,-1.69999999999999));
#2256=CARTESIAN_POINT('Origin',(19.85,21.,-1.84999999999999));
#2257=CARTESIAN_POINT('',(19.7,21.,-1.99999999999999));
#2258=CARTESIAN_POINT('',(20.,21.,-1.69999999999999));
#2259=CARTESIAN_POINT('Origin',(15.,35.85,-1.84999999999999));
#2260=CARTESIAN_POINT('',(15.,36.,-1.69999999999999));
#2261=CARTESIAN_POINT('',(15.,35.7,-1.99999999999999));
#2262=CARTESIAN_POINT('Origin',(19.7,35.7,-38.));
#2263=CARTESIAN_POINT('',(20.,35.7,-37.7));
#2264=CARTESIAN_POINT('',(19.7,36.,-37.7));
#2265=CARTESIAN_POINT('',(20.,35.7,-37.7));
#2266=CARTESIAN_POINT('',(19.7,35.7,-38.));
#2267=CARTESIAN_POINT('',(19.7,35.7,-38.));
#2268=CARTESIAN_POINT('',(19.7,36.,-37.7));
#2269=CARTESIAN_POINT('Origin',(-122.7,0.,-37.7));
#2270=CARTESIAN_POINT('',(-122.7,0.3,-38.));
#2271=CARTESIAN_POINT('',(-123.,0.3,-37.7));
#2272=CARTESIAN_POINT('',(-122.7,0.3,-38.));
#2273=CARTESIAN_POINT('',(-122.7,0.,-37.7));
#2274=CARTESIAN_POINT('',(-122.7,0.,-37.7));
#2275=CARTESIAN_POINT('',(-123.,0.3,-37.7));
#2276=CARTESIAN_POINT('Origin',(-122.7,0.3,0.));
#2277=CARTESIAN_POINT('',(-122.7,0.,-0.3));
#2278=CARTESIAN_POINT('',(-123.,0.3,-0.299999999999998));
#2279=CARTESIAN_POINT('',(-122.7,0.,-0.3));
#2280=CARTESIAN_POINT('',(-122.7,0.3,0.));
#2281=CARTESIAN_POINT('',(-122.7,0.3,0.));
#2282=CARTESIAN_POINT('',(-123.,0.3,-0.299999999999997));
#2283=CARTESIAN_POINT('Origin',(19.7,0.3,-38.));
#2284=CARTESIAN_POINT('',(19.7,0.,-37.7));
#2285=CARTESIAN_POINT('',(20.,0.3,-37.7));
#2286=CARTESIAN_POINT('',(19.7,0.,-37.7));
#2287=CARTESIAN_POINT('',(19.7,0.3,-38.));
#2288=CARTESIAN_POINT('',(19.7,0.3,-38.));
#2289=CARTESIAN_POINT('',(20.,0.3,-37.7));
#2290=CARTESIAN_POINT('Origin',(-25.25,0.15,-37.85));
#2291=CARTESIAN_POINT('',(-25.25,0.3,-38.));
#2292=CARTESIAN_POINT('',(-25.25,0.,-37.7));
#2293=CARTESIAN_POINT('Origin',(19.85,7.,-37.85));
#2294=CARTESIAN_POINT('',(20.,7.,-37.7));
#2295=CARTESIAN_POINT('',(19.7,7.,-38.));
#2296=CARTESIAN_POINT('Origin',(19.7,0.,-0.3));
#2297=CARTESIAN_POINT('',(19.7,0.3,0.));
#2298=CARTESIAN_POINT('',(20.,0.3,-0.299999999999998));
#2299=CARTESIAN_POINT('',(19.7,0.3,0.));
#2300=CARTESIAN_POINT('',(19.7,0.,-0.3));
#2301=CARTESIAN_POINT('',(19.7,0.,-0.3));
#2302=CARTESIAN_POINT('',(20.,0.3,-0.299999999999998));
#2303=CARTESIAN_POINT('Origin',(-75.75,0.15,-0.15));
#2304=CARTESIAN_POINT('',(-75.75,0.,-0.3));
#2305=CARTESIAN_POINT('',(-75.75,0.3,0.));
#2306=CARTESIAN_POINT('Origin',(19.85,0.15,-19.));
#2307=CARTESIAN_POINT('',(20.,0.3,-19.));
#2308=CARTESIAN_POINT('',(19.7,0.,-19.));
#2309=CARTESIAN_POINT('Origin',(19.85,7.,-0.149999999999999));
#2310=CARTESIAN_POINT('',(19.7,36.,6.34229511014813E-15));
#2311=CARTESIAN_POINT('',(19.7,7.,0.));
#2312=CARTESIAN_POINT('',(20.,35.7,-0.299999999999998));
#2313=CARTESIAN_POINT('',(20.,7.,-0.299999999999998));
#2314=CARTESIAN_POINT('',(20.,35.7,-0.299999999999998));
#2315=CARTESIAN_POINT('Origin',(-122.85,7.,-0.149999999999998));
#2316=CARTESIAN_POINT('',(-123.,35.7,-0.299999999999997));
#2317=CARTESIAN_POINT('',(-123.,7.,-0.299999999999997));
#2318=CARTESIAN_POINT('',(-122.7,36.,4.44089209850063E-15));
#2319=CARTESIAN_POINT('',(-122.7,7.,0.));
#2320=CARTESIAN_POINT('',(-122.7,36.,4.44089209850063E-15));
#2321=CARTESIAN_POINT('Origin',(-122.85,0.15,-19.));
#2322=CARTESIAN_POINT('',(-123.,0.3,-19.));
#2323=CARTESIAN_POINT('',(-122.7,0.,-19.));
#2324=CARTESIAN_POINT('Origin',(19.85,35.85,-9.99999999999999));
#2325=CARTESIAN_POINT('',(20.,35.7,-9.99999999999999));
#2326=CARTESIAN_POINT('',(19.7,36.,-9.99999999999999));
#2327=CARTESIAN_POINT('Origin',(-122.85,7.,-37.85));
#2328=CARTESIAN_POINT('',(-122.7,7.,-38.));
#2329=CARTESIAN_POINT('',(-123.,7.,-37.7));
#2330=CARTESIAN_POINT('Origin',(5.,35.85,-37.85));
#2331=CARTESIAN_POINT('',(5.,36.,-37.7));
#2332=CARTESIAN_POINT('',(5.,35.7,-38.));
#2333=CARTESIAN_POINT('Origin',(19.85,35.85,-28.));
#2334=CARTESIAN_POINT('',(19.7,36.,-28.));
#2335=CARTESIAN_POINT('',(20.,35.7,-28.));
#2336=CARTESIAN_POINT('Origin',(-122.85,35.85,-19.));
#2337=CARTESIAN_POINT('',(-122.7,36.,-19.));
#2338=CARTESIAN_POINT('',(-123.,35.7,-19.));
#2339=CARTESIAN_POINT('Origin',(-56.,35.85,-37.85));
#2340=CARTESIAN_POINT('',(-56.,36.,-37.7));
#2341=CARTESIAN_POINT('',(-56.,35.7,-38.));
#2342=CARTESIAN_POINT('Origin',(5.,35.85,-36.15));
#2343=CARTESIAN_POINT('',(5.,36.,-36.3));
#2344=CARTESIAN_POINT('',(5.,35.7,-36.));
#2345=CARTESIAN_POINT('Origin',(-101.15,35.85,-19.));
#2346=CARTESIAN_POINT('',(-101.3,36.,-19.));
#2347=CARTESIAN_POINT('',(-101.,35.7,-19.));
#2348=CARTESIAN_POINT('Origin',(-25.25,9.85,-37.85));
#2349=CARTESIAN_POINT('',(-25.25,10.,-37.7));
#2350=CARTESIAN_POINT('',(-25.25,9.7,-38.));
#2351=CARTESIAN_POINT('Origin',(-116.5,35.85,-36.15));
#2352=CARTESIAN_POINT('',(-121.,35.7,-36.));
#2353=CARTESIAN_POINT('',(-116.5,35.7,-36.));
#2354=CARTESIAN_POINT('',(-121.3,36.,-36.3));
#2355=CARTESIAN_POINT('',(-116.5,36.,-36.3));
#2356=CARTESIAN_POINT('',(-121.3,36.,-36.3));
#2357=CARTESIAN_POINT('Origin',(-121.15,35.85,-10.5));
#2358=CARTESIAN_POINT('',(-121.,35.7,-1.99999999999999));
#2359=CARTESIAN_POINT('',(-121.,35.7,-10.5));
#2360=CARTESIAN_POINT('',(-121.3,36.,-1.69999999999999));
#2361=CARTESIAN_POINT('',(-121.3,36.,-10.5));
#2362=CARTESIAN_POINT('',(-121.3,36.,-1.69999999999999));
#2363=CARTESIAN_POINT('Origin',(-101.15,21.,-1.85));
#2364=CARTESIAN_POINT('',(-101.3,21.,-2.));
#2365=CARTESIAN_POINT('',(-101.,21.,-1.7));
#2366=CARTESIAN_POINT('Origin',(-106.5,35.85,-1.85));
#2367=CARTESIAN_POINT('',(-106.5,36.,-1.7));
#2368=CARTESIAN_POINT('',(-106.5,35.7,-2.));
#2369=CARTESIAN_POINT('Origin',(-101.15,35.85,-19.));
#2370=CARTESIAN_POINT('',(-101.,35.7,-19.));
#2371=CARTESIAN_POINT('',(-101.3,36.,-19.));
#2372=CARTESIAN_POINT('Origin',(-101.,28.,-2.));
#2373=CARTESIAN_POINT('',(-121.,28.,-1.99999999999999));
#2374=CARTESIAN_POINT('Origin',(20.,28.,-1.99999999999999));
#2375=CARTESIAN_POINT('Origin',(-2.77555756156289E-15,14.,-19.));
#2376=CARTESIAN_POINT('',(0.,10.,0.));
#2377=CARTESIAN_POINT('Origin',(-50.5,10.,-19.));
#2378=CARTESIAN_POINT('',(-101.,10.,-38.));
#2379=CARTESIAN_POINT('Origin',(-112.,36.,-19.));
#2380=CARTESIAN_POINT('',(-123.,36.,4.44089209850063E-15));
#2381=CARTESIAN_POINT('Origin',(10.,36.,-37.));
#2382=CARTESIAN_POINT('Origin',(-5.55111512312578E-15,0.,-38.));
#2383=CARTESIAN_POINT('Origin',(20.,14.,-19.));
#2384=CARTESIAN_POINT('Origin',(-50.5,0.,-19.));
#2385=CARTESIAN_POINT('',(18.8,0.,-7.00000000000001));
#2386=CARTESIAN_POINT('Origin',(14.5,0.,-7.00000000000001));
#2387=CARTESIAN_POINT('',(-111.2,0.,-7.));
#2388=CARTESIAN_POINT('Origin',(-115.5,0.,-7.));
#2389=CARTESIAN_POINT('',(-111.2,0.,-31.));
#2390=CARTESIAN_POINT('Origin',(-115.5,0.,-31.));
#2391=CARTESIAN_POINT('',(18.8,0.,-31.));
#2392=CARTESIAN_POINT('Origin',(14.5,0.,-31.));
#2393=CARTESIAN_POINT('Origin',(-123.,14.,-19.));
#2394=CARTESIAN_POINT('Origin',(14.5,0.15,-7.00000000000001));
#2395=CARTESIAN_POINT('',(18.5,0.3,-7.00000000000001));
#2396=CARTESIAN_POINT('',(18.65,0.15,-7.00000000000001));
#2397=CARTESIAN_POINT('',(10.5,0.3,-7.00000000000001));
#2398=CARTESIAN_POINT('Origin',(14.5,0.3,-7.00000000000001));
#2399=CARTESIAN_POINT('Origin',(14.5,0.3,-7.00000000000001));
#2400=CARTESIAN_POINT('Origin',(14.5,0.,-7.00000000000001));
#2401=CARTESIAN_POINT('',(10.5,5.,-7.00000000000001));
#2402=CARTESIAN_POINT('',(10.5,0.,-7.00000000000001));
#2403=CARTESIAN_POINT('Origin',(14.5,5.,-7.00000000000001));
#2404=CARTESIAN_POINT('Origin',(14.5,5.15,-7.00000000000001));
#2405=CARTESIAN_POINT('',(17.,5.,-7.00000000000001));
#2406=CARTESIAN_POINT('',(16.85,5.15,-7.00000000000001));
#2407=CARTESIAN_POINT('Origin',(14.5,5.,-7.00000000000001));
#2408=CARTESIAN_POINT('Origin',(14.5,5.,-7.));
#2409=CARTESIAN_POINT('Origin',(14.5,0.15,-31.));
#2410=CARTESIAN_POINT('',(18.5,0.3,-31.));
#2411=CARTESIAN_POINT('',(18.65,0.15,-31.));
#2412=CARTESIAN_POINT('',(10.5,0.3,-31.));
#2413=CARTESIAN_POINT('Origin',(14.5,0.3,-31.));
#2414=CARTESIAN_POINT('Origin',(14.5,0.3,-31.));
#2415=CARTESIAN_POINT('Origin',(14.5,0.,-31.));
#2416=CARTESIAN_POINT('',(10.5,5.,-31.));
#2417=CARTESIAN_POINT('',(10.5,0.,-31.));
#2418=CARTESIAN_POINT('Origin',(14.5,5.,-31.));
#2419=CARTESIAN_POINT('Origin',(14.5,5.15,-31.));
#2420=CARTESIAN_POINT('',(17.,5.,-31.));
#2421=CARTESIAN_POINT('',(16.85,5.15,-31.));
#2422=CARTESIAN_POINT('Origin',(14.5,5.,-31.));
#2423=CARTESIAN_POINT('Origin',(14.5,5.,-31.));
#2424=CARTESIAN_POINT('Origin',(-115.5,5.15,-7.));
#2425=CARTESIAN_POINT('',(-113.,5.,-7.));
#2426=CARTESIAN_POINT('',(-113.15,5.15,-7.));
#2427=CARTESIAN_POINT('Origin',(-115.5,5.,-7.));
#2428=CARTESIAN_POINT('Origin',(-115.5,5.,-7.));
#2429=CARTESIAN_POINT('',(-119.5,5.,-7.));
#2430=CARTESIAN_POINT('Origin',(-115.5,5.,-7.));
#2431=CARTESIAN_POINT('Origin',(-115.5,0.15,-7.));
#2432=CARTESIAN_POINT('',(-111.5,0.3,-7.));
#2433=CARTESIAN_POINT('',(-111.35,0.15,-7.));
#2434=CARTESIAN_POINT('',(-119.5,0.3,-7.));
#2435=CARTESIAN_POINT('Origin',(-115.5,0.3,-7.));
#2436=CARTESIAN_POINT('Origin',(-115.5,0.3,-7.));
#2437=CARTESIAN_POINT('Origin',(-115.5,0.,-7.));
#2438=CARTESIAN_POINT('',(-119.5,0.,-7.));
#2439=CARTESIAN_POINT('Origin',(-115.5,5.15,-31.));
#2440=CARTESIAN_POINT('',(-113.,5.,-31.));
#2441=CARTESIAN_POINT('',(-113.15,5.15,-31.));
#2442=CARTESIAN_POINT('Origin',(-115.5,5.,-31.));
#2443=CARTESIAN_POINT('Origin',(-115.5,5.,-31.));
#2444=CARTESIAN_POINT('',(-119.5,5.,-31.));
#2445=CARTESIAN_POINT('Origin',(-115.5,5.,-31.));
#2446=CARTESIAN_POINT('Origin',(-115.5,0.15,-31.));
#2447=CARTESIAN_POINT('',(-111.5,0.3,-31.));
#2448=CARTESIAN_POINT('',(-111.35,0.15,-31.));
#2449=CARTESIAN_POINT('',(-119.5,0.3,-31.));
#2450=CARTESIAN_POINT('Origin',(-115.5,0.3,-31.));
#2451=CARTESIAN_POINT('Origin',(-115.5,0.3,-31.));
#2452=CARTESIAN_POINT('Origin',(-115.5,0.,-31.));
#2453=CARTESIAN_POINT('',(-119.5,0.,-31.));
#2454=CARTESIAN_POINT('Origin',(10.,36.,-0.999999999999989));
#2455=CARTESIAN_POINT('',(0.,36.,8.41432187084329E-15));
#2456=CARTESIAN_POINT('Origin',(0.,28.,-36.));
#2457=CARTESIAN_POINT('Origin',(-121.,28.,-36.));
#2458=CARTESIAN_POINT('',(-121.,28.,-36.));
#2459=CARTESIAN_POINT('Origin',(-121.,28.,-1.99999999999999));
#2460=CARTESIAN_POINT('Origin',(-101.,14.,-19.));
#2461=CARTESIAN_POINT('Origin',(-101.,0.,0.));
#2462=UNCERTAINTY_MEASURE_WITH_UNIT(LENGTH_MEASURE(0.01),#2466,
'DISTANCE_ACCURACY_VALUE',
'Maximum model space distance between geometric entities at asserted c
onnectivities');
#2463=UNCERTAINTY_MEASURE_WITH_UNIT(LENGTH_MEASURE(0.01),#2466,
'DISTANCE_ACCURACY_VALUE',
'Maximum model space distance between geometric entities at asserted c
onnectivities');
#2464=(
GEOMETRIC_REPRESENTATION_CONTEXT(3)
GLOBAL_UNCERTAINTY_ASSIGNED_CONTEXT((#2462))
GLOBAL_UNIT_ASSIGNED_CONTEXT((#2466,#2468,#2469))
REPRESENTATION_CONTEXT('','3D')
);
#2465=(
GEOMETRIC_REPRESENTATION_CONTEXT(3)
GLOBAL_UNCERTAINTY_ASSIGNED_CONTEXT((#2463))
GLOBAL_UNIT_ASSIGNED_CONTEXT((#2466,#2468,#2469))
REPRESENTATION_CONTEXT('','3D')
);
#2466=(
LENGTH_UNIT()
NAMED_UNIT(*)
SI_UNIT(.MILLI.,.METRE.)
);
#2467=(
LENGTH_UNIT()
NAMED_UNIT(*)
SI_UNIT(.CENTI.,.METRE.)
);
#2468=(
NAMED_UNIT(*)
PLANE_ANGLE_UNIT()
SI_UNIT($,.RADIAN.)
);
#2469=(
NAMED_UNIT(*)
SI_UNIT($,.STERADIAN.)
SOLID_ANGLE_UNIT()
);
#2470=SHAPE_DEFINITION_REPRESENTATION(#2471,#2472);
#2471=PRODUCT_DEFINITION_SHAPE('',$,#2474);
#2472=SHAPE_REPRESENTATION('',(#1504),#2464);
#2473=PRODUCT_DEFINITION_CONTEXT('part definition',#2478,'design');
#2474=PRODUCT_DEFINITION('Base 38mm Wide.','Base 38mm Wide.',#2475,#2473);
#2475=PRODUCT_DEFINITION_FORMATION('',$,#2480);
#2476=PRODUCT_RELATED_PRODUCT_CATEGORY('Base 38mm Wide.',
'Base 38mm Wide.',(#2480));
#2477=APPLICATION_PROTOCOL_DEFINITION('international standard',
'automotive_design',2009,#2478);
#2478=APPLICATION_CONTEXT(
'Core Data for Automotive Mechanical Design Process');
#2479=PRODUCT_CONTEXT('part definition',#2478,'mechanical');
#2480=PRODUCT('Base 38mm Wide.','Base 38mm Wide.',$,(#2479));
#2481=PRESENTATION_STYLE_ASSIGNMENT((#2482));
#2482=SURFACE_STYLE_USAGE(.BOTH.,#2485);
#2483=SURFACE_STYLE_RENDERING_WITH_PROPERTIES($,#2489,(#2484));
#2484=SURFACE_STYLE_TRANSPARENT(0.);
#2485=SURFACE_SIDE_STYLE('',(#2486,#2483));
#2486=SURFACE_STYLE_FILL_AREA(#2487);
#2487=FILL_AREA_STYLE('',(#2488));
#2488=FILL_AREA_STYLE_COLOUR('',#2489);
#2489=COLOUR_RGB('',0.749019607843137,0.749019607843137,0.749019607843137);
ENDSEC;
END-ISO-10303-21;
