ISO-10303-21;
HEADER;
/* Generated by software containing ST-Developer
 * from STEP Tools, Inc. (www.steptools.com) 
 */

FILE_DESCRIPTION(
/* description */ (''),
/* implementation_level */ '2;1');

FILE_NAME(
/* name */ 'Full Assembly V3.stp',
/* time_stamp */ '2025-06-26T23:07:12+01:00',
/* author */ ('kgcla'),
/* organization */ (''),
/* preprocessor_version */ 'ST-DEVELOPER v20',
/* originating_system */ 'Autodesk Inventor 2025',
/* authorisation */ '');

FILE_SCHEMA (('AUTOMOTIVE_DESIGN { 1 0 10303 214 3 1 1 }'));
ENDSEC;

DATA;
#10=MECHANICAL_DESIGN_GEOMETRIC_PRESENTATION_REPRESENTATION('',(#50,#51,
#52,#53,#54),#9625);
#11=ITEM_DEFINED_TRANSFORMATION($,$,#5945,#6385);
#12=ITEM_DEFINED_TRANSFORMATION($,$,#6192,#6386);
#13=ITEM_DEFINED_TRANSFORMATION($,$,#6322,#6387);
#14=ITEM_DEFINED_TRANSFORMATION($,$,#6334,#6388);
#15=ITEM_DEFINED_TRANSFORMATION($,$,#6355,#6389);
#16=ITEM_DEFINED_TRANSFORMATION($,$,#6355,#6390);
#17=(
REPRESENTATION_RELATIONSHIP($,$,#9649,#9648)
REPRESENTATION_RELATIONSHIP_WITH_TRANSFORMATION(#11)
SHAPE_REPRESENTATION_RELATIONSHIP()
);
#18=(
REPRESENTATION_RELATIONSHIP($,$,#9650,#9648)
REPRESENTATION_RELATIONSHIP_WITH_TRANSFORMATION(#12)
SHAPE_REPRESENTATION_RELATIONSHIP()
);
#19=(
REPRESENTATION_RELATIONSHIP($,$,#9651,#9648)
REPRESENTATION_RELATIONSHIP_WITH_TRANSFORMATION(#13)
SHAPE_REPRESENTATION_RELATIONSHIP()
);
#20=(
REPRESENTATION_RELATIONSHIP($,$,#9652,#9648)
REPRESENTATION_RELATIONSHIP_WITH_TRANSFORMATION(#14)
SHAPE_REPRESENTATION_RELATIONSHIP()
);
#21=(
REPRESENTATION_RELATIONSHIP($,$,#9653,#9648)
REPRESENTATION_RELATIONSHIP_WITH_TRANSFORMATION(#15)
SHAPE_REPRESENTATION_RELATIONSHIP()
);
#22=(
REPRESENTATION_RELATIONSHIP($,$,#9653,#9648)
REPRESENTATION_RELATIONSHIP_WITH_TRANSFORMATION(#16)
SHAPE_REPRESENTATION_RELATIONSHIP()
);
#23=CONTEXT_DEPENDENT_SHAPE_REPRESENTATION(#17,#9642);
#24=CONTEXT_DEPENDENT_SHAPE_REPRESENTATION(#18,#9643);
#25=CONTEXT_DEPENDENT_SHAPE_REPRESENTATION(#19,#9644);
#26=CONTEXT_DEPENDENT_SHAPE_REPRESENTATION(#20,#9645);
#27=CONTEXT_DEPENDENT_SHAPE_REPRESENTATION(#21,#9646);
#28=CONTEXT_DEPENDENT_SHAPE_REPRESENTATION(#22,#9647);
#29=NEXT_ASSEMBLY_USAGE_OCCURRENCE('Optics Housing V3:1',
'Optics Housing V3:1','Optics Housing V3:1',#9655,#9656,
'Optics Housing V3:1');
#30=NEXT_ASSEMBLY_USAGE_OCCURRENCE('Base 38mm Wide.:1',
'Base 38mm Wide.:1','Base 38mm Wide.:1',#9655,#9657,'Base 38mm Wide.:1');
#31=NEXT_ASSEMBLY_USAGE_OCCURRENCE('Diffuser - DG05-1500:1',
'Diffuser - DG05-1500:1','Diffuser - DG05-1500:1',#9655,#9658,
'Diffuser - DG05-1500:1');
#32=NEXT_ASSEMBLY_USAGE_OCCURRENCE('MRA03-E02-RA Mirror:1',
'MRA03-E02-RA Mirror:1','MRA03-E02-RA Mirror:1',#9655,#9659,
'MRA03-E02-RA Mirror:1');
#33=NEXT_ASSEMBLY_USAGE_OCCURRENCE(
'lc_lc_coupler_molex_1061251100_sd_scaled_3d:1',
'lc_lc_coupler_molex_1061251100_sd_scaled_3d:1',
'lc_lc_coupler_molex_1061251100_sd_scaled_3d:1',#9655,#9660,
'lc_lc_coupler_molex_1061251100_sd_scaled_3d:1');
#34=NEXT_ASSEMBLY_USAGE_OCCURRENCE(
'lc_lc_coupler_molex_1061251100_sd_scaled_3d:2',
'lc_lc_coupler_molex_1061251100_sd_scaled_3d:2',
'lc_lc_coupler_molex_1061251100_sd_scaled_3d:2',#9655,#9660,
'lc_lc_coupler_molex_1061251100_sd_scaled_3d:2');
#35=GEOMETRICALLY_BOUNDED_WIREFRAME_SHAPE_REPRESENTATION('',(#36),#9624);
#36=GEOMETRIC_CURVE_SET('Sketch1',(#9605));
#37=B_SPLINE_SURFACE_WITH_KNOTS('',3,1,((#9508,#9509),(#9510,#9511),(#9512,
#9513),(#9514,#9515)),.UNSPECIFIED.,.F.,.F.,.F.,(4,4),(2,2),(0.,1.),(0.,
0.6858),.UNSPECIFIED.);
#38=B_SPLINE_SURFACE_WITH_KNOTS('',3,1,((#9569,#9570),(#9571,#9572),(#9573,
#9574),(#9575,#9576)),.UNSPECIFIED.,.F.,.F.,.F.,(4,4),(2,2),(0.,1.),(0.,
0.6858),.UNSPECIFIED.);
#39=SHAPE_REPRESENTATION_RELATIONSHIP('SRR','None',#9649,#45);
#40=SHAPE_REPRESENTATION_RELATIONSHIP('SRR','None',#9650,#46);
#41=SHAPE_REPRESENTATION_RELATIONSHIP('SRR','None',#9651,#47);
#42=SHAPE_REPRESENTATION_RELATIONSHIP('SRR','None',#9652,#48);
#43=SHAPE_REPRESENTATION_RELATIONSHIP('SRR','None',#9653,#49);
#44=SHAPE_REPRESENTATION_RELATIONSHIP('SRR','None',#9653,#35);
#45=ADVANCED_BREP_SHAPE_REPRESENTATION('',(#55),#9620);
#46=ADVANCED_BREP_SHAPE_REPRESENTATION('',(#56),#9621);
#47=ADVANCED_BREP_SHAPE_REPRESENTATION('',(#57),#9622);
#48=ADVANCED_BREP_SHAPE_REPRESENTATION('',(#58),#9623);
#49=ADVANCED_BREP_SHAPE_REPRESENTATION('',(#59),#9624);
#50=STYLED_ITEM('',(#5874),#55);
#51=STYLED_ITEM('',(#5874),#56);
#52=STYLED_ITEM('',(#5875),#57);
#53=STYLED_ITEM('',(#5874),#58);
#54=STYLED_ITEM('',(#5876),#59);
#55=MANIFOLD_SOLID_BREP('Solid1',#5810);
#56=MANIFOLD_SOLID_BREP('Solid1',#5811);
#57=MANIFOLD_SOLID_BREP('Solid1',#5812);
#58=MANIFOLD_SOLID_BREP('Solid1',#5813);
#59=MANIFOLD_SOLID_BREP('Solid1',#5814);
#60=B_SPLINE_CURVE_WITH_KNOTS('',3,(#8489,#8490,#8491,#8492),
 .UNSPECIFIED.,.F.,.F.,(4,4),(-0.0507905326195524,0.),.UNSPECIFIED.);
#61=B_SPLINE_CURVE_WITH_KNOTS('',3,(#8775,#8776,#8777,#8778),
 .UNSPECIFIED.,.F.,.F.,(4,4),(-0.0507905326195383,0.),.UNSPECIFIED.);
#62=B_SPLINE_CURVE_WITH_KNOTS('',3,(#9517,#9518,#9519,#9520),
 .UNSPECIFIED.,.F.,.F.,(4,4),(0.,1.),.UNSPECIFIED.);
#63=B_SPLINE_CURVE_WITH_KNOTS('',3,(#9522,#9523,#9524,#9525),
 .UNSPECIFIED.,.F.,.F.,(4,4),(0.,1.),.UNSPECIFIED.);
#64=B_SPLINE_CURVE_WITH_KNOTS('',3,(#9578,#9579,#9580,#9581),
 .UNSPECIFIED.,.F.,.F.,(4,4),(0.,1.),.UNSPECIFIED.);
#65=B_SPLINE_CURVE_WITH_KNOTS('',3,(#9583,#9584,#9585,#9586),
 .UNSPECIFIED.,.F.,.F.,(4,4),(0.,1.),.UNSPECIFIED.);
#66=FACE_BOUND('',#607,.T.);
#67=FACE_BOUND('',#611,.T.);
#68=FACE_BOUND('',#614,.T.);
#69=FACE_BOUND('',#619,.T.);
#70=FACE_BOUND('',#622,.T.);
#71=FACE_BOUND('',#626,.T.);
#72=FACE_BOUND('',#629,.T.);
#73=FACE_BOUND('',#633,.T.);
#74=FACE_BOUND('',#637,.T.);
#75=FACE_BOUND('',#640,.T.);
#76=FACE_BOUND('',#641,.T.);
#77=FACE_BOUND('',#642,.T.);
#78=FACE_BOUND('',#665,.T.);
#79=FACE_BOUND('',#668,.T.);
#80=FACE_BOUND('',#772,.T.);
#81=FACE_BOUND('',#773,.T.);
#82=FACE_BOUND('',#774,.T.);
#83=FACE_BOUND('',#775,.T.);
#84=FACE_BOUND('',#782,.T.);
#85=FACE_BOUND('',#789,.T.);
#86=FACE_BOUND('',#809,.T.);
#87=FACE_BOUND('',#812,.T.);
#88=FACE_BOUND('',#813,.T.);
#89=FACE_BOUND('',#819,.T.);
#90=FACE_BOUND('',#820,.T.);
#91=FACE_BOUND('',#884,.T.);
#92=FACE_BOUND('',#885,.T.);
#93=FACE_BOUND('',#886,.T.);
#94=FACE_BOUND('',#887,.T.);
#95=FACE_BOUND('',#893,.T.);
#96=FACE_BOUND('',#898,.T.);
#97=FACE_BOUND('',#901,.T.);
#98=FACE_BOUND('',#906,.T.);
#99=FACE_BOUND('',#945,.T.);
#100=FACE_BOUND('',#951,.T.);
#101=FACE_BOUND('',#959,.T.);
#102=FACE_BOUND('',#966,.T.);
#103=CYLINDRICAL_SURFACE('',#5964,2.2);
#104=CYLINDRICAL_SURFACE('',#5971,2.2);
#105=CYLINDRICAL_SURFACE('',#5979,0.9);
#106=CYLINDRICAL_SURFACE('',#5984,0.9);
#107=CYLINDRICAL_SURFACE('',#5995,1.7);
#108=CYLINDRICAL_SURFACE('',#6005,2.2);
#109=CYLINDRICAL_SURFACE('',#6012,2.2);
#110=CYLINDRICAL_SURFACE('',#6021,6.45);
#111=CYLINDRICAL_SURFACE('',#6044,1.7);
#112=CYLINDRICAL_SURFACE('',#6144,2.193);
#113=CYLINDRICAL_SURFACE('',#6156,2.193);
#114=CYLINDRICAL_SURFACE('',#6169,5.45);
#115=CYLINDRICAL_SURFACE('',#6198,2.2);
#116=CYLINDRICAL_SURFACE('',#6203,2.2);
#117=CYLINDRICAL_SURFACE('',#6211,2.2);
#118=CYLINDRICAL_SURFACE('',#6216,2.2);
#119=CYLINDRICAL_SURFACE('',#6287,4.);
#120=CYLINDRICAL_SURFACE('',#6295,4.);
#121=CYLINDRICAL_SURFACE('',#6307,4.);
#122=CYLINDRICAL_SURFACE('',#6315,3.99999999999999);
#123=CYLINDRICAL_SURFACE('',#6327,6.35);
#124=CYLINDRICAL_SURFACE('',#6368,0.625);
#125=CIRCLE('',#5961,2.5);
#126=CIRCLE('',#5962,2.2);
#127=CIRCLE('',#5963,2.2);
#128=CIRCLE('',#5965,2.2);
#129=CIRCLE('',#5968,2.5);
#130=CIRCLE('',#5969,2.2);
#131=CIRCLE('',#5970,2.2);
#132=CIRCLE('',#5972,2.2);
#133=CIRCLE('',#5975,1.2);
#134=CIRCLE('',#5976,0.9);
#135=CIRCLE('',#5977,0.9);
#136=CIRCLE('',#5980,0.9);
#137=CIRCLE('',#5982,0.9);
#138=CIRCLE('',#5983,1.2);
#139=CIRCLE('',#5985,0.9);
#140=CIRCLE('',#5986,0.9);
#141=CIRCLE('',#5989,1.2);
#142=CIRCLE('',#5992,1.99999999999999);
#143=CIRCLE('',#5993,1.7);
#144=CIRCLE('',#5994,1.7);
#145=CIRCLE('',#5996,1.7);
#146=CIRCLE('',#5999,1.99999999999999);
#147=CIRCLE('',#6002,2.49999999999999);
#148=CIRCLE('',#6003,2.2);
#149=CIRCLE('',#6004,2.2);
#150=CIRCLE('',#6006,2.2);
#151=CIRCLE('',#6009,2.49999999999999);
#152=CIRCLE('',#6010,2.2);
#153=CIRCLE('',#6011,2.2);
#154=CIRCLE('',#6013,2.2);
#155=CIRCLE('',#6016,6.75);
#156=CIRCLE('',#6017,6.45);
#157=CIRCLE('',#6018,6.45);
#158=CIRCLE('',#6020,1.893);
#159=CIRCLE('',#6022,6.45);
#160=CIRCLE('',#6042,2.);
#161=CIRCLE('',#6043,1.7);
#162=CIRCLE('',#6045,1.7);
#163=CIRCLE('',#6046,1.7);
#164=CIRCLE('',#6049,2.);
#165=CIRCLE('',#6066,2.193);
#166=CIRCLE('',#6137,2.193);
#167=CIRCLE('',#6138,1.89300000000001);
#168=CIRCLE('',#6145,2.193);
#169=CIRCLE('',#6157,2.193);
#170=CIRCLE('',#6170,5.45);
#171=CIRCLE('',#6171,5.45);
#172=CIRCLE('',#6194,2.5);
#173=CIRCLE('',#6195,2.2);
#174=CIRCLE('',#6197,2.5);
#175=CIRCLE('',#6199,2.2);
#176=CIRCLE('',#6200,2.2);
#177=CIRCLE('',#6202,2.2);
#178=CIRCLE('',#6204,2.2);
#179=CIRCLE('',#6205,2.2);
#180=CIRCLE('',#6207,2.49999999999999);
#181=CIRCLE('',#6208,2.2);
#182=CIRCLE('',#6210,2.49999999999999);
#183=CIRCLE('',#6212,2.2);
#184=CIRCLE('',#6213,2.2);
#185=CIRCLE('',#6215,2.2);
#186=CIRCLE('',#6217,2.2);
#187=CIRCLE('',#6218,2.2);
#188=CIRCLE('',#6279,4.3);
#189=CIRCLE('',#6280,4.3);
#190=CIRCLE('',#6281,4.29999999999999);
#191=CIRCLE('',#6282,4.3);
#192=CIRCLE('',#6285,4.);
#193=CIRCLE('',#6286,4.);
#194=CIRCLE('',#6288,4.);
#195=CIRCLE('',#6290,2.5);
#196=CIRCLE('',#6293,4.);
#197=CIRCLE('',#6294,4.);
#198=CIRCLE('',#6296,4.);
#199=CIRCLE('',#6298,2.5);
#200=CIRCLE('',#6301,2.49999999999999);
#201=CIRCLE('',#6303,4.);
#202=CIRCLE('',#6305,4.);
#203=CIRCLE('',#6306,4.);
#204=CIRCLE('',#6309,2.49999999999999);
#205=CIRCLE('',#6311,3.99999999999999);
#206=CIRCLE('',#6313,3.99999999999999);
#207=CIRCLE('',#6314,3.99999999999999);
#208=CIRCLE('',#6324,6.35);
#209=CIRCLE('',#6325,6.35);
#210=CIRCLE('',#6326,6.1);
#211=CIRCLE('',#6328,6.35);
#212=CIRCLE('',#6329,6.35);
#213=CIRCLE('',#6332,6.1);
#214=CIRCLE('',#6361,0.625);
#215=CIRCLE('',#6367,0.625);
#216=CONICAL_SURFACE('',#5960,2.35,0.785398163397449);
#217=CONICAL_SURFACE('',#5967,2.35,0.785398163397449);
#218=CONICAL_SURFACE('',#5974,1.05,0.785398163397445);
#219=CONICAL_SURFACE('',#5981,1.05,0.785398163397421);
#220=CONICAL_SURFACE('',#5988,1.05,0.785398163397451);
#221=CONICAL_SURFACE('',#5991,1.85,0.785398163397441);
#222=CONICAL_SURFACE('',#5998,1.85,0.785398163397437);
#223=CONICAL_SURFACE('',#6001,2.35,0.785398163397438);
#224=CONICAL_SURFACE('',#6008,2.35,0.785398163397438);
#225=CONICAL_SURFACE('',#6015,6.6,0.785398163397452);
#226=CONICAL_SURFACE('',#6041,1.85,0.785398163397452);
#227=CONICAL_SURFACE('',#6048,1.85,0.785398163397452);
#228=CONICAL_SURFACE('',#6065,2.043,0.785398163397448);
#229=CONICAL_SURFACE('',#6136,2.043,0.785398163397426);
#230=CONICAL_SURFACE('',#6193,2.35,0.785398163397482);
#231=CONICAL_SURFACE('',#6201,2.35,0.785398163397452);
#232=CONICAL_SURFACE('',#6206,2.35,0.785398163397411);
#233=CONICAL_SURFACE('',#6214,2.35,0.785398163397441);
#234=CONICAL_SURFACE('',#6284,4.15,0.785398163397449);
#235=CONICAL_SURFACE('',#6289,2.35,0.785398163397448);
#236=CONICAL_SURFACE('',#6292,4.15,0.785398163397449);
#237=CONICAL_SURFACE('',#6297,2.35,0.785398163397448);
#238=CONICAL_SURFACE('',#6300,2.35,0.785398163397437);
#239=CONICAL_SURFACE('',#6304,4.15,0.785398163397438);
#240=CONICAL_SURFACE('',#6308,2.35,0.785398163397437);
#241=CONICAL_SURFACE('',#6312,4.14999999999999,0.785398163397438);
#242=CONICAL_SURFACE('',#6323,6.225,0.785398163397449);
#243=CONICAL_SURFACE('',#6331,6.225,0.785398163397449);
#244=FACE_OUTER_BOUND('',#590,.T.);
#245=FACE_OUTER_BOUND('',#591,.T.);
#246=FACE_OUTER_BOUND('',#592,.T.);
#247=FACE_OUTER_BOUND('',#593,.T.);
#248=FACE_OUTER_BOUND('',#594,.T.);
#249=FACE_OUTER_BOUND('',#595,.T.);
#250=FACE_OUTER_BOUND('',#596,.T.);
#251=FACE_OUTER_BOUND('',#597,.T.);
#252=FACE_OUTER_BOUND('',#598,.T.);
#253=FACE_OUTER_BOUND('',#599,.T.);
#254=FACE_OUTER_BOUND('',#600,.T.);
#255=FACE_OUTER_BOUND('',#601,.T.);
#256=FACE_OUTER_BOUND('',#602,.T.);
#257=FACE_OUTER_BOUND('',#603,.T.);
#258=FACE_OUTER_BOUND('',#604,.T.);
#259=FACE_OUTER_BOUND('',#605,.T.);
#260=FACE_OUTER_BOUND('',#606,.T.);
#261=FACE_OUTER_BOUND('',#608,.T.);
#262=FACE_OUTER_BOUND('',#609,.T.);
#263=FACE_OUTER_BOUND('',#610,.T.);
#264=FACE_OUTER_BOUND('',#612,.T.);
#265=FACE_OUTER_BOUND('',#613,.T.);
#266=FACE_OUTER_BOUND('',#615,.T.);
#267=FACE_OUTER_BOUND('',#616,.T.);
#268=FACE_OUTER_BOUND('',#617,.T.);
#269=FACE_OUTER_BOUND('',#618,.T.);
#270=FACE_OUTER_BOUND('',#620,.T.);
#271=FACE_OUTER_BOUND('',#621,.T.);
#272=FACE_OUTER_BOUND('',#623,.T.);
#273=FACE_OUTER_BOUND('',#624,.T.);
#274=FACE_OUTER_BOUND('',#625,.T.);
#275=FACE_OUTER_BOUND('',#627,.T.);
#276=FACE_OUTER_BOUND('',#628,.T.);
#277=FACE_OUTER_BOUND('',#630,.T.);
#278=FACE_OUTER_BOUND('',#631,.T.);
#279=FACE_OUTER_BOUND('',#632,.T.);
#280=FACE_OUTER_BOUND('',#634,.T.);
#281=FACE_OUTER_BOUND('',#635,.T.);
#282=FACE_OUTER_BOUND('',#636,.T.);
#283=FACE_OUTER_BOUND('',#638,.T.);
#284=FACE_OUTER_BOUND('',#639,.T.);
#285=FACE_OUTER_BOUND('',#643,.T.);
#286=FACE_OUTER_BOUND('',#644,.T.);
#287=FACE_OUTER_BOUND('',#645,.T.);
#288=FACE_OUTER_BOUND('',#646,.T.);
#289=FACE_OUTER_BOUND('',#647,.T.);
#290=FACE_OUTER_BOUND('',#648,.T.);
#291=FACE_OUTER_BOUND('',#649,.T.);
#292=FACE_OUTER_BOUND('',#650,.T.);
#293=FACE_OUTER_BOUND('',#651,.T.);
#294=FACE_OUTER_BOUND('',#652,.T.);
#295=FACE_OUTER_BOUND('',#653,.T.);
#296=FACE_OUTER_BOUND('',#654,.T.);
#297=FACE_OUTER_BOUND('',#655,.T.);
#298=FACE_OUTER_BOUND('',#656,.T.);
#299=FACE_OUTER_BOUND('',#657,.T.);
#300=FACE_OUTER_BOUND('',#658,.T.);
#301=FACE_OUTER_BOUND('',#659,.T.);
#302=FACE_OUTER_BOUND('',#660,.T.);
#303=FACE_OUTER_BOUND('',#661,.T.);
#304=FACE_OUTER_BOUND('',#662,.T.);
#305=FACE_OUTER_BOUND('',#663,.T.);
#306=FACE_OUTER_BOUND('',#664,.T.);
#307=FACE_OUTER_BOUND('',#666,.T.);
#308=FACE_OUTER_BOUND('',#667,.T.);
#309=FACE_OUTER_BOUND('',#669,.T.);
#310=FACE_OUTER_BOUND('',#670,.T.);
#311=FACE_OUTER_BOUND('',#671,.T.);
#312=FACE_OUTER_BOUND('',#672,.T.);
#313=FACE_OUTER_BOUND('',#673,.T.);
#314=FACE_OUTER_BOUND('',#674,.T.);
#315=FACE_OUTER_BOUND('',#675,.T.);
#316=FACE_OUTER_BOUND('',#676,.T.);
#317=FACE_OUTER_BOUND('',#677,.T.);
#318=FACE_OUTER_BOUND('',#678,.T.);
#319=FACE_OUTER_BOUND('',#679,.T.);
#320=FACE_OUTER_BOUND('',#680,.T.);
#321=FACE_OUTER_BOUND('',#681,.T.);
#322=FACE_OUTER_BOUND('',#682,.T.);
#323=FACE_OUTER_BOUND('',#683,.T.);
#324=FACE_OUTER_BOUND('',#684,.T.);
#325=FACE_OUTER_BOUND('',#685,.T.);
#326=FACE_OUTER_BOUND('',#686,.T.);
#327=FACE_OUTER_BOUND('',#687,.T.);
#328=FACE_OUTER_BOUND('',#688,.T.);
#329=FACE_OUTER_BOUND('',#689,.T.);
#330=FACE_OUTER_BOUND('',#690,.T.);
#331=FACE_OUTER_BOUND('',#691,.T.);
#332=FACE_OUTER_BOUND('',#692,.T.);
#333=FACE_OUTER_BOUND('',#693,.T.);
#334=FACE_OUTER_BOUND('',#694,.T.);
#335=FACE_OUTER_BOUND('',#695,.T.);
#336=FACE_OUTER_BOUND('',#696,.T.);
#337=FACE_OUTER_BOUND('',#697,.T.);
#338=FACE_OUTER_BOUND('',#698,.T.);
#339=FACE_OUTER_BOUND('',#699,.T.);
#340=FACE_OUTER_BOUND('',#700,.T.);
#341=FACE_OUTER_BOUND('',#701,.T.);
#342=FACE_OUTER_BOUND('',#702,.T.);
#343=FACE_OUTER_BOUND('',#703,.T.);
#344=FACE_OUTER_BOUND('',#704,.T.);
#345=FACE_OUTER_BOUND('',#705,.T.);
#346=FACE_OUTER_BOUND('',#706,.T.);
#347=FACE_OUTER_BOUND('',#707,.T.);
#348=FACE_OUTER_BOUND('',#708,.T.);
#349=FACE_OUTER_BOUND('',#709,.T.);
#350=FACE_OUTER_BOUND('',#710,.T.);
#351=FACE_OUTER_BOUND('',#711,.T.);
#352=FACE_OUTER_BOUND('',#712,.T.);
#353=FACE_OUTER_BOUND('',#713,.T.);
#354=FACE_OUTER_BOUND('',#714,.T.);
#355=FACE_OUTER_BOUND('',#715,.T.);
#356=FACE_OUTER_BOUND('',#716,.T.);
#357=FACE_OUTER_BOUND('',#717,.T.);
#358=FACE_OUTER_BOUND('',#718,.T.);
#359=FACE_OUTER_BOUND('',#719,.T.);
#360=FACE_OUTER_BOUND('',#720,.T.);
#361=FACE_OUTER_BOUND('',#721,.T.);
#362=FACE_OUTER_BOUND('',#722,.T.);
#363=FACE_OUTER_BOUND('',#723,.T.);
#364=FACE_OUTER_BOUND('',#724,.T.);
#365=FACE_OUTER_BOUND('',#725,.T.);
#366=FACE_OUTER_BOUND('',#726,.T.);
#367=FACE_OUTER_BOUND('',#727,.T.);
#368=FACE_OUTER_BOUND('',#728,.T.);
#369=FACE_OUTER_BOUND('',#729,.T.);
#370=FACE_OUTER_BOUND('',#730,.T.);
#371=FACE_OUTER_BOUND('',#731,.T.);
#372=FACE_OUTER_BOUND('',#732,.T.);
#373=FACE_OUTER_BOUND('',#733,.T.);
#374=FACE_OUTER_BOUND('',#734,.T.);
#375=FACE_OUTER_BOUND('',#735,.T.);
#376=FACE_OUTER_BOUND('',#736,.T.);
#377=FACE_OUTER_BOUND('',#737,.T.);
#378=FACE_OUTER_BOUND('',#738,.T.);
#379=FACE_OUTER_BOUND('',#739,.T.);
#380=FACE_OUTER_BOUND('',#740,.T.);
#381=FACE_OUTER_BOUND('',#741,.T.);
#382=FACE_OUTER_BOUND('',#742,.T.);
#383=FACE_OUTER_BOUND('',#743,.T.);
#384=FACE_OUTER_BOUND('',#744,.T.);
#385=FACE_OUTER_BOUND('',#745,.T.);
#386=FACE_OUTER_BOUND('',#746,.T.);
#387=FACE_OUTER_BOUND('',#747,.T.);
#388=FACE_OUTER_BOUND('',#748,.T.);
#389=FACE_OUTER_BOUND('',#749,.T.);
#390=FACE_OUTER_BOUND('',#750,.T.);
#391=FACE_OUTER_BOUND('',#751,.T.);
#392=FACE_OUTER_BOUND('',#752,.T.);
#393=FACE_OUTER_BOUND('',#753,.T.);
#394=FACE_OUTER_BOUND('',#754,.T.);
#395=FACE_OUTER_BOUND('',#755,.T.);
#396=FACE_OUTER_BOUND('',#756,.T.);
#397=FACE_OUTER_BOUND('',#757,.T.);
#398=FACE_OUTER_BOUND('',#758,.T.);
#399=FACE_OUTER_BOUND('',#759,.T.);
#400=FACE_OUTER_BOUND('',#760,.T.);
#401=FACE_OUTER_BOUND('',#761,.T.);
#402=FACE_OUTER_BOUND('',#762,.T.);
#403=FACE_OUTER_BOUND('',#763,.T.);
#404=FACE_OUTER_BOUND('',#764,.T.);
#405=FACE_OUTER_BOUND('',#765,.T.);
#406=FACE_OUTER_BOUND('',#766,.T.);
#407=FACE_OUTER_BOUND('',#767,.T.);
#408=FACE_OUTER_BOUND('',#768,.T.);
#409=FACE_OUTER_BOUND('',#769,.T.);
#410=FACE_OUTER_BOUND('',#770,.T.);
#411=FACE_OUTER_BOUND('',#771,.T.);
#412=FACE_OUTER_BOUND('',#776,.T.);
#413=FACE_OUTER_BOUND('',#777,.T.);
#414=FACE_OUTER_BOUND('',#778,.T.);
#415=FACE_OUTER_BOUND('',#779,.T.);
#416=FACE_OUTER_BOUND('',#780,.T.);
#417=FACE_OUTER_BOUND('',#781,.T.);
#418=FACE_OUTER_BOUND('',#783,.T.);
#419=FACE_OUTER_BOUND('',#784,.T.);
#420=FACE_OUTER_BOUND('',#785,.T.);
#421=FACE_OUTER_BOUND('',#786,.T.);
#422=FACE_OUTER_BOUND('',#787,.T.);
#423=FACE_OUTER_BOUND('',#788,.T.);
#424=FACE_OUTER_BOUND('',#790,.T.);
#425=FACE_OUTER_BOUND('',#791,.T.);
#426=FACE_OUTER_BOUND('',#792,.T.);
#427=FACE_OUTER_BOUND('',#793,.T.);
#428=FACE_OUTER_BOUND('',#794,.T.);
#429=FACE_OUTER_BOUND('',#795,.T.);
#430=FACE_OUTER_BOUND('',#796,.T.);
#431=FACE_OUTER_BOUND('',#797,.T.);
#432=FACE_OUTER_BOUND('',#798,.T.);
#433=FACE_OUTER_BOUND('',#799,.T.);
#434=FACE_OUTER_BOUND('',#800,.T.);
#435=FACE_OUTER_BOUND('',#801,.T.);
#436=FACE_OUTER_BOUND('',#802,.T.);
#437=FACE_OUTER_BOUND('',#803,.T.);
#438=FACE_OUTER_BOUND('',#804,.T.);
#439=FACE_OUTER_BOUND('',#805,.T.);
#440=FACE_OUTER_BOUND('',#806,.T.);
#441=FACE_OUTER_BOUND('',#807,.T.);
#442=FACE_OUTER_BOUND('',#808,.T.);
#443=FACE_OUTER_BOUND('',#810,.T.);
#444=FACE_OUTER_BOUND('',#811,.T.);
#445=FACE_OUTER_BOUND('',#814,.T.);
#446=FACE_OUTER_BOUND('',#815,.T.);
#447=FACE_OUTER_BOUND('',#816,.T.);
#448=FACE_OUTER_BOUND('',#817,.T.);
#449=FACE_OUTER_BOUND('',#818,.T.);
#450=FACE_OUTER_BOUND('',#821,.T.);
#451=FACE_OUTER_BOUND('',#822,.T.);
#452=FACE_OUTER_BOUND('',#823,.T.);
#453=FACE_OUTER_BOUND('',#824,.T.);
#454=FACE_OUTER_BOUND('',#825,.T.);
#455=FACE_OUTER_BOUND('',#826,.T.);
#456=FACE_OUTER_BOUND('',#827,.T.);
#457=FACE_OUTER_BOUND('',#828,.T.);
#458=FACE_OUTER_BOUND('',#829,.T.);
#459=FACE_OUTER_BOUND('',#830,.T.);
#460=FACE_OUTER_BOUND('',#831,.T.);
#461=FACE_OUTER_BOUND('',#832,.T.);
#462=FACE_OUTER_BOUND('',#833,.T.);
#463=FACE_OUTER_BOUND('',#834,.T.);
#464=FACE_OUTER_BOUND('',#835,.T.);
#465=FACE_OUTER_BOUND('',#836,.T.);
#466=FACE_OUTER_BOUND('',#837,.T.);
#467=FACE_OUTER_BOUND('',#838,.T.);
#468=FACE_OUTER_BOUND('',#839,.T.);
#469=FACE_OUTER_BOUND('',#840,.T.);
#470=FACE_OUTER_BOUND('',#841,.T.);
#471=FACE_OUTER_BOUND('',#842,.T.);
#472=FACE_OUTER_BOUND('',#843,.T.);
#473=FACE_OUTER_BOUND('',#844,.T.);
#474=FACE_OUTER_BOUND('',#845,.T.);
#475=FACE_OUTER_BOUND('',#846,.T.);
#476=FACE_OUTER_BOUND('',#847,.T.);
#477=FACE_OUTER_BOUND('',#848,.T.);
#478=FACE_OUTER_BOUND('',#849,.T.);
#479=FACE_OUTER_BOUND('',#850,.T.);
#480=FACE_OUTER_BOUND('',#851,.T.);
#481=FACE_OUTER_BOUND('',#852,.T.);
#482=FACE_OUTER_BOUND('',#853,.T.);
#483=FACE_OUTER_BOUND('',#854,.T.);
#484=FACE_OUTER_BOUND('',#855,.T.);
#485=FACE_OUTER_BOUND('',#856,.T.);
#486=FACE_OUTER_BOUND('',#857,.T.);
#487=FACE_OUTER_BOUND('',#858,.T.);
#488=FACE_OUTER_BOUND('',#859,.T.);
#489=FACE_OUTER_BOUND('',#860,.T.);
#490=FACE_OUTER_BOUND('',#861,.T.);
#491=FACE_OUTER_BOUND('',#862,.T.);
#492=FACE_OUTER_BOUND('',#863,.T.);
#493=FACE_OUTER_BOUND('',#864,.T.);
#494=FACE_OUTER_BOUND('',#865,.T.);
#495=FACE_OUTER_BOUND('',#866,.T.);
#496=FACE_OUTER_BOUND('',#867,.T.);
#497=FACE_OUTER_BOUND('',#868,.T.);
#498=FACE_OUTER_BOUND('',#869,.T.);
#499=FACE_OUTER_BOUND('',#870,.T.);
#500=FACE_OUTER_BOUND('',#871,.T.);
#501=FACE_OUTER_BOUND('',#872,.T.);
#502=FACE_OUTER_BOUND('',#873,.T.);
#503=FACE_OUTER_BOUND('',#874,.T.);
#504=FACE_OUTER_BOUND('',#875,.T.);
#505=FACE_OUTER_BOUND('',#876,.T.);
#506=FACE_OUTER_BOUND('',#877,.T.);
#507=FACE_OUTER_BOUND('',#878,.T.);
#508=FACE_OUTER_BOUND('',#879,.T.);
#509=FACE_OUTER_BOUND('',#880,.T.);
#510=FACE_OUTER_BOUND('',#881,.T.);
#511=FACE_OUTER_BOUND('',#882,.T.);
#512=FACE_OUTER_BOUND('',#883,.T.);
#513=FACE_OUTER_BOUND('',#888,.T.);
#514=FACE_OUTER_BOUND('',#889,.T.);
#515=FACE_OUTER_BOUND('',#890,.T.);
#516=FACE_OUTER_BOUND('',#891,.T.);
#517=FACE_OUTER_BOUND('',#892,.T.);
#518=FACE_OUTER_BOUND('',#894,.T.);
#519=FACE_OUTER_BOUND('',#895,.T.);
#520=FACE_OUTER_BOUND('',#896,.T.);
#521=FACE_OUTER_BOUND('',#897,.T.);
#522=FACE_OUTER_BOUND('',#899,.T.);
#523=FACE_OUTER_BOUND('',#900,.T.);
#524=FACE_OUTER_BOUND('',#902,.T.);
#525=FACE_OUTER_BOUND('',#903,.T.);
#526=FACE_OUTER_BOUND('',#904,.T.);
#527=FACE_OUTER_BOUND('',#905,.T.);
#528=FACE_OUTER_BOUND('',#907,.T.);
#529=FACE_OUTER_BOUND('',#908,.T.);
#530=FACE_OUTER_BOUND('',#909,.T.);
#531=FACE_OUTER_BOUND('',#910,.T.);
#532=FACE_OUTER_BOUND('',#911,.T.);
#533=FACE_OUTER_BOUND('',#912,.T.);
#534=FACE_OUTER_BOUND('',#913,.T.);
#535=FACE_OUTER_BOUND('',#914,.T.);
#536=FACE_OUTER_BOUND('',#915,.T.);
#537=FACE_OUTER_BOUND('',#916,.T.);
#538=FACE_OUTER_BOUND('',#917,.T.);
#539=FACE_OUTER_BOUND('',#918,.T.);
#540=FACE_OUTER_BOUND('',#919,.T.);
#541=FACE_OUTER_BOUND('',#920,.T.);
#542=FACE_OUTER_BOUND('',#921,.T.);
#543=FACE_OUTER_BOUND('',#922,.T.);
#544=FACE_OUTER_BOUND('',#923,.T.);
#545=FACE_OUTER_BOUND('',#924,.T.);
#546=FACE_OUTER_BOUND('',#925,.T.);
#547=FACE_OUTER_BOUND('',#926,.T.);
#548=FACE_OUTER_BOUND('',#927,.T.);
#549=FACE_OUTER_BOUND('',#928,.T.);
#550=FACE_OUTER_BOUND('',#929,.T.);
#551=FACE_OUTER_BOUND('',#930,.T.);
#552=FACE_OUTER_BOUND('',#931,.T.);
#553=FACE_OUTER_BOUND('',#932,.T.);
#554=FACE_OUTER_BOUND('',#933,.T.);
#555=FACE_OUTER_BOUND('',#934,.T.);
#556=FACE_OUTER_BOUND('',#935,.T.);
#557=FACE_OUTER_BOUND('',#936,.T.);
#558=FACE_OUTER_BOUND('',#937,.T.);
#559=FACE_OUTER_BOUND('',#938,.T.);
#560=FACE_OUTER_BOUND('',#939,.T.);
#561=FACE_OUTER_BOUND('',#940,.T.);
#562=FACE_OUTER_BOUND('',#941,.T.);
#563=FACE_OUTER_BOUND('',#942,.T.);
#564=FACE_OUTER_BOUND('',#943,.T.);
#565=FACE_OUTER_BOUND('',#944,.T.);
#566=FACE_OUTER_BOUND('',#946,.T.);
#567=FACE_OUTER_BOUND('',#947,.T.);
#568=FACE_OUTER_BOUND('',#948,.T.);
#569=FACE_OUTER_BOUND('',#949,.T.);
#570=FACE_OUTER_BOUND('',#950,.T.);
#571=FACE_OUTER_BOUND('',#952,.T.);
#572=FACE_OUTER_BOUND('',#953,.T.);
#573=FACE_OUTER_BOUND('',#954,.T.);
#574=FACE_OUTER_BOUND('',#955,.T.);
#575=FACE_OUTER_BOUND('',#956,.T.);
#576=FACE_OUTER_BOUND('',#957,.T.);
#577=FACE_OUTER_BOUND('',#958,.T.);
#578=FACE_OUTER_BOUND('',#960,.T.);
#579=FACE_OUTER_BOUND('',#961,.T.);
#580=FACE_OUTER_BOUND('',#962,.T.);
#581=FACE_OUTER_BOUND('',#963,.T.);
#582=FACE_OUTER_BOUND('',#964,.T.);
#583=FACE_OUTER_BOUND('',#965,.T.);
#584=FACE_OUTER_BOUND('',#967,.T.);
#585=FACE_OUTER_BOUND('',#968,.T.);
#586=FACE_OUTER_BOUND('',#969,.T.);
#587=FACE_OUTER_BOUND('',#970,.T.);
#588=FACE_OUTER_BOUND('',#971,.T.);
#589=FACE_OUTER_BOUND('',#972,.T.);
#590=EDGE_LOOP('',(#3598,#3599,#3600,#3601));
#591=EDGE_LOOP('',(#3602,#3603,#3604,#3605,#3606));
#592=EDGE_LOOP('',(#3607,#3608,#3609,#3610));
#593=EDGE_LOOP('',(#3611,#3612,#3613,#3614,#3615));
#594=EDGE_LOOP('',(#3616,#3617,#3618,#3619));
#595=EDGE_LOOP('',(#3620,#3621,#3622,#3623,#3624));
#596=EDGE_LOOP('',(#3625,#3626,#3627,#3628));
#597=EDGE_LOOP('',(#3629,#3630,#3631,#3632,#3633));
#598=EDGE_LOOP('',(#3634,#3635,#3636,#3637,#3638));
#599=EDGE_LOOP('',(#3639,#3640,#3641,#3642,#3643));
#600=EDGE_LOOP('',(#3644,#3645,#3646,#3647,#3648));
#601=EDGE_LOOP('',(#3649,#3650,#3651,#3652,#3653));
#602=EDGE_LOOP('',(#3654,#3655,#3656,#3657,#3658));
#603=EDGE_LOOP('',(#3659,#3660,#3661,#3662,#3663));
#604=EDGE_LOOP('',(#3664,#3665,#3666,#3667,#3668));
#605=EDGE_LOOP('',(#3669,#3670,#3671,#3672,#3673));
#606=EDGE_LOOP('',(#3674,#3675,#3676,#3677,#3678,#3679));
#607=EDGE_LOOP('',(#3680));
#608=EDGE_LOOP('',(#3681,#3682,#3683,#3684,#3685));
#609=EDGE_LOOP('',(#3686,#3687,#3688,#3689,#3690));
#610=EDGE_LOOP('',(#3691,#3692,#3693,#3694,#3695,#3696));
#611=EDGE_LOOP('',(#3697));
#612=EDGE_LOOP('',(#3698,#3699,#3700,#3701,#3702));
#613=EDGE_LOOP('',(#3703,#3704,#3705,#3706));
#614=EDGE_LOOP('',(#3707));
#615=EDGE_LOOP('',(#3708,#3709,#3710,#3711,#3712));
#616=EDGE_LOOP('',(#3713,#3714,#3715,#3716));
#617=EDGE_LOOP('',(#3717,#3718,#3719,#3720,#3721));
#618=EDGE_LOOP('',(#3722,#3723,#3724,#3725));
#619=EDGE_LOOP('',(#3726));
#620=EDGE_LOOP('',(#3727,#3728,#3729,#3730,#3731));
#621=EDGE_LOOP('',(#3732,#3733,#3734,#3735));
#622=EDGE_LOOP('',(#3736));
#623=EDGE_LOOP('',(#3737,#3738,#3739,#3740,#3741));
#624=EDGE_LOOP('',(#3742,#3743,#3744,#3745,#3746));
#625=EDGE_LOOP('',(#3747,#3748,#3749,#3750,#3751,#3752,#3753,#3754,#3755,
#3756));
#626=EDGE_LOOP('',(#3757));
#627=EDGE_LOOP('',(#3758,#3759,#3760,#3761));
#628=EDGE_LOOP('',(#3762,#3763,#3764,#3765));
#629=EDGE_LOOP('',(#3766));
#630=EDGE_LOOP('',(#3767,#3768,#3769,#3770,#3771));
#631=EDGE_LOOP('',(#3772,#3773,#3774,#3775,#3776));
#632=EDGE_LOOP('',(#3777,#3778,#3779,#3780,#3781,#3782));
#633=EDGE_LOOP('',(#3783));
#634=EDGE_LOOP('',(#3784,#3785,#3786,#3787,#3788));
#635=EDGE_LOOP('',(#3789,#3790,#3791,#3792,#3793));
#636=EDGE_LOOP('',(#3794,#3795,#3796,#3797,#3798,#3799));
#637=EDGE_LOOP('',(#3800));
#638=EDGE_LOOP('',(#3801,#3802,#3803,#3804,#3805));
#639=EDGE_LOOP('',(#3806,#3807,#3808,#3809,#3810,#3811,#3812,#3813,#3814,
#3815,#3816,#3817,#3818,#3819,#3820,#3821,#3822,#3823,#3824,#3825,#3826,
#3827,#3828,#3829,#3830,#3831,#3832,#3833,#3834,#3835,#3836,#3837,#3838,
#3839));
#640=EDGE_LOOP('',(#3840,#3841,#3842,#3843,#3844,#3845));
#641=EDGE_LOOP('',(#3846,#3847,#3848,#3849,#3850,#3851));
#642=EDGE_LOOP('',(#3852));
#643=EDGE_LOOP('',(#3853,#3854,#3855,#3856,#3857));
#644=EDGE_LOOP('',(#3858,#3859,#3860,#3861));
#645=EDGE_LOOP('',(#3862,#3863,#3864,#3865));
#646=EDGE_LOOP('',(#3866,#3867,#3868,#3869));
#647=EDGE_LOOP('',(#3870,#3871,#3872,#3873));
#648=EDGE_LOOP('',(#3874,#3875,#3876,#3877));
#649=EDGE_LOOP('',(#3878,#3879,#3880,#3881));
#650=EDGE_LOOP('',(#3882,#3883,#3884,#3885));
#651=EDGE_LOOP('',(#3886,#3887,#3888,#3889));
#652=EDGE_LOOP('',(#3890,#3891,#3892,#3893));
#653=EDGE_LOOP('',(#3894,#3895,#3896,#3897));
#654=EDGE_LOOP('',(#3898,#3899,#3900,#3901));
#655=EDGE_LOOP('',(#3902,#3903,#3904,#3905));
#656=EDGE_LOOP('',(#3906,#3907,#3908,#3909));
#657=EDGE_LOOP('',(#3910,#3911,#3912,#3913));
#658=EDGE_LOOP('',(#3914,#3915,#3916,#3917));
#659=EDGE_LOOP('',(#3918,#3919,#3920,#3921));
#660=EDGE_LOOP('',(#3922,#3923,#3924,#3925));
#661=EDGE_LOOP('',(#3926,#3927,#3928,#3929));
#662=EDGE_LOOP('',(#3930,#3931,#3932,#3933));
#663=EDGE_LOOP('',(#3934,#3935,#3936,#3937,#3938));
#664=EDGE_LOOP('',(#3939,#3940,#3941,#3942));
#665=EDGE_LOOP('',(#3943));
#666=EDGE_LOOP('',(#3944,#3945,#3946,#3947,#3948));
#667=EDGE_LOOP('',(#3949,#3950,#3951,#3952));
#668=EDGE_LOOP('',(#3953));
#669=EDGE_LOOP('',(#3954,#3955,#3956,#3957));
#670=EDGE_LOOP('',(#3958,#3959,#3960,#3961));
#671=EDGE_LOOP('',(#3962,#3963,#3964,#3965));
#672=EDGE_LOOP('',(#3966,#3967,#3968,#3969));
#673=EDGE_LOOP('',(#3970,#3971,#3972,#3973));
#674=EDGE_LOOP('',(#3974,#3975,#3976,#3977));
#675=EDGE_LOOP('',(#3978,#3979,#3980,#3981));
#676=EDGE_LOOP('',(#3982,#3983,#3984,#3985));
#677=EDGE_LOOP('',(#3986,#3987,#3988,#3989));
#678=EDGE_LOOP('',(#3990,#3991,#3992,#3993));
#679=EDGE_LOOP('',(#3994,#3995,#3996,#3997));
#680=EDGE_LOOP('',(#3998,#3999,#4000,#4001));
#681=EDGE_LOOP('',(#4002,#4003,#4004,#4005));
#682=EDGE_LOOP('',(#4006,#4007,#4008,#4009));
#683=EDGE_LOOP('',(#4010,#4011,#4012,#4013));
#684=EDGE_LOOP('',(#4014,#4015,#4016,#4017));
#685=EDGE_LOOP('',(#4018,#4019,#4020,#4021));
#686=EDGE_LOOP('',(#4022,#4023,#4024,#4025));
#687=EDGE_LOOP('',(#4026,#4027,#4028,#4029));
#688=EDGE_LOOP('',(#4030,#4031,#4032,#4033));
#689=EDGE_LOOP('',(#4034,#4035,#4036,#4037));
#690=EDGE_LOOP('',(#4038,#4039,#4040,#4041));
#691=EDGE_LOOP('',(#4042,#4043,#4044));
#692=EDGE_LOOP('',(#4045,#4046,#4047));
#693=EDGE_LOOP('',(#4048,#4049,#4050));
#694=EDGE_LOOP('',(#4051,#4052,#4053));
#695=EDGE_LOOP('',(#4054,#4055,#4056,#4057));
#696=EDGE_LOOP('',(#4058,#4059,#4060,#4061));
#697=EDGE_LOOP('',(#4062,#4063,#4064));
#698=EDGE_LOOP('',(#4065,#4066,#4067));
#699=EDGE_LOOP('',(#4068,#4069,#4070,#4071,#4072));
#700=EDGE_LOOP('',(#4073,#4074,#4075));
#701=EDGE_LOOP('',(#4076,#4077,#4078));
#702=EDGE_LOOP('',(#4079,#4080,#4081,#4082));
#703=EDGE_LOOP('',(#4083,#4084,#4085));
#704=EDGE_LOOP('',(#4086,#4087,#4088,#4089));
#705=EDGE_LOOP('',(#4090,#4091,#4092));
#706=EDGE_LOOP('',(#4093,#4094,#4095,#4096));
#707=EDGE_LOOP('',(#4097,#4098,#4099,#4100));
#708=EDGE_LOOP('',(#4101,#4102,#4103,#4104));
#709=EDGE_LOOP('',(#4105,#4106,#4107));
#710=EDGE_LOOP('',(#4108,#4109,#4110,#4111));
#711=EDGE_LOOP('',(#4112,#4113,#4114));
#712=EDGE_LOOP('',(#4115,#4116,#4117));
#713=EDGE_LOOP('',(#4118,#4119,#4120,#4121));
#714=EDGE_LOOP('',(#4122,#4123,#4124,#4125));
#715=EDGE_LOOP('',(#4126,#4127,#4128));
#716=EDGE_LOOP('',(#4129,#4130,#4131));
#717=EDGE_LOOP('',(#4132,#4133,#4134,#4135));
#718=EDGE_LOOP('',(#4136,#4137,#4138,#4139,#4140));
#719=EDGE_LOOP('',(#4141,#4142,#4143));
#720=EDGE_LOOP('',(#4144,#4145,#4146,#4147));
#721=EDGE_LOOP('',(#4148,#4149,#4150,#4151));
#722=EDGE_LOOP('',(#4152,#4153,#4154));
#723=EDGE_LOOP('',(#4155,#4156,#4157,#4158));
#724=EDGE_LOOP('',(#4159,#4160,#4161,#4162));
#725=EDGE_LOOP('',(#4163,#4164,#4165));
#726=EDGE_LOOP('',(#4166,#4167,#4168,#4169));
#727=EDGE_LOOP('',(#4170,#4171,#4172,#4173));
#728=EDGE_LOOP('',(#4174,#4175,#4176));
#729=EDGE_LOOP('',(#4177,#4178,#4179,#4180));
#730=EDGE_LOOP('',(#4181,#4182,#4183,#4184));
#731=EDGE_LOOP('',(#4185,#4186,#4187));
#732=EDGE_LOOP('',(#4188,#4189,#4190,#4191));
#733=EDGE_LOOP('',(#4192,#4193,#4194,#4195,#4196));
#734=EDGE_LOOP('',(#4197,#4198,#4199,#4200));
#735=EDGE_LOOP('',(#4201,#4202,#4203,#4204));
#736=EDGE_LOOP('',(#4205,#4206,#4207,#4208));
#737=EDGE_LOOP('',(#4209,#4210,#4211,#4212));
#738=EDGE_LOOP('',(#4213,#4214,#4215,#4216));
#739=EDGE_LOOP('',(#4217,#4218,#4219,#4220));
#740=EDGE_LOOP('',(#4221,#4222,#4223,#4224));
#741=EDGE_LOOP('',(#4225,#4226,#4227,#4228));
#742=EDGE_LOOP('',(#4229,#4230,#4231,#4232));
#743=EDGE_LOOP('',(#4233,#4234,#4235,#4236));
#744=EDGE_LOOP('',(#4237,#4238,#4239,#4240));
#745=EDGE_LOOP('',(#4241,#4242,#4243,#4244));
#746=EDGE_LOOP('',(#4245,#4246,#4247,#4248));
#747=EDGE_LOOP('',(#4249,#4250,#4251,#4252,#4253));
#748=EDGE_LOOP('',(#4254,#4255,#4256,#4257));
#749=EDGE_LOOP('',(#4258,#4259,#4260,#4261));
#750=EDGE_LOOP('',(#4262,#4263,#4264,#4265));
#751=EDGE_LOOP('',(#4266,#4267,#4268,#4269));
#752=EDGE_LOOP('',(#4270,#4271,#4272,#4273));
#753=EDGE_LOOP('',(#4274,#4275,#4276,#4277));
#754=EDGE_LOOP('',(#4278,#4279,#4280,#4281));
#755=EDGE_LOOP('',(#4282,#4283,#4284,#4285));
#756=EDGE_LOOP('',(#4286,#4287,#4288,#4289));
#757=EDGE_LOOP('',(#4290,#4291,#4292,#4293));
#758=EDGE_LOOP('',(#4294,#4295,#4296,#4297));
#759=EDGE_LOOP('',(#4298,#4299,#4300,#4301));
#760=EDGE_LOOP('',(#4302,#4303,#4304,#4305));
#761=EDGE_LOOP('',(#4306,#4307,#4308,#4309));
#762=EDGE_LOOP('',(#4310,#4311,#4312,#4313));
#763=EDGE_LOOP('',(#4314,#4315,#4316,#4317));
#764=EDGE_LOOP('',(#4318,#4319,#4320,#4321));
#765=EDGE_LOOP('',(#4322,#4323,#4324,#4325));
#766=EDGE_LOOP('',(#4326,#4327,#4328,#4329));
#767=EDGE_LOOP('',(#4330,#4331,#4332,#4333));
#768=EDGE_LOOP('',(#4334,#4335,#4336,#4337));
#769=EDGE_LOOP('',(#4338,#4339,#4340,#4341));
#770=EDGE_LOOP('',(#4342,#4343,#4344,#4345));
#771=EDGE_LOOP('',(#4346,#4347,#4348,#4349));
#772=EDGE_LOOP('',(#4350));
#773=EDGE_LOOP('',(#4351));
#774=EDGE_LOOP('',(#4352));
#775=EDGE_LOOP('',(#4353));
#776=EDGE_LOOP('',(#4354,#4355,#4356,#4357,#4358,#4359,#4360,#4361,#4362,
#4363,#4364,#4365));
#777=EDGE_LOOP('',(#4366,#4367,#4368,#4369));
#778=EDGE_LOOP('',(#4370,#4371,#4372,#4373,#4374,#4375,#4376,#4377));
#779=EDGE_LOOP('',(#4378,#4379,#4380,#4381,#4382,#4383,#4384,#4385,#4386,
#4387,#4388,#4389,#4390,#4391,#4392,#4393,#4394,#4395));
#780=EDGE_LOOP('',(#4396,#4397,#4398,#4399,#4400,#4401,#4402,#4403,#4404,
#4405));
#781=EDGE_LOOP('',(#4406,#4407,#4408,#4409));
#782=EDGE_LOOP('',(#4410));
#783=EDGE_LOOP('',(#4411,#4412,#4413,#4414));
#784=EDGE_LOOP('',(#4415,#4416,#4417,#4418));
#785=EDGE_LOOP('',(#4419,#4420,#4421,#4422));
#786=EDGE_LOOP('',(#4423,#4424,#4425,#4426));
#787=EDGE_LOOP('',(#4427,#4428,#4429,#4430));
#788=EDGE_LOOP('',(#4431));
#789=EDGE_LOOP('',(#4432,#4433,#4434,#4435));
#790=EDGE_LOOP('',(#4436,#4437,#4438,#4439));
#791=EDGE_LOOP('',(#4440,#4441,#4442,#4443));
#792=EDGE_LOOP('',(#4444,#4445,#4446,#4447));
#793=EDGE_LOOP('',(#4448,#4449,#4450,#4451));
#794=EDGE_LOOP('',(#4452,#4453,#4454,#4455));
#795=EDGE_LOOP('',(#4456,#4457,#4458,#4459,#4460,#4461,#4462,#4463,#4464,
#4465,#4466,#4467,#4468,#4469,#4470,#4471));
#796=EDGE_LOOP('',(#4472,#4473,#4474,#4475));
#797=EDGE_LOOP('',(#4476,#4477,#4478,#4479));
#798=EDGE_LOOP('',(#4480,#4481,#4482,#4483));
#799=EDGE_LOOP('',(#4484,#4485,#4486,#4487));
#800=EDGE_LOOP('',(#4488,#4489,#4490,#4491));
#801=EDGE_LOOP('',(#4492,#4493,#4494,#4495,#4496,#4497,#4498,#4499,#4500,
#4501,#4502,#4503,#4504,#4505));
#802=EDGE_LOOP('',(#4506,#4507,#4508,#4509));
#803=EDGE_LOOP('',(#4510,#4511,#4512,#4513));
#804=EDGE_LOOP('',(#4514,#4515,#4516,#4517));
#805=EDGE_LOOP('',(#4518,#4519,#4520,#4521));
#806=EDGE_LOOP('',(#4522,#4523,#4524,#4525));
#807=EDGE_LOOP('',(#4526,#4527,#4528,#4529));
#808=EDGE_LOOP('',(#4530));
#809=EDGE_LOOP('',(#4531));
#810=EDGE_LOOP('',(#4532,#4533,#4534,#4535));
#811=EDGE_LOOP('',(#4536,#4537,#4538,#4539));
#812=EDGE_LOOP('',(#4540));
#813=EDGE_LOOP('',(#4541));
#814=EDGE_LOOP('',(#4542,#4543,#4544,#4545,#4546));
#815=EDGE_LOOP('',(#4547,#4548,#4549,#4550));
#816=EDGE_LOOP('',(#4551,#4552,#4553,#4554,#4555));
#817=EDGE_LOOP('',(#4556,#4557,#4558,#4559));
#818=EDGE_LOOP('',(#4560,#4561,#4562,#4563));
#819=EDGE_LOOP('',(#4564));
#820=EDGE_LOOP('',(#4565));
#821=EDGE_LOOP('',(#4566,#4567,#4568,#4569,#4570));
#822=EDGE_LOOP('',(#4571,#4572,#4573,#4574));
#823=EDGE_LOOP('',(#4575,#4576,#4577,#4578,#4579));
#824=EDGE_LOOP('',(#4580,#4581,#4582));
#825=EDGE_LOOP('',(#4583,#4584,#4585,#4586));
#826=EDGE_LOOP('',(#4587,#4588,#4589,#4590));
#827=EDGE_LOOP('',(#4591,#4592,#4593,#4594));
#828=EDGE_LOOP('',(#4595,#4596,#4597));
#829=EDGE_LOOP('',(#4598,#4599,#4600,#4601));
#830=EDGE_LOOP('',(#4602,#4603,#4604,#4605));
#831=EDGE_LOOP('',(#4606,#4607,#4608,#4609));
#832=EDGE_LOOP('',(#4610,#4611,#4612));
#833=EDGE_LOOP('',(#4613,#4614,#4615,#4616));
#834=EDGE_LOOP('',(#4617,#4618,#4619));
#835=EDGE_LOOP('',(#4620,#4621,#4622,#4623));
#836=EDGE_LOOP('',(#4624,#4625,#4626,#4627));
#837=EDGE_LOOP('',(#4628,#4629,#4630));
#838=EDGE_LOOP('',(#4631,#4632,#4633,#4634));
#839=EDGE_LOOP('',(#4635,#4636,#4637,#4638));
#840=EDGE_LOOP('',(#4639,#4640,#4641));
#841=EDGE_LOOP('',(#4642,#4643,#4644,#4645));
#842=EDGE_LOOP('',(#4646,#4647,#4648));
#843=EDGE_LOOP('',(#4649,#4650,#4651,#4652));
#844=EDGE_LOOP('',(#4653,#4654,#4655,#4656));
#845=EDGE_LOOP('',(#4657,#4658,#4659));
#846=EDGE_LOOP('',(#4660,#4661,#4662));
#847=EDGE_LOOP('',(#4663,#4664,#4665,#4666));
#848=EDGE_LOOP('',(#4667,#4668,#4669,#4670));
#849=EDGE_LOOP('',(#4671,#4672,#4673));
#850=EDGE_LOOP('',(#4674,#4675,#4676));
#851=EDGE_LOOP('',(#4677,#4678,#4679));
#852=EDGE_LOOP('',(#4680,#4681,#4682));
#853=EDGE_LOOP('',(#4683,#4684,#4685,#4686));
#854=EDGE_LOOP('',(#4687,#4688,#4689,#4690));
#855=EDGE_LOOP('',(#4691,#4692,#4693));
#856=EDGE_LOOP('',(#4694,#4695,#4696,#4697));
#857=EDGE_LOOP('',(#4698,#4699,#4700,#4701));
#858=EDGE_LOOP('',(#4702,#4703,#4704,#4705));
#859=EDGE_LOOP('',(#4706,#4707,#4708,#4709));
#860=EDGE_LOOP('',(#4710,#4711,#4712,#4713));
#861=EDGE_LOOP('',(#4714,#4715,#4716,#4717));
#862=EDGE_LOOP('',(#4718,#4719,#4720,#4721));
#863=EDGE_LOOP('',(#4722,#4723,#4724,#4725));
#864=EDGE_LOOP('',(#4726,#4727,#4728,#4729));
#865=EDGE_LOOP('',(#4730,#4731,#4732,#4733));
#866=EDGE_LOOP('',(#4734,#4735,#4736,#4737));
#867=EDGE_LOOP('',(#4738,#4739,#4740,#4741));
#868=EDGE_LOOP('',(#4742,#4743,#4744,#4745));
#869=EDGE_LOOP('',(#4746,#4747,#4748,#4749));
#870=EDGE_LOOP('',(#4750,#4751,#4752,#4753));
#871=EDGE_LOOP('',(#4754,#4755,#4756,#4757));
#872=EDGE_LOOP('',(#4758,#4759,#4760,#4761));
#873=EDGE_LOOP('',(#4762,#4763,#4764,#4765));
#874=EDGE_LOOP('',(#4766,#4767,#4768,#4769));
#875=EDGE_LOOP('',(#4770,#4771,#4772,#4773));
#876=EDGE_LOOP('',(#4774,#4775,#4776,#4777));
#877=EDGE_LOOP('',(#4778,#4779,#4780,#4781,#4782,#4783,#4784,#4785));
#878=EDGE_LOOP('',(#4786,#4787,#4788,#4789));
#879=EDGE_LOOP('',(#4790,#4791,#4792,#4793,#4794,#4795,#4796,#4797));
#880=EDGE_LOOP('',(#4798,#4799,#4800,#4801));
#881=EDGE_LOOP('',(#4802,#4803,#4804,#4805,#4806,#4807,#4808,#4809));
#882=EDGE_LOOP('',(#4810,#4811,#4812,#4813,#4814,#4815,#4816,#4817));
#883=EDGE_LOOP('',(#4818,#4819,#4820,#4821));
#884=EDGE_LOOP('',(#4822));
#885=EDGE_LOOP('',(#4823));
#886=EDGE_LOOP('',(#4824));
#887=EDGE_LOOP('',(#4825));
#888=EDGE_LOOP('',(#4826,#4827,#4828,#4829));
#889=EDGE_LOOP('',(#4830,#4831,#4832,#4833,#4834));
#890=EDGE_LOOP('',(#4835,#4836,#4837,#4838,#4839));
#891=EDGE_LOOP('',(#4840,#4841,#4842,#4843,#4844));
#892=EDGE_LOOP('',(#4845));
#893=EDGE_LOOP('',(#4846));
#894=EDGE_LOOP('',(#4847,#4848,#4849,#4850,#4851));
#895=EDGE_LOOP('',(#4852,#4853,#4854,#4855,#4856));
#896=EDGE_LOOP('',(#4857,#4858,#4859,#4860,#4861));
#897=EDGE_LOOP('',(#4862));
#898=EDGE_LOOP('',(#4863));
#899=EDGE_LOOP('',(#4864,#4865,#4866,#4867,#4868));
#900=EDGE_LOOP('',(#4869));
#901=EDGE_LOOP('',(#4870));
#902=EDGE_LOOP('',(#4871,#4872,#4873,#4874,#4875));
#903=EDGE_LOOP('',(#4876,#4877,#4878,#4879,#4880));
#904=EDGE_LOOP('',(#4881,#4882,#4883,#4884,#4885));
#905=EDGE_LOOP('',(#4886));
#906=EDGE_LOOP('',(#4887));
#907=EDGE_LOOP('',(#4888,#4889,#4890,#4891,#4892));
#908=EDGE_LOOP('',(#4893,#4894,#4895,#4896,#4897));
#909=EDGE_LOOP('',(#4898,#4899,#4900,#4901));
#910=EDGE_LOOP('',(#4902,#4903,#4904,#4905));
#911=EDGE_LOOP('',(#4906,#4907,#4908,#4909));
#912=EDGE_LOOP('',(#4910,#4911,#4912,#4913));
#913=EDGE_LOOP('',(#4914,#4915,#4916,#4917,#4918,#4919,#4920,#4921));
#914=EDGE_LOOP('',(#4922,#4923,#4924,#4925,#4926,#4927,#4928,#4929));
#915=EDGE_LOOP('',(#4930,#4931,#4932,#4933,#4934));
#916=EDGE_LOOP('',(#4935,#4936,#4937,#4938,#4939,#4940));
#917=EDGE_LOOP('',(#4941));
#918=EDGE_LOOP('',(#4942,#4943,#4944,#4945,#4946));
#919=EDGE_LOOP('',(#4947));
#920=EDGE_LOOP('',(#4948,#4949,#4950,#4951));
#921=EDGE_LOOP('',(#4952,#4953,#4954,#4955));
#922=EDGE_LOOP('',(#4956,#4957,#4958,#4959));
#923=EDGE_LOOP('',(#4960,#4961,#4962));
#924=EDGE_LOOP('',(#4963,#4964,#4965));
#925=EDGE_LOOP('',(#4966,#4967,#4968,#4969));
#926=EDGE_LOOP('',(#4970,#4971,#4972,#4973));
#927=EDGE_LOOP('',(#4974,#4975,#4976,#4977));
#928=EDGE_LOOP('',(#4978,#4979,#4980,#4981));
#929=EDGE_LOOP('',(#4982,#4983,#4984));
#930=EDGE_LOOP('',(#4985,#4986,#4987));
#931=EDGE_LOOP('',(#4988,#4989,#4990));
#932=EDGE_LOOP('',(#4991,#4992,#4993));
#933=EDGE_LOOP('',(#4994,#4995,#4996,#4997));
#934=EDGE_LOOP('',(#4998,#4999,#5000,#5001));
#935=EDGE_LOOP('',(#5002,#5003,#5004,#5005));
#936=EDGE_LOOP('',(#5006,#5007,#5008,#5009));
#937=EDGE_LOOP('',(#5010,#5011,#5012));
#938=EDGE_LOOP('',(#5013,#5014,#5015));
#939=EDGE_LOOP('',(#5016,#5017,#5018,#5019));
#940=EDGE_LOOP('',(#5020,#5021,#5022,#5023));
#941=EDGE_LOOP('',(#5024,#5025,#5026,#5027));
#942=EDGE_LOOP('',(#5028,#5029,#5030,#5031));
#943=EDGE_LOOP('',(#5032,#5033,#5034,#5035));
#944=EDGE_LOOP('',(#5036,#5037,#5038,#5039));
#945=EDGE_LOOP('',(#5040));
#946=EDGE_LOOP('',(#5041,#5042,#5043,#5044));
#947=EDGE_LOOP('',(#5045,#5046,#5047,#5048));
#948=EDGE_LOOP('',(#5049,#5050,#5051,#5052));
#949=EDGE_LOOP('',(#5053,#5054,#5055,#5056));
#950=EDGE_LOOP('',(#5057,#5058,#5059,#5060));
#951=EDGE_LOOP('',(#5061));
#952=EDGE_LOOP('',(#5062,#5063,#5064,#5065));
#953=EDGE_LOOP('',(#5066,#5067,#5068,#5069));
#954=EDGE_LOOP('',(#5070,#5071,#5072,#5073));
#955=EDGE_LOOP('',(#5074,#5075,#5076,#5077));
#956=EDGE_LOOP('',(#5078,#5079,#5080,#5081));
#957=EDGE_LOOP('',(#5082,#5083,#5084,#5085));
#958=EDGE_LOOP('',(#5086,#5087,#5088,#5089));
#959=EDGE_LOOP('',(#5090,#5091,#5092,#5093));
#960=EDGE_LOOP('',(#5094,#5095,#5096,#5097));
#961=EDGE_LOOP('',(#5098,#5099,#5100,#5101));
#962=EDGE_LOOP('',(#5102,#5103,#5104,#5105));
#963=EDGE_LOOP('',(#5106,#5107,#5108,#5109));
#964=EDGE_LOOP('',(#5110,#5111,#5112,#5113));
#965=EDGE_LOOP('',(#5114,#5115,#5116,#5117));
#966=EDGE_LOOP('',(#5118,#5119,#5120,#5121));
#967=EDGE_LOOP('',(#5122,#5123,#5124,#5125));
#968=EDGE_LOOP('',(#5126,#5127,#5128,#5129));
#969=EDGE_LOOP('',(#5130,#5131,#5132,#5133));
#970=EDGE_LOOP('',(#5134,#5135,#5136,#5137));
#971=EDGE_LOOP('',(#5138,#5139,#5140,#5141,#5142,#5143,#5144,#5145,#5146,
#5147,#5148,#5149,#5150,#5151,#5152,#5153));
#972=EDGE_LOOP('',(#5154,#5155,#5156,#5157,#5158,#5159,#5160,#5161,#5162,
#5163,#5164,#5165,#5166,#5167,#5168,#5169));
#973=LINE('',#7979,#1662);
#974=LINE('',#7981,#1663);
#975=LINE('',#7983,#1664);
#976=LINE('',#7984,#1665);
#977=LINE('',#7987,#1666);
#978=LINE('',#7989,#1667);
#979=LINE('',#7991,#1668);
#980=LINE('',#7992,#1669);
#981=LINE('',#7996,#1670);
#982=LINE('',#7998,#1671);
#983=LINE('',#8000,#1672);
#984=LINE('',#8001,#1673);
#985=LINE('',#8004,#1674);
#986=LINE('',#8006,#1675);
#987=LINE('',#8008,#1676);
#988=LINE('',#8009,#1677);
#989=LINE('',#8013,#1678);
#990=LINE('',#8015,#1679);
#991=LINE('',#8017,#1680);
#992=LINE('',#8018,#1681);
#993=LINE('',#8021,#1682);
#994=LINE('',#8023,#1683);
#995=LINE('',#8025,#1684);
#996=LINE('',#8026,#1685);
#997=LINE('',#8030,#1686);
#998=LINE('',#8032,#1687);
#999=LINE('',#8034,#1688);
#1000=LINE('',#8035,#1689);
#1001=LINE('',#8038,#1690);
#1002=LINE('',#8040,#1691);
#1003=LINE('',#8042,#1692);
#1004=LINE('',#8043,#1693);
#1005=LINE('',#8046,#1694);
#1006=LINE('',#8048,#1695);
#1007=LINE('',#8049,#1696);
#1008=LINE('',#8052,#1697);
#1009=LINE('',#8054,#1698);
#1010=LINE('',#8055,#1699);
#1011=LINE('',#8058,#1700);
#1012=LINE('',#8060,#1701);
#1013=LINE('',#8061,#1702);
#1014=LINE('',#8064,#1703);
#1015=LINE('',#8066,#1704);
#1016=LINE('',#8067,#1705);
#1017=LINE('',#8070,#1706);
#1018=LINE('',#8072,#1707);
#1019=LINE('',#8073,#1708);
#1020=LINE('',#8076,#1709);
#1021=LINE('',#8078,#1710);
#1022=LINE('',#8079,#1711);
#1023=LINE('',#8084,#1712);
#1024=LINE('',#8090,#1713);
#1025=LINE('',#8095,#1714);
#1026=LINE('',#8097,#1715);
#1027=LINE('',#8099,#1716);
#1028=LINE('',#8101,#1717);
#1029=LINE('',#8103,#1718);
#1030=LINE('',#8104,#1719);
#1031=LINE('',#8109,#1720);
#1032=LINE('',#8115,#1721);
#1033=LINE('',#8120,#1722);
#1034=LINE('',#8122,#1723);
#1035=LINE('',#8124,#1724);
#1036=LINE('',#8126,#1725);
#1037=LINE('',#8128,#1726);
#1038=LINE('',#8129,#1727);
#1039=LINE('',#8134,#1728);
#1040=LINE('',#8141,#1729);
#1041=LINE('',#8143,#1730);
#1042=LINE('',#8145,#1731);
#1043=LINE('',#8146,#1732);
#1044=LINE('',#8149,#1733);
#1045=LINE('',#8155,#1734);
#1046=LINE('',#8162,#1735);
#1047=LINE('',#8166,#1736);
#1048=LINE('',#8168,#1737);
#1049=LINE('',#8170,#1738);
#1050=LINE('',#8171,#1739);
#1051=LINE('',#8175,#1740);
#1052=LINE('',#8179,#1741);
#1053=LINE('',#8181,#1742);
#1054=LINE('',#8183,#1743);
#1055=LINE('',#8184,#1744);
#1056=LINE('',#8189,#1745);
#1057=LINE('',#8195,#1746);
#1058=LINE('',#8198,#1747);
#1059=LINE('',#8200,#1748);
#1060=LINE('',#8202,#1749);
#1061=LINE('',#8204,#1750);
#1062=LINE('',#8205,#1751);
#1063=LINE('',#8209,#1752);
#1064=LINE('',#8213,#1753);
#1065=LINE('',#8215,#1754);
#1066=LINE('',#8217,#1755);
#1067=LINE('',#8218,#1756);
#1068=LINE('',#8223,#1757);
#1069=LINE('',#8229,#1758);
#1070=LINE('',#8233,#1759);
#1071=LINE('',#8235,#1760);
#1072=LINE('',#8236,#1761);
#1073=LINE('',#8241,#1762);
#1074=LINE('',#8247,#1763);
#1075=LINE('',#8252,#1764);
#1076=LINE('',#8253,#1765);
#1077=LINE('',#8254,#1766);
#1078=LINE('',#8255,#1767);
#1079=LINE('',#8260,#1768);
#1080=LINE('',#8266,#1769);
#1081=LINE('',#8268,#1770);
#1082=LINE('',#8269,#1771);
#1083=LINE('',#8271,#1772);
#1084=LINE('',#8273,#1773);
#1085=LINE('',#8275,#1774);
#1086=LINE('',#8277,#1775);
#1087=LINE('',#8279,#1776);
#1088=LINE('',#8281,#1777);
#1089=LINE('',#8283,#1778);
#1090=LINE('',#8285,#1779);
#1091=LINE('',#8287,#1780);
#1092=LINE('',#8289,#1781);
#1093=LINE('',#8293,#1782);
#1094=LINE('',#8295,#1783);
#1095=LINE('',#8297,#1784);
#1096=LINE('',#8299,#1785);
#1097=LINE('',#8301,#1786);
#1098=LINE('',#8303,#1787);
#1099=LINE('',#8305,#1788);
#1100=LINE('',#8307,#1789);
#1101=LINE('',#8308,#1790);
#1102=LINE('',#8310,#1791);
#1103=LINE('',#8312,#1792);
#1104=LINE('',#8313,#1793);
#1105=LINE('',#8315,#1794);
#1106=LINE('',#8316,#1795);
#1107=LINE('',#8319,#1796);
#1108=LINE('',#8321,#1797);
#1109=LINE('',#8323,#1798);
#1110=LINE('',#8325,#1799);
#1111=LINE('',#8327,#1800);
#1112=LINE('',#8328,#1801);
#1113=LINE('',#8331,#1802);
#1114=LINE('',#8333,#1803);
#1115=LINE('',#8335,#1804);
#1116=LINE('',#8337,#1805);
#1117=LINE('',#8339,#1806);
#1118=LINE('',#8340,#1807);
#1119=LINE('',#8343,#1808);
#1120=LINE('',#8347,#1809);
#1121=LINE('',#8349,#1810);
#1122=LINE('',#8350,#1811);
#1123=LINE('',#8353,#1812);
#1124=LINE('',#8354,#1813);
#1125=LINE('',#8357,#1814);
#1126=LINE('',#8358,#1815);
#1127=LINE('',#8362,#1816);
#1128=LINE('',#8363,#1817);
#1129=LINE('',#8364,#1818);
#1130=LINE('',#8366,#1819);
#1131=LINE('',#8368,#1820);
#1132=LINE('',#8370,#1821);
#1133=LINE('',#8371,#1822);
#1134=LINE('',#8373,#1823);
#1135=LINE('',#8375,#1824);
#1136=LINE('',#8378,#1825);
#1137=LINE('',#8380,#1826);
#1138=LINE('',#8381,#1827);
#1139=LINE('',#8384,#1828);
#1140=LINE('',#8385,#1829);
#1141=LINE('',#8388,#1830);
#1142=LINE('',#8389,#1831);
#1143=LINE('',#8393,#1832);
#1144=LINE('',#8394,#1833);
#1145=LINE('',#8395,#1834);
#1146=LINE('',#8397,#1835);
#1147=LINE('',#8399,#1836);
#1148=LINE('',#8401,#1837);
#1149=LINE('',#8402,#1838);
#1150=LINE('',#8404,#1839);
#1151=LINE('',#8406,#1840);
#1152=LINE('',#8411,#1841);
#1153=LINE('',#8418,#1842);
#1154=LINE('',#8422,#1843);
#1155=LINE('',#8424,#1844);
#1156=LINE('',#8426,#1845);
#1157=LINE('',#8427,#1846);
#1158=LINE('',#8431,#1847);
#1159=LINE('',#8435,#1848);
#1160=LINE('',#8437,#1849);
#1161=LINE('',#8439,#1850);
#1162=LINE('',#8440,#1851);
#1163=LINE('',#8443,#1852);
#1164=LINE('',#8444,#1853);
#1165=LINE('',#8447,#1854);
#1166=LINE('',#8448,#1855);
#1167=LINE('',#8450,#1856);
#1168=LINE('',#8452,#1857);
#1169=LINE('',#8454,#1858);
#1170=LINE('',#8458,#1859);
#1171=LINE('',#8459,#1860);
#1172=LINE('',#8462,#1861);
#1173=LINE('',#8463,#1862);
#1174=LINE('',#8465,#1863);
#1175=LINE('',#8467,#1864);
#1176=LINE('',#8469,#1865);
#1177=LINE('',#8473,#1866);
#1178=LINE('',#8475,#1867);
#1179=LINE('',#8476,#1868);
#1180=LINE('',#8480,#1869);
#1181=LINE('',#8482,#1870);
#1182=LINE('',#8483,#1871);
#1183=LINE('',#8484,#1872);
#1184=LINE('',#8488,#1873);
#1185=LINE('',#8495,#1874);
#1186=LINE('',#8497,#1875);
#1187=LINE('',#8498,#1876);
#1188=LINE('',#8500,#1877);
#1189=LINE('',#8503,#1878);
#1190=LINE('',#8505,#1879);
#1191=LINE('',#8506,#1880);
#1192=LINE('',#8509,#1881);
#1193=LINE('',#8510,#1882);
#1194=LINE('',#8513,#1883);
#1195=LINE('',#8514,#1884);
#1196=LINE('',#8515,#1885);
#1197=LINE('',#8518,#1886);
#1198=LINE('',#8520,#1887);
#1199=LINE('',#8521,#1888);
#1200=LINE('',#8524,#1889);
#1201=LINE('',#8525,#1890);
#1202=LINE('',#8528,#1891);
#1203=LINE('',#8529,#1892);
#1204=LINE('',#8530,#1893);
#1205=LINE('',#8534,#1894);
#1206=LINE('',#8536,#1895);
#1207=LINE('',#8537,#1896);
#1208=LINE('',#8540,#1897);
#1209=LINE('',#8541,#1898);
#1210=LINE('',#8544,#1899);
#1211=LINE('',#8545,#1900);
#1212=LINE('',#8546,#1901);
#1213=LINE('',#8549,#1902);
#1214=LINE('',#8550,#1903);
#1215=LINE('',#8553,#1904);
#1216=LINE('',#8554,#1905);
#1217=LINE('',#8557,#1906);
#1218=LINE('',#8558,#1907);
#1219=LINE('',#8559,#1908);
#1220=LINE('',#8563,#1909);
#1221=LINE('',#8565,#1910);
#1222=LINE('',#8566,#1911);
#1223=LINE('',#8569,#1912);
#1224=LINE('',#8571,#1913);
#1225=LINE('',#8573,#1914);
#1226=LINE('',#8574,#1915);
#1227=LINE('',#8576,#1916);
#1228=LINE('',#8578,#1917);
#1229=LINE('',#8579,#1918);
#1230=LINE('',#8583,#1919);
#1231=LINE('',#8584,#1920);
#1232=LINE('',#8585,#1921);
#1233=LINE('',#8588,#1922);
#1234=LINE('',#8589,#1923);
#1235=LINE('',#8591,#1924);
#1236=LINE('',#8592,#1925);
#1237=LINE('',#8596,#1926);
#1238=LINE('',#8598,#1927);
#1239=LINE('',#8599,#1928);
#1240=LINE('',#8601,#1929);
#1241=LINE('',#8603,#1930);
#1242=LINE('',#8604,#1931);
#1243=LINE('',#8607,#1932);
#1244=LINE('',#8609,#1933);
#1245=LINE('',#8611,#1934);
#1246=LINE('',#8612,#1935);
#1247=LINE('',#8615,#1936);
#1248=LINE('',#8617,#1937);
#1249=LINE('',#8618,#1938);
#1250=LINE('',#8620,#1939);
#1251=LINE('',#8624,#1940);
#1252=LINE('',#8626,#1941);
#1253=LINE('',#8627,#1942);
#1254=LINE('',#8630,#1943);
#1255=LINE('',#8632,#1944);
#1256=LINE('',#8633,#1945);
#1257=LINE('',#8636,#1946);
#1258=LINE('',#8638,#1947);
#1259=LINE('',#8639,#1948);
#1260=LINE('',#8641,#1949);
#1261=LINE('',#8644,#1950);
#1262=LINE('',#8645,#1951);
#1263=LINE('',#8646,#1952);
#1264=LINE('',#8650,#1953);
#1265=LINE('',#8651,#1954);
#1266=LINE('',#8652,#1955);
#1267=LINE('',#8654,#1956);
#1268=LINE('',#8657,#1957);
#1269=LINE('',#8659,#1958);
#1270=LINE('',#8660,#1959);
#1271=LINE('',#8664,#1960);
#1272=LINE('',#8666,#1961);
#1273=LINE('',#8667,#1962);
#1274=LINE('',#8669,#1963);
#1275=LINE('',#8670,#1964);
#1276=LINE('',#8672,#1965);
#1277=LINE('',#8673,#1966);
#1278=LINE('',#8676,#1967);
#1279=LINE('',#8678,#1968);
#1280=LINE('',#8679,#1969);
#1281=LINE('',#8681,#1970);
#1282=LINE('',#8682,#1971);
#1283=LINE('',#8684,#1972);
#1284=LINE('',#8687,#1973);
#1285=LINE('',#8689,#1974);
#1286=LINE('',#8690,#1975);
#1287=LINE('',#8692,#1976);
#1288=LINE('',#8694,#1977);
#1289=LINE('',#8695,#1978);
#1290=LINE('',#8698,#1979);
#1291=LINE('',#8700,#1980);
#1292=LINE('',#8701,#1981);
#1293=LINE('',#8703,#1982);
#1294=LINE('',#8704,#1983);
#1295=LINE('',#8706,#1984);
#1296=LINE('',#8709,#1985);
#1297=LINE('',#8710,#1986);
#1298=LINE('',#8711,#1987);
#1299=LINE('',#8713,#1988);
#1300=LINE('',#8716,#1989);
#1301=LINE('',#8719,#1990);
#1302=LINE('',#8721,#1991);
#1303=LINE('',#8722,#1992);
#1304=LINE('',#8724,#1993);
#1305=LINE('',#8726,#1994);
#1306=LINE('',#8727,#1995);
#1307=LINE('',#8729,#1996);
#1308=LINE('',#8730,#1997);
#1309=LINE('',#8732,#1998);
#1310=LINE('',#8734,#1999);
#1311=LINE('',#8738,#2000);
#1312=LINE('',#8740,#2001);
#1313=LINE('',#8741,#2002);
#1314=LINE('',#8743,#2003);
#1315=LINE('',#8744,#2004);
#1316=LINE('',#8746,#2005);
#1317=LINE('',#8747,#2006);
#1318=LINE('',#8749,#2007);
#1319=LINE('',#8751,#2008);
#1320=LINE('',#8753,#2009);
#1321=LINE('',#8754,#2010);
#1322=LINE('',#8757,#2011);
#1323=LINE('',#8759,#2012);
#1324=LINE('',#8760,#2013);
#1325=LINE('',#8764,#2014);
#1326=LINE('',#8766,#2015);
#1327=LINE('',#8767,#2016);
#1328=LINE('',#8772,#2017);
#1329=LINE('',#8780,#2018);
#1330=LINE('',#8781,#2019);
#1331=LINE('',#8784,#2020);
#1332=LINE('',#8785,#2021);
#1333=LINE('',#8787,#2022);
#1334=LINE('',#8789,#2023);
#1335=LINE('',#8791,#2024);
#1336=LINE('',#8795,#2025);
#1337=LINE('',#8798,#2026);
#1338=LINE('',#8799,#2027);
#1339=LINE('',#8802,#2028);
#1340=LINE('',#8803,#2029);
#1341=LINE('',#8806,#2030);
#1342=LINE('',#8807,#2031);
#1343=LINE('',#8810,#2032);
#1344=LINE('',#8811,#2033);
#1345=LINE('',#8813,#2034);
#1346=LINE('',#8816,#2035);
#1347=LINE('',#8817,#2036);
#1348=LINE('',#8820,#2037);
#1349=LINE('',#8821,#2038);
#1350=LINE('',#8824,#2039);
#1351=LINE('',#8825,#2040);
#1352=LINE('',#8828,#2041);
#1353=LINE('',#8829,#2042);
#1354=LINE('',#8832,#2043);
#1355=LINE('',#8833,#2044);
#1356=LINE('',#8845,#2045);
#1357=LINE('',#8847,#2046);
#1358=LINE('',#8849,#2047);
#1359=LINE('',#8850,#2048);
#1360=LINE('',#8853,#2049);
#1361=LINE('',#8855,#2050);
#1362=LINE('',#8856,#2051);
#1363=LINE('',#8859,#2052);
#1364=LINE('',#8861,#2053);
#1365=LINE('',#8862,#2054);
#1366=LINE('',#8864,#2055);
#1367=LINE('',#8865,#2056);
#1368=LINE('',#8871,#2057);
#1369=LINE('',#8876,#2058);
#1370=LINE('',#8877,#2059);
#1371=LINE('',#8880,#2060);
#1372=LINE('',#8881,#2061);
#1373=LINE('',#8884,#2062);
#1374=LINE('',#8885,#2063);
#1375=LINE('',#8888,#2064);
#1376=LINE('',#8889,#2065);
#1377=LINE('',#8891,#2066);
#1378=LINE('',#8895,#2067);
#1379=LINE('',#8896,#2068);
#1380=LINE('',#8899,#2069);
#1381=LINE('',#8900,#2070);
#1382=LINE('',#8903,#2071);
#1383=LINE('',#8904,#2072);
#1384=LINE('',#8907,#2073);
#1385=LINE('',#8908,#2074);
#1386=LINE('',#8910,#2075);
#1387=LINE('',#8913,#2076);
#1388=LINE('',#8915,#2077);
#1389=LINE('',#8918,#2078);
#1390=LINE('',#8920,#2079);
#1391=LINE('',#8928,#2080);
#1392=LINE('',#8933,#2081);
#1393=LINE('',#8935,#2082);
#1394=LINE('',#8937,#2083);
#1395=LINE('',#8938,#2084);
#1396=LINE('',#8946,#2085);
#1397=LINE('',#8949,#2086);
#1398=LINE('',#8956,#2087);
#1399=LINE('',#8961,#2088);
#1400=LINE('',#8966,#2089);
#1401=LINE('',#8968,#2090);
#1402=LINE('',#8970,#2091);
#1403=LINE('',#8971,#2092);
#1404=LINE('',#8979,#2093);
#1405=LINE('',#8982,#2094);
#1406=LINE('',#8989,#2095);
#1407=LINE('',#8993,#2096);
#1408=LINE('',#8995,#2097);
#1409=LINE('',#8996,#2098);
#1410=LINE('',#9000,#2099);
#1411=LINE('',#9002,#2100);
#1412=LINE('',#9004,#2101);
#1413=LINE('',#9005,#2102);
#1414=LINE('',#9009,#2103);
#1415=LINE('',#9010,#2104);
#1416=LINE('',#9011,#2105);
#1417=LINE('',#9014,#2106);
#1418=LINE('',#9016,#2107);
#1419=LINE('',#9017,#2108);
#1420=LINE('',#9021,#2109);
#1421=LINE('',#9023,#2110);
#1422=LINE('',#9024,#2111);
#1423=LINE('',#9026,#2112);
#1424=LINE('',#9027,#2113);
#1425=LINE('',#9030,#2114);
#1426=LINE('',#9032,#2115);
#1427=LINE('',#9033,#2116);
#1428=LINE('',#9036,#2117);
#1429=LINE('',#9038,#2118);
#1430=LINE('',#9039,#2119);
#1431=LINE('',#9043,#2120);
#1432=LINE('',#9045,#2121);
#1433=LINE('',#9046,#2122);
#1434=LINE('',#9048,#2123);
#1435=LINE('',#9049,#2124);
#1436=LINE('',#9053,#2125);
#1437=LINE('',#9055,#2126);
#1438=LINE('',#9056,#2127);
#1439=LINE('',#9059,#2128);
#1440=LINE('',#9061,#2129);
#1441=LINE('',#9062,#2130);
#1442=LINE('',#9066,#2131);
#1443=LINE('',#9067,#2132);
#1444=LINE('',#9068,#2133);
#1445=LINE('',#9072,#2134);
#1446=LINE('',#9074,#2135);
#1447=LINE('',#9075,#2136);
#1448=LINE('',#9077,#2137);
#1449=LINE('',#9078,#2138);
#1450=LINE('',#9080,#2139);
#1451=LINE('',#9081,#2140);
#1452=LINE('',#9085,#2141);
#1453=LINE('',#9087,#2142);
#1454=LINE('',#9088,#2143);
#1455=LINE('',#9090,#2144);
#1456=LINE('',#9091,#2145);
#1457=LINE('',#9095,#2146);
#1458=LINE('',#9097,#2147);
#1459=LINE('',#9098,#2148);
#1460=LINE('',#9101,#2149);
#1461=LINE('',#9103,#2150);
#1462=LINE('',#9104,#2151);
#1463=LINE('',#9106,#2152);
#1464=LINE('',#9107,#2153);
#1465=LINE('',#9111,#2154);
#1466=LINE('',#9113,#2155);
#1467=LINE('',#9114,#2156);
#1468=LINE('',#9118,#2157);
#1469=LINE('',#9120,#2158);
#1470=LINE('',#9121,#2159);
#1471=LINE('',#9123,#2160);
#1472=LINE('',#9124,#2161);
#1473=LINE('',#9126,#2162);
#1474=LINE('',#9127,#2163);
#1475=LINE('',#9131,#2164);
#1476=LINE('',#9133,#2165);
#1477=LINE('',#9134,#2166);
#1478=LINE('',#9138,#2167);
#1479=LINE('',#9140,#2168);
#1480=LINE('',#9141,#2169);
#1481=LINE('',#9145,#2170);
#1482=LINE('',#9147,#2171);
#1483=LINE('',#9148,#2172);
#1484=LINE('',#9152,#2173);
#1485=LINE('',#9154,#2174);
#1486=LINE('',#9155,#2175);
#1487=LINE('',#9157,#2176);
#1488=LINE('',#9158,#2177);
#1489=LINE('',#9160,#2178);
#1490=LINE('',#9161,#2179);
#1491=LINE('',#9165,#2180);
#1492=LINE('',#9167,#2181);
#1493=LINE('',#9168,#2182);
#1494=LINE('',#9170,#2183);
#1495=LINE('',#9171,#2184);
#1496=LINE('',#9173,#2185);
#1497=LINE('',#9174,#2186);
#1498=LINE('',#9177,#2187);
#1499=LINE('',#9179,#2188);
#1500=LINE('',#9180,#2189);
#1501=LINE('',#9183,#2190);
#1502=LINE('',#9185,#2191);
#1503=LINE('',#9186,#2192);
#1504=LINE('',#9188,#2193);
#1505=LINE('',#9189,#2194);
#1506=LINE('',#9191,#2195);
#1507=LINE('',#9192,#2196);
#1508=LINE('',#9194,#2197);
#1509=LINE('',#9195,#2198);
#1510=LINE('',#9197,#2199);
#1511=LINE('',#9198,#2200);
#1512=LINE('',#9200,#2201);
#1513=LINE('',#9201,#2202);
#1514=LINE('',#9203,#2203);
#1515=LINE('',#9204,#2204);
#1516=LINE('',#9206,#2205);
#1517=LINE('',#9207,#2206);
#1518=LINE('',#9209,#2207);
#1519=LINE('',#9210,#2208);
#1520=LINE('',#9212,#2209);
#1521=LINE('',#9213,#2210);
#1522=LINE('',#9215,#2211);
#1523=LINE('',#9216,#2212);
#1524=LINE('',#9219,#2213);
#1525=LINE('',#9221,#2214);
#1526=LINE('',#9222,#2215);
#1527=LINE('',#9225,#2216);
#1528=LINE('',#9227,#2217);
#1529=LINE('',#9228,#2218);
#1530=LINE('',#9230,#2219);
#1531=LINE('',#9231,#2220);
#1532=LINE('',#9233,#2221);
#1533=LINE('',#9234,#2222);
#1534=LINE('',#9236,#2223);
#1535=LINE('',#9237,#2224);
#1536=LINE('',#9239,#2225);
#1537=LINE('',#9242,#2226);
#1538=LINE('',#9244,#2227);
#1539=LINE('',#9246,#2228);
#1540=LINE('',#9262,#2229);
#1541=LINE('',#9268,#2230);
#1542=LINE('',#9272,#2231);
#1543=LINE('',#9277,#2232);
#1544=LINE('',#9283,#2233);
#1545=LINE('',#9287,#2234);
#1546=LINE('',#9292,#2235);
#1547=LINE('',#9299,#2236);
#1548=LINE('',#9304,#2237);
#1549=LINE('',#9307,#2238);
#1550=LINE('',#9314,#2239);
#1551=LINE('',#9319,#2240);
#1552=LINE('',#9321,#2241);
#1553=LINE('',#9324,#2242);
#1554=LINE('',#9335,#2243);
#1555=LINE('',#9342,#2244);
#1556=LINE('',#9347,#2245);
#1557=LINE('',#9353,#2246);
#1558=LINE('',#9355,#2247);
#1559=LINE('',#9357,#2248);
#1560=LINE('',#9358,#2249);
#1561=LINE('',#9362,#2250);
#1562=LINE('',#9364,#2251);
#1563=LINE('',#9366,#2252);
#1564=LINE('',#9367,#2253);
#1565=LINE('',#9371,#2254);
#1566=LINE('',#9373,#2255);
#1567=LINE('',#9375,#2256);
#1568=LINE('',#9376,#2257);
#1569=LINE('',#9380,#2258);
#1570=LINE('',#9382,#2259);
#1571=LINE('',#9383,#2260);
#1572=LINE('',#9387,#2261);
#1573=LINE('',#9389,#2262);
#1574=LINE('',#9390,#2263);
#1575=LINE('',#9392,#2264);
#1576=LINE('',#9393,#2265);
#1577=LINE('',#9395,#2266);
#1578=LINE('',#9396,#2267);
#1579=LINE('',#9398,#2268);
#1580=LINE('',#9399,#2269);
#1581=LINE('',#9401,#2270);
#1582=LINE('',#9402,#2271);
#1583=LINE('',#9404,#2272);
#1584=LINE('',#9406,#2273);
#1585=LINE('',#9408,#2274);
#1586=LINE('',#9410,#2275);
#1587=LINE('',#9412,#2276);
#1588=LINE('',#9414,#2277);
#1589=LINE('',#9416,#2278);
#1590=LINE('',#9418,#2279);
#1591=LINE('',#9420,#2280);
#1592=LINE('',#9422,#2281);
#1593=LINE('',#9428,#2282);
#1594=LINE('',#9430,#2283);
#1595=LINE('',#9432,#2284);
#1596=LINE('',#9433,#2285);
#1597=LINE('',#9436,#2286);
#1598=LINE('',#9438,#2287);
#1599=LINE('',#9439,#2288);
#1600=LINE('',#9442,#2289);
#1601=LINE('',#9444,#2290);
#1602=LINE('',#9445,#2291);
#1603=LINE('',#9447,#2292);
#1604=LINE('',#9448,#2293);
#1605=LINE('',#9455,#2294);
#1606=LINE('',#9457,#2295);
#1607=LINE('',#9459,#2296);
#1608=LINE('',#9460,#2297);
#1609=LINE('',#9463,#2298);
#1610=LINE('',#9465,#2299);
#1611=LINE('',#9466,#2300);
#1612=LINE('',#9469,#2301);
#1613=LINE('',#9471,#2302);
#1614=LINE('',#9472,#2303);
#1615=LINE('',#9474,#2304);
#1616=LINE('',#9475,#2305);
#1617=LINE('',#9480,#2306);
#1618=LINE('',#9484,#2307);
#1619=LINE('',#9486,#2308);
#1620=LINE('',#9488,#2309);
#1621=LINE('',#9489,#2310);
#1622=LINE('',#9492,#2311);
#1623=LINE('',#9494,#2312);
#1624=LINE('',#9495,#2313);
#1625=LINE('',#9498,#2314);
#1626=LINE('',#9500,#2315);
#1627=LINE('',#9501,#2316);
#1628=LINE('',#9504,#2317);
#1629=LINE('',#9506,#2318);
#1630=LINE('',#9507,#2319);
#1631=LINE('',#9526,#2320);
#1632=LINE('',#9529,#2321);
#1633=LINE('',#9531,#2322);
#1634=LINE('',#9532,#2323);
#1635=LINE('',#9535,#2324);
#1636=LINE('',#9537,#2325);
#1637=LINE('',#9538,#2326);
#1638=LINE('',#9541,#2327);
#1639=LINE('',#9543,#2328);
#1640=LINE('',#9544,#2329);
#1641=LINE('',#9547,#2330);
#1642=LINE('',#9549,#2331);
#1643=LINE('',#9550,#2332);
#1644=LINE('',#9553,#2333);
#1645=LINE('',#9555,#2334);
#1646=LINE('',#9556,#2335);
#1647=LINE('',#9559,#2336);
#1648=LINE('',#9561,#2337);
#1649=LINE('',#9562,#2338);
#1650=LINE('',#9565,#2339);
#1651=LINE('',#9567,#2340);
#1652=LINE('',#9568,#2341);
#1653=LINE('',#9587,#2342);
#1654=LINE('',#9590,#2343);
#1655=LINE('',#9592,#2344);
#1656=LINE('',#9593,#2345);
#1657=LINE('',#9596,#2346);
#1658=LINE('',#9598,#2347);
#1659=LINE('',#9599,#2348);
#1660=LINE('',#9601,#2349);
#1661=LINE('',#9602,#2350);
#1662=VECTOR('',#6397,10.);
#1663=VECTOR('',#6398,10.);
#1664=VECTOR('',#6399,10.);
#1665=VECTOR('',#6400,10.);
#1666=VECTOR('',#6403,10.);
#1667=VECTOR('',#6404,10.);
#1668=VECTOR('',#6405,10.);
#1669=VECTOR('',#6406,10.);
#1670=VECTOR('',#6409,10.);
#1671=VECTOR('',#6410,10.);
#1672=VECTOR('',#6411,10.);
#1673=VECTOR('',#6412,10.);
#1674=VECTOR('',#6415,10.);
#1675=VECTOR('',#6416,10.);
#1676=VECTOR('',#6417,10.);
#1677=VECTOR('',#6418,10.);
#1678=VECTOR('',#6421,10.);
#1679=VECTOR('',#6422,10.);
#1680=VECTOR('',#6423,10.);
#1681=VECTOR('',#6424,10.);
#1682=VECTOR('',#6427,10.);
#1683=VECTOR('',#6428,10.);
#1684=VECTOR('',#6429,10.);
#1685=VECTOR('',#6430,10.);
#1686=VECTOR('',#6433,10.);
#1687=VECTOR('',#6434,10.);
#1688=VECTOR('',#6435,10.);
#1689=VECTOR('',#6436,10.);
#1690=VECTOR('',#6439,10.);
#1691=VECTOR('',#6440,10.);
#1692=VECTOR('',#6441,10.);
#1693=VECTOR('',#6442,10.);
#1694=VECTOR('',#6445,10.);
#1695=VECTOR('',#6446,10.);
#1696=VECTOR('',#6447,10.);
#1697=VECTOR('',#6450,10.);
#1698=VECTOR('',#6451,10.);
#1699=VECTOR('',#6452,10.);
#1700=VECTOR('',#6455,10.);
#1701=VECTOR('',#6456,10.);
#1702=VECTOR('',#6457,10.);
#1703=VECTOR('',#6460,10.);
#1704=VECTOR('',#6461,10.);
#1705=VECTOR('',#6462,10.);
#1706=VECTOR('',#6465,10.);
#1707=VECTOR('',#6466,10.);
#1708=VECTOR('',#6467,10.);
#1709=VECTOR('',#6470,10.);
#1710=VECTOR('',#6471,10.);
#1711=VECTOR('',#6472,10.);
#1712=VECTOR('',#6477,2.35);
#1713=VECTOR('',#6484,2.2);
#1714=VECTOR('',#6489,10.);
#1715=VECTOR('',#6490,10.);
#1716=VECTOR('',#6491,10.);
#1717=VECTOR('',#6492,10.);
#1718=VECTOR('',#6493,10.);
#1719=VECTOR('',#6494,10.);
#1720=VECTOR('',#6499,2.35);
#1721=VECTOR('',#6506,2.2);
#1722=VECTOR('',#6511,10.);
#1723=VECTOR('',#6512,10.);
#1724=VECTOR('',#6513,10.);
#1725=VECTOR('',#6514,10.);
#1726=VECTOR('',#6515,10.);
#1727=VECTOR('',#6516,10.);
#1728=VECTOR('',#6521,1.05);
#1729=VECTOR('',#6528,10.);
#1730=VECTOR('',#6529,10.);
#1731=VECTOR('',#6530,10.);
#1732=VECTOR('',#6531,10.);
#1733=VECTOR('',#6534,0.9);
#1734=VECTOR('',#6541,1.05);
#1735=VECTOR('',#6550,0.9);
#1736=VECTOR('',#6553,10.);
#1737=VECTOR('',#6554,10.);
#1738=VECTOR('',#6555,10.);
#1739=VECTOR('',#6556,10.);
#1740=VECTOR('',#6561,1.05);
#1741=VECTOR('',#6564,10.);
#1742=VECTOR('',#6565,10.);
#1743=VECTOR('',#6566,10.);
#1744=VECTOR('',#6567,10.);
#1745=VECTOR('',#6572,1.85);
#1746=VECTOR('',#6579,1.7);
#1747=VECTOR('',#6584,10.);
#1748=VECTOR('',#6585,10.);
#1749=VECTOR('',#6586,10.);
#1750=VECTOR('',#6587,10.);
#1751=VECTOR('',#6588,10.);
#1752=VECTOR('',#6593,1.85);
#1753=VECTOR('',#6596,10.);
#1754=VECTOR('',#6597,10.);
#1755=VECTOR('',#6598,10.);
#1756=VECTOR('',#6599,10.);
#1757=VECTOR('',#6604,2.35);
#1758=VECTOR('',#6611,2.2);
#1759=VECTOR('',#6616,10.);
#1760=VECTOR('',#6617,10.);
#1761=VECTOR('',#6618,10.);
#1762=VECTOR('',#6623,2.35);
#1763=VECTOR('',#6630,2.2);
#1764=VECTOR('',#6635,10.);
#1765=VECTOR('',#6636,10.);
#1766=VECTOR('',#6637,10.);
#1767=VECTOR('',#6638,10.);
#1768=VECTOR('',#6643,6.6);
#1769=VECTOR('',#6650,10.);
#1770=VECTOR('',#6651,10.);
#1771=VECTOR('',#6652,10.);
#1772=VECTOR('',#6653,10.);
#1773=VECTOR('',#6654,10.);
#1774=VECTOR('',#6655,10.);
#1775=VECTOR('',#6656,10.);
#1776=VECTOR('',#6657,10.);
#1777=VECTOR('',#6658,10.);
#1778=VECTOR('',#6659,10.);
#1779=VECTOR('',#6660,10.);
#1780=VECTOR('',#6661,10.);
#1781=VECTOR('',#6662,10.);
#1782=VECTOR('',#6665,10.);
#1783=VECTOR('',#6666,10.);
#1784=VECTOR('',#6667,10.);
#1785=VECTOR('',#6668,10.);
#1786=VECTOR('',#6669,10.);
#1787=VECTOR('',#6670,10.);
#1788=VECTOR('',#6671,10.);
#1789=VECTOR('',#6672,10.);
#1790=VECTOR('',#6673,10.);
#1791=VECTOR('',#6674,10.);
#1792=VECTOR('',#6675,10.);
#1793=VECTOR('',#6676,10.);
#1794=VECTOR('',#6677,10.);
#1795=VECTOR('',#6678,10.);
#1796=VECTOR('',#6679,10.);
#1797=VECTOR('',#6680,10.);
#1798=VECTOR('',#6681,10.);
#1799=VECTOR('',#6682,10.);
#1800=VECTOR('',#6683,10.);
#1801=VECTOR('',#6684,10.);
#1802=VECTOR('',#6685,10.);
#1803=VECTOR('',#6686,10.);
#1804=VECTOR('',#6687,10.);
#1805=VECTOR('',#6688,10.);
#1806=VECTOR('',#6689,10.);
#1807=VECTOR('',#6690,10.);
#1808=VECTOR('',#6693,6.45);
#1809=VECTOR('',#6698,10.);
#1810=VECTOR('',#6699,10.);
#1811=VECTOR('',#6700,10.);
#1812=VECTOR('',#6703,10.);
#1813=VECTOR('',#6704,10.);
#1814=VECTOR('',#6707,10.);
#1815=VECTOR('',#6708,10.);
#1816=VECTOR('',#6711,10.);
#1817=VECTOR('',#6712,10.);
#1818=VECTOR('',#6713,10.);
#1819=VECTOR('',#6716,10.);
#1820=VECTOR('',#6719,10.);
#1821=VECTOR('',#6722,10.);
#1822=VECTOR('',#6723,10.);
#1823=VECTOR('',#6726,10.);
#1824=VECTOR('',#6729,10.);
#1825=VECTOR('',#6732,10.);
#1826=VECTOR('',#6733,10.);
#1827=VECTOR('',#6734,10.);
#1828=VECTOR('',#6737,10.);
#1829=VECTOR('',#6738,10.);
#1830=VECTOR('',#6741,10.);
#1831=VECTOR('',#6742,10.);
#1832=VECTOR('',#6745,10.);
#1833=VECTOR('',#6746,10.);
#1834=VECTOR('',#6747,10.);
#1835=VECTOR('',#6750,10.);
#1836=VECTOR('',#6753,10.);
#1837=VECTOR('',#6756,10.);
#1838=VECTOR('',#6757,10.);
#1839=VECTOR('',#6760,10.);
#1840=VECTOR('',#6763,10.);
#1841=VECTOR('',#6768,1.85);
#1842=VECTOR('',#6777,1.7);
#1843=VECTOR('',#6780,10.);
#1844=VECTOR('',#6781,10.);
#1845=VECTOR('',#6782,10.);
#1846=VECTOR('',#6783,10.);
#1847=VECTOR('',#6788,1.85);
#1848=VECTOR('',#6791,10.);
#1849=VECTOR('',#6792,10.);
#1850=VECTOR('',#6793,10.);
#1851=VECTOR('',#6794,10.);
#1852=VECTOR('',#6797,10.);
#1853=VECTOR('',#6798,10.);
#1854=VECTOR('',#6801,10.);
#1855=VECTOR('',#6802,10.);
#1856=VECTOR('',#6805,10.);
#1857=VECTOR('',#6808,10.);
#1858=VECTOR('',#6811,10.);
#1859=VECTOR('',#6816,10.);
#1860=VECTOR('',#6817,10.);
#1861=VECTOR('',#6820,10.);
#1862=VECTOR('',#6821,10.);
#1863=VECTOR('',#6824,10.);
#1864=VECTOR('',#6827,10.);
#1865=VECTOR('',#6830,10.);
#1866=VECTOR('',#6835,10.);
#1867=VECTOR('',#6836,10.);
#1868=VECTOR('',#6837,10.);
#1869=VECTOR('',#6840,10.);
#1870=VECTOR('',#6841,10.);
#1871=VECTOR('',#6842,10.);
#1872=VECTOR('',#6843,10.);
#1873=VECTOR('',#6848,10.);
#1874=VECTOR('',#6851,10.);
#1875=VECTOR('',#6852,10.);
#1876=VECTOR('',#6853,10.);
#1877=VECTOR('',#6856,10.);
#1878=VECTOR('',#6859,10.);
#1879=VECTOR('',#6860,10.);
#1880=VECTOR('',#6861,10.);
#1881=VECTOR('',#6864,10.);
#1882=VECTOR('',#6865,10.);
#1883=VECTOR('',#6868,10.);
#1884=VECTOR('',#6869,10.);
#1885=VECTOR('',#6870,10.);
#1886=VECTOR('',#6873,10.);
#1887=VECTOR('',#6874,10.);
#1888=VECTOR('',#6875,10.);
#1889=VECTOR('',#6878,10.);
#1890=VECTOR('',#6879,10.);
#1891=VECTOR('',#6882,10.);
#1892=VECTOR('',#6883,10.);
#1893=VECTOR('',#6884,10.);
#1894=VECTOR('',#6887,10.);
#1895=VECTOR('',#6888,10.);
#1896=VECTOR('',#6889,10.);
#1897=VECTOR('',#6892,10.);
#1898=VECTOR('',#6893,10.);
#1899=VECTOR('',#6896,10.);
#1900=VECTOR('',#6897,10.);
#1901=VECTOR('',#6898,10.);
#1902=VECTOR('',#6901,10.);
#1903=VECTOR('',#6902,10.);
#1904=VECTOR('',#6905,10.);
#1905=VECTOR('',#6906,10.);
#1906=VECTOR('',#6909,10.);
#1907=VECTOR('',#6910,10.);
#1908=VECTOR('',#6911,10.);
#1909=VECTOR('',#6914,10.);
#1910=VECTOR('',#6915,10.);
#1911=VECTOR('',#6916,10.);
#1912=VECTOR('',#6919,10.);
#1913=VECTOR('',#6920,10.);
#1914=VECTOR('',#6921,10.);
#1915=VECTOR('',#6922,10.);
#1916=VECTOR('',#6925,10.);
#1917=VECTOR('',#6926,10.);
#1918=VECTOR('',#6927,10.);
#1919=VECTOR('',#6930,10.);
#1920=VECTOR('',#6931,10.);
#1921=VECTOR('',#6932,10.);
#1922=VECTOR('',#6935,10.);
#1923=VECTOR('',#6936,10.);
#1924=VECTOR('',#6939,10.);
#1925=VECTOR('',#6940,10.);
#1926=VECTOR('',#6945,10.);
#1927=VECTOR('',#6946,10.);
#1928=VECTOR('',#6947,10.);
#1929=VECTOR('',#6950,10.);
#1930=VECTOR('',#6953,10.);
#1931=VECTOR('',#6954,10.);
#1932=VECTOR('',#6957,10.);
#1933=VECTOR('',#6958,10.);
#1934=VECTOR('',#6959,10.);
#1935=VECTOR('',#6960,10.);
#1936=VECTOR('',#6963,10.);
#1937=VECTOR('',#6964,10.);
#1938=VECTOR('',#6965,10.);
#1939=VECTOR('',#6968,10.);
#1940=VECTOR('',#6971,10.);
#1941=VECTOR('',#6972,10.);
#1942=VECTOR('',#6973,10.);
#1943=VECTOR('',#6976,10.);
#1944=VECTOR('',#6977,10.);
#1945=VECTOR('',#6978,10.);
#1946=VECTOR('',#6981,10.);
#1947=VECTOR('',#6982,10.);
#1948=VECTOR('',#6983,10.);
#1949=VECTOR('',#6986,10.);
#1950=VECTOR('',#6989,10.);
#1951=VECTOR('',#6990,10.);
#1952=VECTOR('',#6991,10.);
#1953=VECTOR('',#6994,10.);
#1954=VECTOR('',#6995,10.);
#1955=VECTOR('',#6996,10.);
#1956=VECTOR('',#6999,10.);
#1957=VECTOR('',#7002,10.);
#1958=VECTOR('',#7003,10.);
#1959=VECTOR('',#7004,10.);
#1960=VECTOR('',#7007,10.);
#1961=VECTOR('',#7008,10.);
#1962=VECTOR('',#7009,10.);
#1963=VECTOR('',#7012,10.);
#1964=VECTOR('',#7013,10.);
#1965=VECTOR('',#7016,10.);
#1966=VECTOR('',#7017,10.);
#1967=VECTOR('',#7020,10.);
#1968=VECTOR('',#7021,10.);
#1969=VECTOR('',#7022,10.);
#1970=VECTOR('',#7025,10.);
#1971=VECTOR('',#7026,10.);
#1972=VECTOR('',#7029,10.);
#1973=VECTOR('',#7032,10.);
#1974=VECTOR('',#7033,10.);
#1975=VECTOR('',#7034,10.);
#1976=VECTOR('',#7037,10.);
#1977=VECTOR('',#7040,10.);
#1978=VECTOR('',#7041,10.);
#1979=VECTOR('',#7044,10.);
#1980=VECTOR('',#7045,10.);
#1981=VECTOR('',#7046,10.);
#1982=VECTOR('',#7049,10.);
#1983=VECTOR('',#7050,10.);
#1984=VECTOR('',#7053,10.);
#1985=VECTOR('',#7056,10.);
#1986=VECTOR('',#7057,10.);
#1987=VECTOR('',#7058,10.);
#1988=VECTOR('',#7061,10.);
#1989=VECTOR('',#7066,10.);
#1990=VECTOR('',#7071,10.);
#1991=VECTOR('',#7074,10.);
#1992=VECTOR('',#7075,10.);
#1993=VECTOR('',#7078,10.);
#1994=VECTOR('',#7081,10.);
#1995=VECTOR('',#7082,10.);
#1996=VECTOR('',#7085,10.);
#1997=VECTOR('',#7086,10.);
#1998=VECTOR('',#7089,10.);
#1999=VECTOR('',#7092,10.);
#2000=VECTOR('',#7097,10.);
#2001=VECTOR('',#7098,10.);
#2002=VECTOR('',#7099,10.);
#2003=VECTOR('',#7102,10.);
#2004=VECTOR('',#7103,10.);
#2005=VECTOR('',#7106,10.);
#2006=VECTOR('',#7107,10.);
#2007=VECTOR('',#7110,10.);
#2008=VECTOR('',#7113,10.);
#2009=VECTOR('',#7116,10.);
#2010=VECTOR('',#7117,10.);
#2011=VECTOR('',#7120,10.);
#2012=VECTOR('',#7121,10.);
#2013=VECTOR('',#7122,10.);
#2014=VECTOR('',#7127,10.);
#2015=VECTOR('',#7128,10.);
#2016=VECTOR('',#7129,10.);
#2017=VECTOR('',#7134,10.);
#2018=VECTOR('',#7139,10.);
#2019=VECTOR('',#7140,10.);
#2020=VECTOR('',#7143,10.);
#2021=VECTOR('',#7144,10.);
#2022=VECTOR('',#7147,10.);
#2023=VECTOR('',#7150,10.);
#2024=VECTOR('',#7153,10.);
#2025=VECTOR('',#7158,10.);
#2026=VECTOR('',#7161,10.);
#2027=VECTOR('',#7162,10.);
#2028=VECTOR('',#7165,10.);
#2029=VECTOR('',#7166,10.);
#2030=VECTOR('',#7169,10.);
#2031=VECTOR('',#7170,10.);
#2032=VECTOR('',#7173,10.);
#2033=VECTOR('',#7174,10.);
#2034=VECTOR('',#7177,10.);
#2035=VECTOR('',#7180,10.);
#2036=VECTOR('',#7181,10.);
#2037=VECTOR('',#7184,10.);
#2038=VECTOR('',#7185,10.);
#2039=VECTOR('',#7188,10.);
#2040=VECTOR('',#7189,10.);
#2041=VECTOR('',#7192,10.);
#2042=VECTOR('',#7193,10.);
#2043=VECTOR('',#7196,10.);
#2044=VECTOR('',#7197,10.);
#2045=VECTOR('',#7216,10.);
#2046=VECTOR('',#7217,10.);
#2047=VECTOR('',#7218,10.);
#2048=VECTOR('',#7219,10.);
#2049=VECTOR('',#7222,10.);
#2050=VECTOR('',#7223,10.);
#2051=VECTOR('',#7224,10.);
#2052=VECTOR('',#7227,10.);
#2053=VECTOR('',#7228,10.);
#2054=VECTOR('',#7229,10.);
#2055=VECTOR('',#7232,10.);
#2056=VECTOR('',#7233,10.);
#2057=VECTOR('',#7240,5.45);
#2058=VECTOR('',#7247,10.);
#2059=VECTOR('',#7248,10.);
#2060=VECTOR('',#7251,10.);
#2061=VECTOR('',#7252,10.);
#2062=VECTOR('',#7255,10.);
#2063=VECTOR('',#7256,10.);
#2064=VECTOR('',#7259,10.);
#2065=VECTOR('',#7260,10.);
#2066=VECTOR('',#7263,10.);
#2067=VECTOR('',#7268,10.);
#2068=VECTOR('',#7269,10.);
#2069=VECTOR('',#7272,10.);
#2070=VECTOR('',#7273,10.);
#2071=VECTOR('',#7276,10.);
#2072=VECTOR('',#7277,10.);
#2073=VECTOR('',#7280,10.);
#2074=VECTOR('',#7281,10.);
#2075=VECTOR('',#7284,10.);
#2076=VECTOR('',#7289,10.);
#2077=VECTOR('',#7292,10.);
#2078=VECTOR('',#7297,10.);
#2079=VECTOR('',#7300,10.);
#2080=VECTOR('',#7311,2.35);
#2081=VECTOR('',#7316,10.);
#2082=VECTOR('',#7317,10.);
#2083=VECTOR('',#7318,10.);
#2084=VECTOR('',#7319,10.);
#2085=VECTOR('',#7328,2.2);
#2086=VECTOR('',#7331,2.35);
#2087=VECTOR('',#7340,2.2);
#2088=VECTOR('',#7345,2.35);
#2089=VECTOR('',#7350,10.);
#2090=VECTOR('',#7351,10.);
#2091=VECTOR('',#7352,10.);
#2092=VECTOR('',#7353,10.);
#2093=VECTOR('',#7362,2.2);
#2094=VECTOR('',#7365,2.35);
#2095=VECTOR('',#7374,2.2);
#2096=VECTOR('',#7377,10.);
#2097=VECTOR('',#7378,10.);
#2098=VECTOR('',#7379,10.);
#2099=VECTOR('',#7382,10.);
#2100=VECTOR('',#7383,10.);
#2101=VECTOR('',#7384,10.);
#2102=VECTOR('',#7385,10.);
#2103=VECTOR('',#7388,10.);
#2104=VECTOR('',#7389,10.);
#2105=VECTOR('',#7390,10.);
#2106=VECTOR('',#7393,10.);
#2107=VECTOR('',#7394,10.);
#2108=VECTOR('',#7395,10.);
#2109=VECTOR('',#7398,10.);
#2110=VECTOR('',#7399,10.);
#2111=VECTOR('',#7400,10.);
#2112=VECTOR('',#7403,10.);
#2113=VECTOR('',#7404,10.);
#2114=VECTOR('',#7407,10.);
#2115=VECTOR('',#7408,10.);
#2116=VECTOR('',#7409,10.);
#2117=VECTOR('',#7412,10.);
#2118=VECTOR('',#7413,10.);
#2119=VECTOR('',#7414,10.);
#2120=VECTOR('',#7417,10.);
#2121=VECTOR('',#7418,10.);
#2122=VECTOR('',#7419,10.);
#2123=VECTOR('',#7422,10.);
#2124=VECTOR('',#7423,10.);
#2125=VECTOR('',#7426,10.);
#2126=VECTOR('',#7427,10.);
#2127=VECTOR('',#7428,10.);
#2128=VECTOR('',#7431,10.);
#2129=VECTOR('',#7432,10.);
#2130=VECTOR('',#7433,10.);
#2131=VECTOR('',#7436,10.);
#2132=VECTOR('',#7437,10.);
#2133=VECTOR('',#7438,10.);
#2134=VECTOR('',#7441,10.);
#2135=VECTOR('',#7442,10.);
#2136=VECTOR('',#7443,10.);
#2137=VECTOR('',#7446,10.);
#2138=VECTOR('',#7447,10.);
#2139=VECTOR('',#7450,10.);
#2140=VECTOR('',#7451,10.);
#2141=VECTOR('',#7454,10.);
#2142=VECTOR('',#7455,10.);
#2143=VECTOR('',#7456,10.);
#2144=VECTOR('',#7459,10.);
#2145=VECTOR('',#7460,10.);
#2146=VECTOR('',#7463,10.);
#2147=VECTOR('',#7464,10.);
#2148=VECTOR('',#7465,10.);
#2149=VECTOR('',#7468,10.);
#2150=VECTOR('',#7469,10.);
#2151=VECTOR('',#7470,10.);
#2152=VECTOR('',#7473,10.);
#2153=VECTOR('',#7474,10.);
#2154=VECTOR('',#7477,10.);
#2155=VECTOR('',#7478,10.);
#2156=VECTOR('',#7479,10.);
#2157=VECTOR('',#7482,10.);
#2158=VECTOR('',#7483,10.);
#2159=VECTOR('',#7484,10.);
#2160=VECTOR('',#7487,10.);
#2161=VECTOR('',#7488,10.);
#2162=VECTOR('',#7491,10.);
#2163=VECTOR('',#7492,10.);
#2164=VECTOR('',#7495,10.);
#2165=VECTOR('',#7496,10.);
#2166=VECTOR('',#7497,10.);
#2167=VECTOR('',#7500,10.);
#2168=VECTOR('',#7501,10.);
#2169=VECTOR('',#7502,10.);
#2170=VECTOR('',#7505,10.);
#2171=VECTOR('',#7506,10.);
#2172=VECTOR('',#7507,10.);
#2173=VECTOR('',#7510,10.);
#2174=VECTOR('',#7511,10.);
#2175=VECTOR('',#7512,10.);
#2176=VECTOR('',#7515,10.);
#2177=VECTOR('',#7516,10.);
#2178=VECTOR('',#7519,10.);
#2179=VECTOR('',#7520,10.);
#2180=VECTOR('',#7523,10.);
#2181=VECTOR('',#7524,10.);
#2182=VECTOR('',#7525,10.);
#2183=VECTOR('',#7528,10.);
#2184=VECTOR('',#7529,10.);
#2185=VECTOR('',#7532,10.);
#2186=VECTOR('',#7533,10.);
#2187=VECTOR('',#7536,10.);
#2188=VECTOR('',#7537,10.);
#2189=VECTOR('',#7538,10.);
#2190=VECTOR('',#7541,10.);
#2191=VECTOR('',#7542,10.);
#2192=VECTOR('',#7543,10.);
#2193=VECTOR('',#7546,10.);
#2194=VECTOR('',#7547,10.);
#2195=VECTOR('',#7550,10.);
#2196=VECTOR('',#7551,10.);
#2197=VECTOR('',#7554,10.);
#2198=VECTOR('',#7555,10.);
#2199=VECTOR('',#7558,10.);
#2200=VECTOR('',#7559,10.);
#2201=VECTOR('',#7562,10.);
#2202=VECTOR('',#7563,10.);
#2203=VECTOR('',#7566,10.);
#2204=VECTOR('',#7567,10.);
#2205=VECTOR('',#7570,10.);
#2206=VECTOR('',#7571,10.);
#2207=VECTOR('',#7574,10.);
#2208=VECTOR('',#7575,10.);
#2209=VECTOR('',#7578,10.);
#2210=VECTOR('',#7579,10.);
#2211=VECTOR('',#7582,10.);
#2212=VECTOR('',#7583,10.);
#2213=VECTOR('',#7586,10.);
#2214=VECTOR('',#7587,10.);
#2215=VECTOR('',#7588,10.);
#2216=VECTOR('',#7591,10.);
#2217=VECTOR('',#7592,10.);
#2218=VECTOR('',#7593,10.);
#2219=VECTOR('',#7596,10.);
#2220=VECTOR('',#7597,10.);
#2221=VECTOR('',#7600,10.);
#2222=VECTOR('',#7601,10.);
#2223=VECTOR('',#7604,10.);
#2224=VECTOR('',#7605,10.);
#2225=VECTOR('',#7608,10.);
#2226=VECTOR('',#7613,10.);
#2227=VECTOR('',#7616,10.);
#2228=VECTOR('',#7619,10.);
#2229=VECTOR('',#7640,4.15);
#2230=VECTOR('',#7647,4.);
#2231=VECTOR('',#7652,2.35);
#2232=VECTOR('',#7659,4.15);
#2233=VECTOR('',#7666,4.);
#2234=VECTOR('',#7671,2.35);
#2235=VECTOR('',#7678,2.35);
#2236=VECTOR('',#7687,4.15);
#2237=VECTOR('',#7694,4.);
#2238=VECTOR('',#7697,2.35);
#2239=VECTOR('',#7706,4.14999999999999);
#2240=VECTOR('',#7713,3.99999999999999);
#2241=VECTOR('',#7716,10.);
#2242=VECTOR('',#7721,10.);
#2243=VECTOR('',#7736,6.225);
#2244=VECTOR('',#7745,6.35);
#2245=VECTOR('',#7752,6.225);
#2246=VECTOR('',#7759,1000.);
#2247=VECTOR('',#7760,1000.);
#2248=VECTOR('',#7761,1000.);
#2249=VECTOR('',#7762,1000.);
#2250=VECTOR('',#7765,1000.);
#2251=VECTOR('',#7766,1000.);
#2252=VECTOR('',#7767,1000.);
#2253=VECTOR('',#7768,1000.);
#2254=VECTOR('',#7771,1000.);
#2255=VECTOR('',#7772,1000.);
#2256=VECTOR('',#7773,1000.);
#2257=VECTOR('',#7774,1000.);
#2258=VECTOR('',#7777,1000.);
#2259=VECTOR('',#7778,1000.);
#2260=VECTOR('',#7779,1000.);
#2261=VECTOR('',#7782,1000.);
#2262=VECTOR('',#7783,1000.);
#2263=VECTOR('',#7784,1000.);
#2264=VECTOR('',#7787,1000.);
#2265=VECTOR('',#7788,1000.);
#2266=VECTOR('',#7791,1000.);
#2267=VECTOR('',#7792,1000.);
#2268=VECTOR('',#7795,1000.);
#2269=VECTOR('',#7796,1000.);
#2270=VECTOR('',#7799,1000.);
#2271=VECTOR('',#7800,1000.);
#2272=VECTOR('',#7803,1000.);
#2273=VECTOR('',#7806,1000.);
#2274=VECTOR('',#7809,1000.);
#2275=VECTOR('',#7812,1000.);
#2276=VECTOR('',#7815,1000.);
#2277=VECTOR('',#7818,1000.);
#2278=VECTOR('',#7821,1000.);
#2279=VECTOR('',#7824,1000.);
#2280=VECTOR('',#7827,1000.);
#2281=VECTOR('',#7830,1000.);
#2282=VECTOR('',#7837,10.);
#2283=VECTOR('',#7838,10.);
#2284=VECTOR('',#7839,10.);
#2285=VECTOR('',#7840,10.);
#2286=VECTOR('',#7843,10.);
#2287=VECTOR('',#7844,10.);
#2288=VECTOR('',#7845,10.);
#2289=VECTOR('',#7848,10.);
#2290=VECTOR('',#7849,10.);
#2291=VECTOR('',#7850,10.);
#2292=VECTOR('',#7853,10.);
#2293=VECTOR('',#7854,10.);
#2294=VECTOR('',#7861,10.);
#2295=VECTOR('',#7862,10.);
#2296=VECTOR('',#7863,10.);
#2297=VECTOR('',#7864,10.);
#2298=VECTOR('',#7867,10.);
#2299=VECTOR('',#7868,10.);
#2300=VECTOR('',#7869,10.);
#2301=VECTOR('',#7872,10.);
#2302=VECTOR('',#7873,10.);
#2303=VECTOR('',#7874,10.);
#2304=VECTOR('',#7877,10.);
#2305=VECTOR('',#7878,10.);
#2306=VECTOR('',#7885,0.625);
#2307=VECTOR('',#7888,10.);
#2308=VECTOR('',#7889,10.);
#2309=VECTOR('',#7890,10.);
#2310=VECTOR('',#7891,10.);
#2311=VECTOR('',#7894,10.);
#2312=VECTOR('',#7895,10.);
#2313=VECTOR('',#7896,10.);
#2314=VECTOR('',#7899,10.);
#2315=VECTOR('',#7900,10.);
#2316=VECTOR('',#7901,10.);
#2317=VECTOR('',#7904,10.);
#2318=VECTOR('',#7905,10.);
#2319=VECTOR('',#7906,10.);
#2320=VECTOR('',#7907,10.);
#2321=VECTOR('',#7910,10.);
#2322=VECTOR('',#7911,10.);
#2323=VECTOR('',#7912,10.);
#2324=VECTOR('',#7915,10.);
#2325=VECTOR('',#7916,10.);
#2326=VECTOR('',#7917,10.);
#2327=VECTOR('',#7920,10.);
#2328=VECTOR('',#7921,10.);
#2329=VECTOR('',#7922,10.);
#2330=VECTOR('',#7925,10.);
#2331=VECTOR('',#7926,10.);
#2332=VECTOR('',#7927,10.);
#2333=VECTOR('',#7930,10.);
#2334=VECTOR('',#7931,10.);
#2335=VECTOR('',#7932,10.);
#2336=VECTOR('',#7935,10.);
#2337=VECTOR('',#7936,10.);
#2338=VECTOR('',#7937,10.);
#2339=VECTOR('',#7940,10.);
#2340=VECTOR('',#7941,10.);
#2341=VECTOR('',#7942,10.);
#2342=VECTOR('',#7943,10.);
#2343=VECTOR('',#7946,10.);
#2344=VECTOR('',#7947,10.);
#2345=VECTOR('',#7948,10.);
#2346=VECTOR('',#7951,10.);
#2347=VECTOR('',#7952,10.);
#2348=VECTOR('',#7953,10.);
#2349=VECTOR('',#7956,10.);
#2350=VECTOR('',#7957,10.);
#2351=VERTEX_POINT('',#7977);
#2352=VERTEX_POINT('',#7978);
#2353=VERTEX_POINT('',#7980);
#2354=VERTEX_POINT('',#7982);
#2355=VERTEX_POINT('',#7986);
#2356=VERTEX_POINT('',#7988);
#2357=VERTEX_POINT('',#7990);
#2358=VERTEX_POINT('',#7994);
#2359=VERTEX_POINT('',#7995);
#2360=VERTEX_POINT('',#7997);
#2361=VERTEX_POINT('',#7999);
#2362=VERTEX_POINT('',#8003);
#2363=VERTEX_POINT('',#8005);
#2364=VERTEX_POINT('',#8007);
#2365=VERTEX_POINT('',#8011);
#2366=VERTEX_POINT('',#8012);
#2367=VERTEX_POINT('',#8014);
#2368=VERTEX_POINT('',#8016);
#2369=VERTEX_POINT('',#8020);
#2370=VERTEX_POINT('',#8022);
#2371=VERTEX_POINT('',#8024);
#2372=VERTEX_POINT('',#8028);
#2373=VERTEX_POINT('',#8029);
#2374=VERTEX_POINT('',#8031);
#2375=VERTEX_POINT('',#8033);
#2376=VERTEX_POINT('',#8037);
#2377=VERTEX_POINT('',#8039);
#2378=VERTEX_POINT('',#8041);
#2379=VERTEX_POINT('',#8045);
#2380=VERTEX_POINT('',#8047);
#2381=VERTEX_POINT('',#8051);
#2382=VERTEX_POINT('',#8053);
#2383=VERTEX_POINT('',#8057);
#2384=VERTEX_POINT('',#8059);
#2385=VERTEX_POINT('',#8063);
#2386=VERTEX_POINT('',#8065);
#2387=VERTEX_POINT('',#8069);
#2388=VERTEX_POINT('',#8071);
#2389=VERTEX_POINT('',#8075);
#2390=VERTEX_POINT('',#8077);
#2391=VERTEX_POINT('',#8081);
#2392=VERTEX_POINT('',#8083);
#2393=VERTEX_POINT('',#8085);
#2394=VERTEX_POINT('',#8089);
#2395=VERTEX_POINT('',#8093);
#2396=VERTEX_POINT('',#8094);
#2397=VERTEX_POINT('',#8096);
#2398=VERTEX_POINT('',#8098);
#2399=VERTEX_POINT('',#8100);
#2400=VERTEX_POINT('',#8102);
#2401=VERTEX_POINT('',#8106);
#2402=VERTEX_POINT('',#8108);
#2403=VERTEX_POINT('',#8110);
#2404=VERTEX_POINT('',#8114);
#2405=VERTEX_POINT('',#8118);
#2406=VERTEX_POINT('',#8119);
#2407=VERTEX_POINT('',#8121);
#2408=VERTEX_POINT('',#8123);
#2409=VERTEX_POINT('',#8125);
#2410=VERTEX_POINT('',#8127);
#2411=VERTEX_POINT('',#8131);
#2412=VERTEX_POINT('',#8133);
#2413=VERTEX_POINT('',#8135);
#2414=VERTEX_POINT('',#8139);
#2415=VERTEX_POINT('',#8140);
#2416=VERTEX_POINT('',#8142);
#2417=VERTEX_POINT('',#8144);
#2418=VERTEX_POINT('',#8148);
#2419=VERTEX_POINT('',#8152);
#2420=VERTEX_POINT('',#8154);
#2421=VERTEX_POINT('',#8158);
#2422=VERTEX_POINT('',#8159);
#2423=VERTEX_POINT('',#8164);
#2424=VERTEX_POINT('',#8165);
#2425=VERTEX_POINT('',#8167);
#2426=VERTEX_POINT('',#8169);
#2427=VERTEX_POINT('',#8173);
#2428=VERTEX_POINT('',#8177);
#2429=VERTEX_POINT('',#8178);
#2430=VERTEX_POINT('',#8180);
#2431=VERTEX_POINT('',#8182);
#2432=VERTEX_POINT('',#8186);
#2433=VERTEX_POINT('',#8188);
#2434=VERTEX_POINT('',#8190);
#2435=VERTEX_POINT('',#8194);
#2436=VERTEX_POINT('',#8199);
#2437=VERTEX_POINT('',#8201);
#2438=VERTEX_POINT('',#8203);
#2439=VERTEX_POINT('',#8207);
#2440=VERTEX_POINT('',#8211);
#2441=VERTEX_POINT('',#8212);
#2442=VERTEX_POINT('',#8214);
#2443=VERTEX_POINT('',#8216);
#2444=VERTEX_POINT('',#8220);
#2445=VERTEX_POINT('',#8222);
#2446=VERTEX_POINT('',#8224);
#2447=VERTEX_POINT('',#8228);
#2448=VERTEX_POINT('',#8232);
#2449=VERTEX_POINT('',#8234);
#2450=VERTEX_POINT('',#8238);
#2451=VERTEX_POINT('',#8240);
#2452=VERTEX_POINT('',#8242);
#2453=VERTEX_POINT('',#8246);
#2454=VERTEX_POINT('',#8250);
#2455=VERTEX_POINT('',#8251);
#2456=VERTEX_POINT('',#8257);
#2457=VERTEX_POINT('',#8259);
#2458=VERTEX_POINT('',#8261);
#2459=VERTEX_POINT('',#8265);
#2460=VERTEX_POINT('',#8267);
#2461=VERTEX_POINT('',#8270);
#2462=VERTEX_POINT('',#8272);
#2463=VERTEX_POINT('',#8274);
#2464=VERTEX_POINT('',#8276);
#2465=VERTEX_POINT('',#8278);
#2466=VERTEX_POINT('',#8280);
#2467=VERTEX_POINT('',#8282);
#2468=VERTEX_POINT('',#8284);
#2469=VERTEX_POINT('',#8286);
#2470=VERTEX_POINT('',#8288);
#2471=VERTEX_POINT('',#8290);
#2472=VERTEX_POINT('',#8292);
#2473=VERTEX_POINT('',#8294);
#2474=VERTEX_POINT('',#8296);
#2475=VERTEX_POINT('',#8298);
#2476=VERTEX_POINT('',#8300);
#2477=VERTEX_POINT('',#8302);
#2478=VERTEX_POINT('',#8304);
#2479=VERTEX_POINT('',#8306);
#2480=VERTEX_POINT('',#8309);
#2481=VERTEX_POINT('',#8311);
#2482=VERTEX_POINT('',#8314);
#2483=VERTEX_POINT('',#8317);
#2484=VERTEX_POINT('',#8318);
#2485=VERTEX_POINT('',#8320);
#2486=VERTEX_POINT('',#8322);
#2487=VERTEX_POINT('',#8324);
#2488=VERTEX_POINT('',#8326);
#2489=VERTEX_POINT('',#8329);
#2490=VERTEX_POINT('',#8330);
#2491=VERTEX_POINT('',#8332);
#2492=VERTEX_POINT('',#8334);
#2493=VERTEX_POINT('',#8336);
#2494=VERTEX_POINT('',#8338);
#2495=VERTEX_POINT('',#8342);
#2496=VERTEX_POINT('',#8346);
#2497=VERTEX_POINT('',#8348);
#2498=VERTEX_POINT('',#8352);
#2499=VERTEX_POINT('',#8356);
#2500=VERTEX_POINT('',#8360);
#2501=VERTEX_POINT('',#8361);
#2502=VERTEX_POINT('',#8377);
#2503=VERTEX_POINT('',#8379);
#2504=VERTEX_POINT('',#8383);
#2505=VERTEX_POINT('',#8387);
#2506=VERTEX_POINT('',#8391);
#2507=VERTEX_POINT('',#8392);
#2508=VERTEX_POINT('',#8408);
#2509=VERTEX_POINT('',#8410);
#2510=VERTEX_POINT('',#8414);
#2511=VERTEX_POINT('',#8415);
#2512=VERTEX_POINT('',#8420);
#2513=VERTEX_POINT('',#8421);
#2514=VERTEX_POINT('',#8423);
#2515=VERTEX_POINT('',#8425);
#2516=VERTEX_POINT('',#8429);
#2517=VERTEX_POINT('',#8433);
#2518=VERTEX_POINT('',#8434);
#2519=VERTEX_POINT('',#8436);
#2520=VERTEX_POINT('',#8438);
#2521=VERTEX_POINT('',#8442);
#2522=VERTEX_POINT('',#8446);
#2523=VERTEX_POINT('',#8457);
#2524=VERTEX_POINT('',#8461);
#2525=VERTEX_POINT('',#8472);
#2526=VERTEX_POINT('',#8474);
#2527=VERTEX_POINT('',#8478);
#2528=VERTEX_POINT('',#8479);
#2529=VERTEX_POINT('',#8481);
#2530=VERTEX_POINT('',#8486);
#2531=VERTEX_POINT('',#8494);
#2532=VERTEX_POINT('',#8496);
#2533=VERTEX_POINT('',#8502);
#2534=VERTEX_POINT('',#8504);
#2535=VERTEX_POINT('',#8508);
#2536=VERTEX_POINT('',#8512);
#2537=VERTEX_POINT('',#8517);
#2538=VERTEX_POINT('',#8519);
#2539=VERTEX_POINT('',#8523);
#2540=VERTEX_POINT('',#8527);
#2541=VERTEX_POINT('',#8532);
#2542=VERTEX_POINT('',#8533);
#2543=VERTEX_POINT('',#8535);
#2544=VERTEX_POINT('',#8539);
#2545=VERTEX_POINT('',#8543);
#2546=VERTEX_POINT('',#8548);
#2547=VERTEX_POINT('',#8552);
#2548=VERTEX_POINT('',#8556);
#2549=VERTEX_POINT('',#8561);
#2550=VERTEX_POINT('',#8562);
#2551=VERTEX_POINT('',#8564);
#2552=VERTEX_POINT('',#8568);
#2553=VERTEX_POINT('',#8570);
#2554=VERTEX_POINT('',#8572);
#2555=VERTEX_POINT('',#8577);
#2556=VERTEX_POINT('',#8581);
#2557=VERTEX_POINT('',#8582);
#2558=VERTEX_POINT('',#8587);
#2559=VERTEX_POINT('',#8595);
#2560=VERTEX_POINT('',#8597);
#2561=VERTEX_POINT('',#8606);
#2562=VERTEX_POINT('',#8608);
#2563=VERTEX_POINT('',#8610);
#2564=VERTEX_POINT('',#8614);
#2565=VERTEX_POINT('',#8616);
#2566=VERTEX_POINT('',#8622);
#2567=VERTEX_POINT('',#8623);
#2568=VERTEX_POINT('',#8625);
#2569=VERTEX_POINT('',#8629);
#2570=VERTEX_POINT('',#8631);
#2571=VERTEX_POINT('',#8635);
#2572=VERTEX_POINT('',#8637);
#2573=VERTEX_POINT('',#8643);
#2574=VERTEX_POINT('',#8648);
#2575=VERTEX_POINT('',#8649);
#2576=VERTEX_POINT('',#8656);
#2577=VERTEX_POINT('',#8658);
#2578=VERTEX_POINT('',#8662);
#2579=VERTEX_POINT('',#8663);
#2580=VERTEX_POINT('',#8665);
#2581=VERTEX_POINT('',#8675);
#2582=VERTEX_POINT('',#8677);
#2583=VERTEX_POINT('',#8686);
#2584=VERTEX_POINT('',#8688);
#2585=VERTEX_POINT('',#8697);
#2586=VERTEX_POINT('',#8699);
#2587=VERTEX_POINT('',#8708);
#2588=VERTEX_POINT('',#8737);
#2589=VERTEX_POINT('',#8739);
#2590=VERTEX_POINT('',#8756);
#2591=VERTEX_POINT('',#8758);
#2592=VERTEX_POINT('',#8763);
#2593=VERTEX_POINT('',#8765);
#2594=VERTEX_POINT('',#8769);
#2595=VERTEX_POINT('',#8771);
#2596=VERTEX_POINT('',#8773);
#2597=VERTEX_POINT('',#8783);
#2598=VERTEX_POINT('',#8793);
#2599=VERTEX_POINT('',#8797);
#2600=VERTEX_POINT('',#8801);
#2601=VERTEX_POINT('',#8805);
#2602=VERTEX_POINT('',#8809);
#2603=VERTEX_POINT('',#8815);
#2604=VERTEX_POINT('',#8819);
#2605=VERTEX_POINT('',#8823);
#2606=VERTEX_POINT('',#8827);
#2607=VERTEX_POINT('',#8831);
#2608=VERTEX_POINT('',#8843);
#2609=VERTEX_POINT('',#8844);
#2610=VERTEX_POINT('',#8846);
#2611=VERTEX_POINT('',#8848);
#2612=VERTEX_POINT('',#8852);
#2613=VERTEX_POINT('',#8854);
#2614=VERTEX_POINT('',#8858);
#2615=VERTEX_POINT('',#8860);
#2616=VERTEX_POINT('',#8868);
#2617=VERTEX_POINT('',#8870);
#2618=VERTEX_POINT('',#8875);
#2619=VERTEX_POINT('',#8879);
#2620=VERTEX_POINT('',#8883);
#2621=VERTEX_POINT('',#8887);
#2622=VERTEX_POINT('',#8894);
#2623=VERTEX_POINT('',#8898);
#2624=VERTEX_POINT('',#8902);
#2625=VERTEX_POINT('',#8906);
#2626=VERTEX_POINT('',#8925);
#2627=VERTEX_POINT('',#8927);
#2628=VERTEX_POINT('',#8931);
#2629=VERTEX_POINT('',#8932);
#2630=VERTEX_POINT('',#8934);
#2631=VERTEX_POINT('',#8936);
#2632=VERTEX_POINT('',#8939);
#2633=VERTEX_POINT('',#8942);
#2634=VERTEX_POINT('',#8943);
#2635=VERTEX_POINT('',#8948);
#2636=VERTEX_POINT('',#8952);
#2637=VERTEX_POINT('',#8953);
#2638=VERTEX_POINT('',#8958);
#2639=VERTEX_POINT('',#8960);
#2640=VERTEX_POINT('',#8964);
#2641=VERTEX_POINT('',#8965);
#2642=VERTEX_POINT('',#8967);
#2643=VERTEX_POINT('',#8969);
#2644=VERTEX_POINT('',#8972);
#2645=VERTEX_POINT('',#8975);
#2646=VERTEX_POINT('',#8976);
#2647=VERTEX_POINT('',#8981);
#2648=VERTEX_POINT('',#8985);
#2649=VERTEX_POINT('',#8986);
#2650=VERTEX_POINT('',#8991);
#2651=VERTEX_POINT('',#8992);
#2652=VERTEX_POINT('',#8994);
#2653=VERTEX_POINT('',#8998);
#2654=VERTEX_POINT('',#8999);
#2655=VERTEX_POINT('',#9001);
#2656=VERTEX_POINT('',#9003);
#2657=VERTEX_POINT('',#9007);
#2658=VERTEX_POINT('',#9008);
#2659=VERTEX_POINT('',#9013);
#2660=VERTEX_POINT('',#9015);
#2661=VERTEX_POINT('',#9019);
#2662=VERTEX_POINT('',#9020);
#2663=VERTEX_POINT('',#9022);
#2664=VERTEX_POINT('',#9029);
#2665=VERTEX_POINT('',#9031);
#2666=VERTEX_POINT('',#9035);
#2667=VERTEX_POINT('',#9037);
#2668=VERTEX_POINT('',#9041);
#2669=VERTEX_POINT('',#9042);
#2670=VERTEX_POINT('',#9044);
#2671=VERTEX_POINT('',#9051);
#2672=VERTEX_POINT('',#9052);
#2673=VERTEX_POINT('',#9054);
#2674=VERTEX_POINT('',#9058);
#2675=VERTEX_POINT('',#9060);
#2676=VERTEX_POINT('',#9064);
#2677=VERTEX_POINT('',#9065);
#2678=VERTEX_POINT('',#9070);
#2679=VERTEX_POINT('',#9071);
#2680=VERTEX_POINT('',#9073);
#2681=VERTEX_POINT('',#9083);
#2682=VERTEX_POINT('',#9084);
#2683=VERTEX_POINT('',#9086);
#2684=VERTEX_POINT('',#9093);
#2685=VERTEX_POINT('',#9094);
#2686=VERTEX_POINT('',#9096);
#2687=VERTEX_POINT('',#9100);
#2688=VERTEX_POINT('',#9102);
#2689=VERTEX_POINT('',#9109);
#2690=VERTEX_POINT('',#9110);
#2691=VERTEX_POINT('',#9112);
#2692=VERTEX_POINT('',#9116);
#2693=VERTEX_POINT('',#9117);
#2694=VERTEX_POINT('',#9119);
#2695=VERTEX_POINT('',#9129);
#2696=VERTEX_POINT('',#9130);
#2697=VERTEX_POINT('',#9132);
#2698=VERTEX_POINT('',#9136);
#2699=VERTEX_POINT('',#9137);
#2700=VERTEX_POINT('',#9139);
#2701=VERTEX_POINT('',#9143);
#2702=VERTEX_POINT('',#9144);
#2703=VERTEX_POINT('',#9146);
#2704=VERTEX_POINT('',#9150);
#2705=VERTEX_POINT('',#9151);
#2706=VERTEX_POINT('',#9153);
#2707=VERTEX_POINT('',#9163);
#2708=VERTEX_POINT('',#9164);
#2709=VERTEX_POINT('',#9166);
#2710=VERTEX_POINT('',#9176);
#2711=VERTEX_POINT('',#9178);
#2712=VERTEX_POINT('',#9182);
#2713=VERTEX_POINT('',#9184);
#2714=VERTEX_POINT('',#9218);
#2715=VERTEX_POINT('',#9220);
#2716=VERTEX_POINT('',#9224);
#2717=VERTEX_POINT('',#9226);
#2718=VERTEX_POINT('',#9251);
#2719=VERTEX_POINT('',#9253);
#2720=VERTEX_POINT('',#9255);
#2721=VERTEX_POINT('',#9257);
#2722=VERTEX_POINT('',#9261);
#2723=VERTEX_POINT('',#9263);
#2724=VERTEX_POINT('',#9267);
#2725=VERTEX_POINT('',#9271);
#2726=VERTEX_POINT('',#9276);
#2727=VERTEX_POINT('',#9278);
#2728=VERTEX_POINT('',#9282);
#2729=VERTEX_POINT('',#9286);
#2730=VERTEX_POINT('',#9291);
#2731=VERTEX_POINT('',#9295);
#2732=VERTEX_POINT('',#9298);
#2733=VERTEX_POINT('',#9300);
#2734=VERTEX_POINT('',#9306);
#2735=VERTEX_POINT('',#9310);
#2736=VERTEX_POINT('',#9313);
#2737=VERTEX_POINT('',#9315);
#2738=VERTEX_POINT('',#9330);
#2739=VERTEX_POINT('',#9331);
#2740=VERTEX_POINT('',#9334);
#2741=VERTEX_POINT('',#9338);
#2742=VERTEX_POINT('',#9339);
#2743=VERTEX_POINT('',#9345);
#2744=VERTEX_POINT('',#9351);
#2745=VERTEX_POINT('',#9352);
#2746=VERTEX_POINT('',#9354);
#2747=VERTEX_POINT('',#9356);
#2748=VERTEX_POINT('',#9360);
#2749=VERTEX_POINT('',#9361);
#2750=VERTEX_POINT('',#9363);
#2751=VERTEX_POINT('',#9365);
#2752=VERTEX_POINT('',#9369);
#2753=VERTEX_POINT('',#9370);
#2754=VERTEX_POINT('',#9372);
#2755=VERTEX_POINT('',#9374);
#2756=VERTEX_POINT('',#9378);
#2757=VERTEX_POINT('',#9379);
#2758=VERTEX_POINT('',#9381);
#2759=VERTEX_POINT('',#9385);
#2760=VERTEX_POINT('',#9386);
#2761=VERTEX_POINT('',#9388);
#2762=VERTEX_POINT('',#9426);
#2763=VERTEX_POINT('',#9427);
#2764=VERTEX_POINT('',#9429);
#2765=VERTEX_POINT('',#9431);
#2766=VERTEX_POINT('',#9435);
#2767=VERTEX_POINT('',#9437);
#2768=VERTEX_POINT('',#9441);
#2769=VERTEX_POINT('',#9443);
#2770=VERTEX_POINT('',#9450);
#2771=VERTEX_POINT('',#9453);
#2772=VERTEX_POINT('',#9454);
#2773=VERTEX_POINT('',#9456);
#2774=VERTEX_POINT('',#9458);
#2775=VERTEX_POINT('',#9462);
#2776=VERTEX_POINT('',#9464);
#2777=VERTEX_POINT('',#9468);
#2778=VERTEX_POINT('',#9470);
#2779=VERTEX_POINT('',#9477);
#2780=VERTEX_POINT('',#9482);
#2781=VERTEX_POINT('',#9483);
#2782=VERTEX_POINT('',#9485);
#2783=VERTEX_POINT('',#9487);
#2784=VERTEX_POINT('',#9491);
#2785=VERTEX_POINT('',#9493);
#2786=VERTEX_POINT('',#9497);
#2787=VERTEX_POINT('',#9499);
#2788=VERTEX_POINT('',#9503);
#2789=VERTEX_POINT('',#9505);
#2790=VERTEX_POINT('',#9516);
#2791=VERTEX_POINT('',#9521);
#2792=VERTEX_POINT('',#9528);
#2793=VERTEX_POINT('',#9530);
#2794=VERTEX_POINT('',#9534);
#2795=VERTEX_POINT('',#9536);
#2796=VERTEX_POINT('',#9540);
#2797=VERTEX_POINT('',#9542);
#2798=VERTEX_POINT('',#9546);
#2799=VERTEX_POINT('',#9548);
#2800=VERTEX_POINT('',#9552);
#2801=VERTEX_POINT('',#9554);
#2802=VERTEX_POINT('',#9558);
#2803=VERTEX_POINT('',#9560);
#2804=VERTEX_POINT('',#9564);
#2805=VERTEX_POINT('',#9566);
#2806=VERTEX_POINT('',#9577);
#2807=VERTEX_POINT('',#9582);
#2808=VERTEX_POINT('',#9589);
#2809=VERTEX_POINT('',#9591);
#2810=VERTEX_POINT('',#9595);
#2811=VERTEX_POINT('',#9597);
#2812=EDGE_CURVE('',#2351,#2352,#973,.F.);
#2813=EDGE_CURVE('',#2352,#2353,#974,.T.);
#2814=EDGE_CURVE('',#2353,#2354,#975,.F.);
#2815=EDGE_CURVE('',#2354,#2351,#976,.T.);
#2816=EDGE_CURVE('',#2355,#2352,#977,.F.);
#2817=EDGE_CURVE('',#2355,#2356,#978,.T.);
#2818=EDGE_CURVE('',#2356,#2357,#979,.T.);
#2819=EDGE_CURVE('',#2357,#2353,#980,.T.);
#2820=EDGE_CURVE('',#2358,#2359,#981,.F.);
#2821=EDGE_CURVE('',#2359,#2360,#982,.T.);
#2822=EDGE_CURVE('',#2360,#2361,#983,.F.);
#2823=EDGE_CURVE('',#2361,#2358,#984,.T.);
#2824=EDGE_CURVE('',#2362,#2359,#985,.T.);
#2825=EDGE_CURVE('',#2362,#2363,#986,.T.);
#2826=EDGE_CURVE('',#2363,#2364,#987,.T.);
#2827=EDGE_CURVE('',#2360,#2364,#988,.T.);
#2828=EDGE_CURVE('',#2365,#2366,#989,.F.);
#2829=EDGE_CURVE('',#2366,#2367,#990,.T.);
#2830=EDGE_CURVE('',#2367,#2368,#991,.F.);
#2831=EDGE_CURVE('',#2368,#2365,#992,.T.);
#2832=EDGE_CURVE('',#2369,#2366,#993,.F.);
#2833=EDGE_CURVE('',#2369,#2370,#994,.T.);
#2834=EDGE_CURVE('',#2370,#2371,#995,.T.);
#2835=EDGE_CURVE('',#2371,#2367,#996,.T.);
#2836=EDGE_CURVE('',#2372,#2373,#997,.F.);
#2837=EDGE_CURVE('',#2373,#2374,#998,.T.);
#2838=EDGE_CURVE('',#2374,#2375,#999,.F.);
#2839=EDGE_CURVE('',#2375,#2372,#1000,.T.);
#2840=EDGE_CURVE('',#2376,#2373,#1001,.T.);
#2841=EDGE_CURVE('',#2376,#2377,#1002,.T.);
#2842=EDGE_CURVE('',#2377,#2378,#1003,.T.);
#2843=EDGE_CURVE('',#2374,#2378,#1004,.T.);
#2844=EDGE_CURVE('',#2351,#2379,#1005,.T.);
#2845=EDGE_CURVE('',#2379,#2380,#1006,.F.);
#2846=EDGE_CURVE('',#2380,#2355,#1007,.T.);
#2847=EDGE_CURVE('',#2354,#2381,#1008,.T.);
#2848=EDGE_CURVE('',#2381,#2382,#1009,.T.);
#2849=EDGE_CURVE('',#2379,#2382,#1010,.T.);
#2850=EDGE_CURVE('',#2383,#2362,#1011,.F.);
#2851=EDGE_CURVE('',#2358,#2384,#1012,.F.);
#2852=EDGE_CURVE('',#2384,#2383,#1013,.T.);
#2853=EDGE_CURVE('',#2385,#2376,#1014,.F.);
#2854=EDGE_CURVE('',#2372,#2386,#1015,.F.);
#2855=EDGE_CURVE('',#2386,#2385,#1016,.T.);
#2856=EDGE_CURVE('',#2365,#2387,#1017,.T.);
#2857=EDGE_CURVE('',#2387,#2388,#1018,.F.);
#2858=EDGE_CURVE('',#2388,#2369,#1019,.T.);
#2859=EDGE_CURVE('',#2368,#2389,#1020,.T.);
#2860=EDGE_CURVE('',#2389,#2390,#1021,.T.);
#2861=EDGE_CURVE('',#2387,#2390,#1022,.T.);
#2862=EDGE_CURVE('',#2391,#2391,#125,.T.);
#2863=EDGE_CURVE('',#2391,#2392,#1023,.T.);
#2864=EDGE_CURVE('',#2392,#2393,#126,.T.);
#2865=EDGE_CURVE('',#2393,#2392,#127,.T.);
#2866=EDGE_CURVE('',#2393,#2394,#1024,.T.);
#2867=EDGE_CURVE('',#2394,#2394,#128,.T.);
#2868=EDGE_CURVE('',#2395,#2396,#1025,.T.);
#2869=EDGE_CURVE('',#2397,#2395,#1026,.T.);
#2870=EDGE_CURVE('',#2398,#2397,#1027,.T.);
#2871=EDGE_CURVE('',#2399,#2398,#1028,.T.);
#2872=EDGE_CURVE('',#2400,#2399,#1029,.T.);
#2873=EDGE_CURVE('',#2396,#2400,#1030,.T.);
#2874=EDGE_CURVE('',#2401,#2401,#129,.T.);
#2875=EDGE_CURVE('',#2401,#2402,#1031,.T.);
#2876=EDGE_CURVE('',#2402,#2403,#130,.T.);
#2877=EDGE_CURVE('',#2403,#2402,#131,.T.);
#2878=EDGE_CURVE('',#2403,#2404,#1032,.T.);
#2879=EDGE_CURVE('',#2404,#2404,#132,.T.);
#2880=EDGE_CURVE('',#2405,#2406,#1033,.T.);
#2881=EDGE_CURVE('',#2407,#2405,#1034,.T.);
#2882=EDGE_CURVE('',#2408,#2407,#1035,.T.);
#2883=EDGE_CURVE('',#2409,#2408,#1036,.T.);
#2884=EDGE_CURVE('',#2410,#2409,#1037,.T.);
#2885=EDGE_CURVE('',#2406,#2410,#1038,.T.);
#2886=EDGE_CURVE('',#2411,#2411,#133,.T.);
#2887=EDGE_CURVE('',#2411,#2412,#1039,.T.);
#2888=EDGE_CURVE('',#2412,#2413,#134,.T.);
#2889=EDGE_CURVE('',#2413,#2412,#135,.T.);
#2890=EDGE_CURVE('',#2414,#2415,#1040,.T.);
#2891=EDGE_CURVE('',#2414,#2416,#1041,.T.);
#2892=EDGE_CURVE('',#2416,#2417,#1042,.T.);
#2893=EDGE_CURVE('',#2415,#2417,#1043,.T.);
#2894=EDGE_CURVE('',#2413,#2418,#1044,.T.);
#2895=EDGE_CURVE('',#2418,#2418,#136,.T.);
#2896=EDGE_CURVE('',#2419,#2419,#137,.T.);
#2897=EDGE_CURVE('',#2419,#2420,#1045,.T.);
#2898=EDGE_CURVE('',#2420,#2420,#138,.T.);
#2899=EDGE_CURVE('',#2421,#2422,#139,.T.);
#2900=EDGE_CURVE('',#2422,#2421,#140,.T.);
#2901=EDGE_CURVE('',#2422,#2419,#1046,.T.);
#2902=EDGE_CURVE('',#2423,#2424,#1047,.T.);
#2903=EDGE_CURVE('',#2425,#2423,#1048,.T.);
#2904=EDGE_CURVE('',#2426,#2425,#1049,.T.);
#2905=EDGE_CURVE('',#2424,#2426,#1050,.T.);
#2906=EDGE_CURVE('',#2427,#2427,#141,.T.);
#2907=EDGE_CURVE('',#2427,#2421,#1051,.T.);
#2908=EDGE_CURVE('',#2428,#2429,#1052,.T.);
#2909=EDGE_CURVE('',#2428,#2430,#1053,.T.);
#2910=EDGE_CURVE('',#2430,#2431,#1054,.T.);
#2911=EDGE_CURVE('',#2429,#2431,#1055,.T.);
#2912=EDGE_CURVE('',#2432,#2432,#142,.T.);
#2913=EDGE_CURVE('',#2432,#2433,#1056,.T.);
#2914=EDGE_CURVE('',#2433,#2434,#143,.T.);
#2915=EDGE_CURVE('',#2434,#2433,#144,.T.);
#2916=EDGE_CURVE('',#2434,#2435,#1057,.T.);
#2917=EDGE_CURVE('',#2435,#2435,#145,.T.);
#2918=EDGE_CURVE('',#2364,#2381,#1058,.T.);
#2919=EDGE_CURVE('',#2436,#2357,#1059,.T.);
#2920=EDGE_CURVE('',#2437,#2436,#1060,.T.);
#2921=EDGE_CURVE('',#2438,#2437,#1061,.T.);
#2922=EDGE_CURVE('',#2361,#2438,#1062,.T.);
#2923=EDGE_CURVE('',#2439,#2439,#146,.T.);
#2924=EDGE_CURVE('',#2439,#2435,#1063,.T.);
#2925=EDGE_CURVE('',#2440,#2441,#1064,.T.);
#2926=EDGE_CURVE('',#2442,#2440,#1065,.T.);
#2927=EDGE_CURVE('',#2442,#2443,#1066,.T.);
#2928=EDGE_CURVE('',#2443,#2441,#1067,.T.);
#2929=EDGE_CURVE('',#2444,#2444,#147,.T.);
#2930=EDGE_CURVE('',#2444,#2445,#1068,.T.);
#2931=EDGE_CURVE('',#2445,#2446,#148,.T.);
#2932=EDGE_CURVE('',#2446,#2445,#149,.T.);
#2933=EDGE_CURVE('',#2446,#2447,#1069,.T.);
#2934=EDGE_CURVE('',#2447,#2447,#150,.T.);
#2935=EDGE_CURVE('',#2448,#2363,#1070,.T.);
#2936=EDGE_CURVE('',#2449,#2448,#1071,.T.);
#2937=EDGE_CURVE('',#2382,#2449,#1072,.T.);
#2938=EDGE_CURVE('',#2450,#2450,#151,.T.);
#2939=EDGE_CURVE('',#2450,#2451,#1073,.T.);
#2940=EDGE_CURVE('',#2451,#2452,#152,.T.);
#2941=EDGE_CURVE('',#2452,#2451,#153,.T.);
#2942=EDGE_CURVE('',#2452,#2453,#1074,.T.);
#2943=EDGE_CURVE('',#2453,#2453,#154,.T.);
#2944=EDGE_CURVE('',#2454,#2455,#1075,.T.);
#2945=EDGE_CURVE('',#2390,#2454,#1076,.T.);
#2946=EDGE_CURVE('',#2378,#2389,#1077,.T.);
#2947=EDGE_CURVE('',#2455,#2377,#1078,.T.);
#2948=EDGE_CURVE('',#2456,#2456,#155,.T.);
#2949=EDGE_CURVE('',#2456,#2457,#1079,.T.);
#2950=EDGE_CURVE('',#2457,#2458,#156,.T.);
#2951=EDGE_CURVE('',#2458,#2457,#157,.T.);
#2952=EDGE_CURVE('',#2459,#2380,#1080,.T.);
#2953=EDGE_CURVE('',#2460,#2459,#1081,.T.);
#2954=EDGE_CURVE('',#2383,#2460,#1082,.T.);
#2955=EDGE_CURVE('',#2461,#2384,#1083,.T.);
#2956=EDGE_CURVE('',#2462,#2461,#1084,.T.);
#2957=EDGE_CURVE('',#2463,#2462,#1085,.T.);
#2958=EDGE_CURVE('',#2464,#2463,#1086,.T.);
#2959=EDGE_CURVE('',#2465,#2464,#1087,.T.);
#2960=EDGE_CURVE('',#2466,#2465,#1088,.T.);
#2961=EDGE_CURVE('',#2467,#2466,#1089,.T.);
#2962=EDGE_CURVE('',#2468,#2467,#1090,.T.);
#2963=EDGE_CURVE('',#2469,#2468,#1091,.T.);
#2964=EDGE_CURVE('',#2470,#2469,#1092,.T.);
#2965=EDGE_CURVE('',#2471,#2470,#158,.T.);
#2966=EDGE_CURVE('',#2472,#2471,#1093,.T.);
#2967=EDGE_CURVE('',#2473,#2472,#1094,.T.);
#2968=EDGE_CURVE('',#2474,#2473,#1095,.T.);
#2969=EDGE_CURVE('',#2475,#2474,#1096,.T.);
#2970=EDGE_CURVE('',#2476,#2475,#1097,.T.);
#2971=EDGE_CURVE('',#2477,#2476,#1098,.T.);
#2972=EDGE_CURVE('',#2478,#2477,#1099,.T.);
#2973=EDGE_CURVE('',#2479,#2478,#1100,.T.);
#2974=EDGE_CURVE('',#2370,#2479,#1101,.T.);
#2975=EDGE_CURVE('',#2480,#2388,#1102,.T.);
#2976=EDGE_CURVE('',#2481,#2480,#1103,.T.);
#2977=EDGE_CURVE('',#2385,#2481,#1104,.T.);
#2978=EDGE_CURVE('',#2482,#2386,#1105,.T.);
#2979=EDGE_CURVE('',#2356,#2482,#1106,.T.);
#2980=EDGE_CURVE('',#2483,#2484,#1107,.T.);
#2981=EDGE_CURVE('',#2485,#2483,#1108,.T.);
#2982=EDGE_CURVE('',#2486,#2485,#1109,.T.);
#2983=EDGE_CURVE('',#2487,#2486,#1110,.T.);
#2984=EDGE_CURVE('',#2488,#2487,#1111,.T.);
#2985=EDGE_CURVE('',#2484,#2488,#1112,.T.);
#2986=EDGE_CURVE('',#2489,#2490,#1113,.T.);
#2987=EDGE_CURVE('',#2491,#2489,#1114,.T.);
#2988=EDGE_CURVE('',#2492,#2491,#1115,.T.);
#2989=EDGE_CURVE('',#2493,#2492,#1116,.T.);
#2990=EDGE_CURVE('',#2494,#2493,#1117,.T.);
#2991=EDGE_CURVE('',#2490,#2494,#1118,.T.);
#2992=EDGE_CURVE('',#2458,#2495,#1119,.T.);
#2993=EDGE_CURVE('',#2495,#2495,#159,.T.);
#2994=EDGE_CURVE('',#2487,#2496,#1120,.T.);
#2995=EDGE_CURVE('',#2496,#2497,#1121,.T.);
#2996=EDGE_CURVE('',#2488,#2497,#1122,.T.);
#2997=EDGE_CURVE('',#2486,#2498,#1123,.T.);
#2998=EDGE_CURVE('',#2498,#2496,#1124,.T.);
#2999=EDGE_CURVE('',#2485,#2499,#1125,.T.);
#3000=EDGE_CURVE('',#2499,#2498,#1126,.T.);
#3001=EDGE_CURVE('',#2500,#2501,#1127,.T.);
#3002=EDGE_CURVE('',#2501,#2483,#1128,.T.);
#3003=EDGE_CURVE('',#2484,#2500,#1129,.T.);
#3004=EDGE_CURVE('',#2501,#2499,#1130,.T.);
#3005=EDGE_CURVE('',#2497,#2500,#1131,.T.);
#3006=EDGE_CURVE('',#2499,#2396,#1132,.T.);
#3007=EDGE_CURVE('',#2498,#2400,#1133,.T.);
#3008=EDGE_CURVE('',#2501,#2395,#1134,.T.);
#3009=EDGE_CURVE('',#2500,#2397,#1135,.T.);
#3010=EDGE_CURVE('',#2493,#2502,#1136,.T.);
#3011=EDGE_CURVE('',#2502,#2503,#1137,.T.);
#3012=EDGE_CURVE('',#2494,#2503,#1138,.T.);
#3013=EDGE_CURVE('',#2492,#2504,#1139,.T.);
#3014=EDGE_CURVE('',#2504,#2502,#1140,.T.);
#3015=EDGE_CURVE('',#2491,#2505,#1141,.T.);
#3016=EDGE_CURVE('',#2505,#2504,#1142,.T.);
#3017=EDGE_CURVE('',#2506,#2507,#1143,.T.);
#3018=EDGE_CURVE('',#2507,#2489,#1144,.T.);
#3019=EDGE_CURVE('',#2490,#2506,#1145,.T.);
#3020=EDGE_CURVE('',#2507,#2505,#1146,.T.);
#3021=EDGE_CURVE('',#2503,#2506,#1147,.T.);
#3022=EDGE_CURVE('',#2505,#2406,#1148,.T.);
#3023=EDGE_CURVE('',#2504,#2410,#1149,.T.);
#3024=EDGE_CURVE('',#2507,#2405,#1150,.T.);
#3025=EDGE_CURVE('',#2506,#2407,#1151,.T.);
#3026=EDGE_CURVE('',#2508,#2508,#160,.T.);
#3027=EDGE_CURVE('',#2508,#2509,#1152,.T.);
#3028=EDGE_CURVE('',#2509,#2509,#161,.T.);
#3029=EDGE_CURVE('',#2510,#2511,#162,.T.);
#3030=EDGE_CURVE('',#2511,#2510,#163,.T.);
#3031=EDGE_CURVE('',#2511,#2509,#1153,.T.);
#3032=EDGE_CURVE('',#2512,#2513,#1154,.T.);
#3033=EDGE_CURVE('',#2512,#2514,#1155,.T.);
#3034=EDGE_CURVE('',#2514,#2515,#1156,.T.);
#3035=EDGE_CURVE('',#2513,#2515,#1157,.T.);
#3036=EDGE_CURVE('',#2516,#2516,#164,.T.);
#3037=EDGE_CURVE('',#2516,#2510,#1158,.T.);
#3038=EDGE_CURVE('',#2517,#2518,#1159,.T.);
#3039=EDGE_CURVE('',#2519,#2517,#1160,.T.);
#3040=EDGE_CURVE('',#2520,#2519,#1161,.T.);
#3041=EDGE_CURVE('',#2518,#2520,#1162,.T.);
#3042=EDGE_CURVE('',#2521,#2376,#1163,.T.);
#3043=EDGE_CURVE('',#2481,#2521,#1164,.T.);
#3044=EDGE_CURVE('',#2387,#2522,#1165,.T.);
#3045=EDGE_CURVE('',#2522,#2480,#1166,.T.);
#3046=EDGE_CURVE('',#2522,#2521,#1167,.T.);
#3047=EDGE_CURVE('',#2521,#2455,#1168,.T.);
#3048=EDGE_CURVE('',#2522,#2454,#1169,.T.);
#3049=EDGE_CURVE('',#2523,#2362,#1170,.T.);
#3050=EDGE_CURVE('',#2460,#2523,#1171,.T.);
#3051=EDGE_CURVE('',#2459,#2524,#1172,.T.);
#3052=EDGE_CURVE('',#2524,#2523,#1173,.T.);
#3053=EDGE_CURVE('',#2379,#2524,#1174,.T.);
#3054=EDGE_CURVE('',#2523,#2448,#1175,.T.);
#3055=EDGE_CURVE('',#2524,#2449,#1176,.T.);
#3056=EDGE_CURVE('',#2472,#2525,#1177,.T.);
#3057=EDGE_CURVE('',#2525,#2526,#1178,.T.);
#3058=EDGE_CURVE('',#2473,#2526,#1179,.T.);
#3059=EDGE_CURVE('',#2527,#2528,#1180,.T.);
#3060=EDGE_CURVE('',#2528,#2529,#1181,.T.);
#3061=EDGE_CURVE('',#2529,#2428,#1182,.T.);
#3062=EDGE_CURVE('',#2527,#2428,#1183,.T.);
#3063=EDGE_CURVE('',#2415,#2530,#165,.T.);
#3064=EDGE_CURVE('',#2530,#2471,#1184,.T.);
#3065=EDGE_CURVE('',#2470,#2415,#60,.T.);
#3066=EDGE_CURVE('',#2528,#2531,#1185,.T.);
#3067=EDGE_CURVE('',#2531,#2532,#1186,.T.);
#3068=EDGE_CURVE('',#2532,#2529,#1187,.T.);
#3069=EDGE_CURVE('',#2469,#2414,#1188,.T.);
#3070=EDGE_CURVE('',#2531,#2533,#1189,.T.);
#3071=EDGE_CURVE('',#2533,#2534,#1190,.T.);
#3072=EDGE_CURVE('',#2534,#2532,#1191,.T.);
#3073=EDGE_CURVE('',#2468,#2535,#1192,.T.);
#3074=EDGE_CURVE('',#2535,#2414,#1193,.T.);
#3075=EDGE_CURVE('',#2536,#2512,#1194,.T.);
#3076=EDGE_CURVE('',#2512,#2476,#1195,.T.);
#3077=EDGE_CURVE('',#2475,#2536,#1196,.T.);
#3078=EDGE_CURVE('',#2533,#2537,#1197,.T.);
#3079=EDGE_CURVE('',#2537,#2538,#1198,.T.);
#3080=EDGE_CURVE('',#2538,#2534,#1199,.T.);
#3081=EDGE_CURVE('',#2467,#2539,#1200,.T.);
#3082=EDGE_CURVE('',#2539,#2535,#1201,.T.);
#3083=EDGE_CURVE('',#2540,#2513,#1202,.T.);
#3084=EDGE_CURVE('',#2477,#2540,#1203,.T.);
#3085=EDGE_CURVE('',#2513,#2477,#1204,.T.);
#3086=EDGE_CURVE('',#2541,#2542,#1205,.T.);
#3087=EDGE_CURVE('',#2543,#2541,#1206,.T.);
#3088=EDGE_CURVE('',#2542,#2543,#1207,.T.);
#3089=EDGE_CURVE('',#2544,#2370,#1208,.T.);
#3090=EDGE_CURVE('',#2371,#2544,#1209,.T.);
#3091=EDGE_CURVE('',#2545,#2478,#1210,.T.);
#3092=EDGE_CURVE('',#2520,#2545,#1211,.T.);
#3093=EDGE_CURVE('',#2478,#2520,#1212,.T.);
#3094=EDGE_CURVE('',#2466,#2546,#1213,.T.);
#3095=EDGE_CURVE('',#2546,#2539,#1214,.T.);
#3096=EDGE_CURVE('',#2547,#2540,#1215,.T.);
#3097=EDGE_CURVE('',#2515,#2547,#1216,.T.);
#3098=EDGE_CURVE('',#2423,#2548,#1217,.T.);
#3099=EDGE_CURVE('',#2482,#2423,#1218,.T.);
#3100=EDGE_CURVE('',#2548,#2482,#1219,.T.);
#3101=EDGE_CURVE('',#2549,#2550,#1220,.T.);
#3102=EDGE_CURVE('',#2551,#2549,#1221,.T.);
#3103=EDGE_CURVE('',#2550,#2551,#1222,.T.);
#3104=EDGE_CURVE('',#2552,#2542,#1223,.T.);
#3105=EDGE_CURVE('',#2543,#2553,#1224,.T.);
#3106=EDGE_CURVE('',#2553,#2554,#1225,.T.);
#3107=EDGE_CURVE('',#2554,#2552,#1226,.T.);
#3108=EDGE_CURVE('',#2519,#2479,#1227,.T.);
#3109=EDGE_CURVE('',#2555,#2519,#1228,.T.);
#3110=EDGE_CURVE('',#2479,#2555,#1229,.T.);
#3111=EDGE_CURVE('',#2556,#2557,#1230,.T.);
#3112=EDGE_CURVE('',#2518,#2556,#1231,.T.);
#3113=EDGE_CURVE('',#2557,#2518,#1232,.T.);
#3114=EDGE_CURVE('',#2465,#2558,#1233,.T.);
#3115=EDGE_CURVE('',#2558,#2546,#1234,.T.);
#3116=EDGE_CURVE('',#2424,#2356,#1235,.T.);
#3117=EDGE_CURVE('',#2357,#2424,#1236,.T.);
#3118=EDGE_CURVE('',#2425,#2559,#1237,.T.);
#3119=EDGE_CURVE('',#2560,#2425,#1238,.T.);
#3120=EDGE_CURVE('',#2559,#2560,#1239,.T.);
#3121=EDGE_CURVE('',#2548,#2560,#1240,.T.);
#3122=EDGE_CURVE('',#2560,#2551,#1241,.T.);
#3123=EDGE_CURVE('',#2549,#2559,#1242,.T.);
#3124=EDGE_CURVE('',#2561,#2442,#1243,.T.);
#3125=EDGE_CURVE('',#2442,#2562,#1244,.T.);
#3126=EDGE_CURVE('',#2562,#2563,#1245,.T.);
#3127=EDGE_CURVE('',#2563,#2561,#1246,.T.);
#3128=EDGE_CURVE('',#2517,#2564,#1247,.T.);
#3129=EDGE_CURVE('',#2565,#2517,#1248,.T.);
#3130=EDGE_CURVE('',#2564,#2565,#1249,.T.);
#3131=EDGE_CURVE('',#2556,#2565,#1250,.T.);
#3132=EDGE_CURVE('',#2566,#2567,#1251,.T.);
#3133=EDGE_CURVE('',#2568,#2566,#1252,.T.);
#3134=EDGE_CURVE('',#2567,#2568,#1253,.T.);
#3135=EDGE_CURVE('',#2569,#2464,#1254,.T.);
#3136=EDGE_CURVE('',#2570,#2569,#1255,.T.);
#3137=EDGE_CURVE('',#2464,#2570,#1256,.T.);
#3138=EDGE_CURVE('',#2571,#2570,#1257,.T.);
#3139=EDGE_CURVE('',#2569,#2572,#1258,.T.);
#3140=EDGE_CURVE('',#2572,#2571,#1259,.T.);
#3141=EDGE_CURVE('',#2570,#2558,#1260,.T.);
#3142=EDGE_CURVE('',#2573,#2426,#1261,.T.);
#3143=EDGE_CURVE('',#2436,#2573,#1262,.T.);
#3144=EDGE_CURVE('',#2426,#2436,#1263,.T.);
#3145=EDGE_CURVE('',#2574,#2575,#1264,.T.);
#3146=EDGE_CURVE('',#2440,#2574,#1265,.T.);
#3147=EDGE_CURVE('',#2575,#2440,#1266,.T.);
#3148=EDGE_CURVE('',#2574,#2562,#1267,.T.);
#3149=EDGE_CURVE('',#2576,#2575,#1268,.T.);
#3150=EDGE_CURVE('',#2441,#2577,#1269,.T.);
#3151=EDGE_CURVE('',#2577,#2576,#1270,.T.);
#3152=EDGE_CURVE('',#2578,#2579,#1271,.T.);
#3153=EDGE_CURVE('',#2580,#2578,#1272,.T.);
#3154=EDGE_CURVE('',#2579,#2580,#1273,.T.);
#3155=EDGE_CURVE('',#2578,#2564,#1274,.T.);
#3156=EDGE_CURVE('',#2565,#2580,#1275,.T.);
#3157=EDGE_CURVE('',#2566,#2579,#1276,.T.);
#3158=EDGE_CURVE('',#2580,#2568,#1277,.T.);
#3159=EDGE_CURVE('',#2581,#2463,#1278,.T.);
#3160=EDGE_CURVE('',#2582,#2581,#1279,.T.);
#3161=EDGE_CURVE('',#2463,#2582,#1280,.T.);
#3162=EDGE_CURVE('',#2581,#2566,#1281,.T.);
#3163=EDGE_CURVE('',#2567,#2582,#1282,.T.);
#3164=EDGE_CURVE('',#2582,#2569,#1283,.T.);
#3165=EDGE_CURVE('',#2437,#2583,#1284,.T.);
#3166=EDGE_CURVE('',#2584,#2437,#1285,.T.);
#3167=EDGE_CURVE('',#2583,#2584,#1286,.T.);
#3168=EDGE_CURVE('',#2573,#2584,#1287,.T.);
#3169=EDGE_CURVE('',#2575,#2583,#1288,.T.);
#3170=EDGE_CURVE('',#2584,#2574,#1289,.T.);
#3171=EDGE_CURVE('',#2585,#2462,#1290,.T.);
#3172=EDGE_CURVE('',#2586,#2585,#1291,.T.);
#3173=EDGE_CURVE('',#2462,#2586,#1292,.T.);
#3174=EDGE_CURVE('',#2585,#2578,#1293,.T.);
#3175=EDGE_CURVE('',#2579,#2586,#1294,.T.);
#3176=EDGE_CURVE('',#2586,#2581,#1295,.T.);
#3177=EDGE_CURVE('',#2587,#2438,#1296,.T.);
#3178=EDGE_CURVE('',#2461,#2587,#1297,.T.);
#3179=EDGE_CURVE('',#2438,#2461,#1298,.T.);
#3180=EDGE_CURVE('',#2587,#2585,#1299,.T.);
#3181=EDGE_CURVE('',#2583,#2587,#1300,.T.);
#3182=EDGE_CURVE('',#2559,#2573,#1301,.T.);
#3183=EDGE_CURVE('',#2557,#2567,#1302,.T.);
#3184=EDGE_CURVE('',#2568,#2556,#1303,.T.);
#3185=EDGE_CURVE('',#2564,#2555,#1304,.T.);
#3186=EDGE_CURVE('',#2553,#2576,#1305,.T.);
#3187=EDGE_CURVE('',#2577,#2554,#1306,.T.);
#3188=EDGE_CURVE('',#2515,#2571,#1307,.T.);
#3189=EDGE_CURVE('',#2572,#2547,#1308,.T.);
#3190=EDGE_CURVE('',#2545,#2557,#1309,.T.);
#3191=EDGE_CURVE('',#2555,#2544,#1310,.T.);
#3192=EDGE_CURVE('',#2588,#2561,#1311,.T.);
#3193=EDGE_CURVE('',#2563,#2589,#1312,.T.);
#3194=EDGE_CURVE('',#2589,#2588,#1313,.T.);
#3195=EDGE_CURVE('',#2551,#2371,#1314,.T.);
#3196=EDGE_CURVE('',#2544,#2550,#1315,.T.);
#3197=EDGE_CURVE('',#2550,#2543,#1316,.T.);
#3198=EDGE_CURVE('',#2541,#2549,#1317,.T.);
#3199=EDGE_CURVE('',#2375,#2548,#1318,.T.);
#3200=EDGE_CURVE('',#2540,#2545,#1319,.T.);
#3201=EDGE_CURVE('',#2537,#2541,#1320,.T.);
#3202=EDGE_CURVE('',#2542,#2538,#1321,.T.);
#3203=EDGE_CURVE('',#2590,#2588,#1322,.T.);
#3204=EDGE_CURVE('',#2589,#2591,#1323,.T.);
#3205=EDGE_CURVE('',#2591,#2590,#1324,.T.);
#3206=EDGE_CURVE('',#2592,#2590,#1325,.T.);
#3207=EDGE_CURVE('',#2591,#2593,#1326,.T.);
#3208=EDGE_CURVE('',#2593,#2592,#1327,.T.);
#3209=EDGE_CURVE('',#2429,#2594,#166,.T.);
#3210=EDGE_CURVE('',#2594,#2595,#1328,.T.);
#3211=EDGE_CURVE('',#2595,#2596,#167,.T.);
#3212=EDGE_CURVE('',#2596,#2429,#61,.T.);
#3213=EDGE_CURVE('',#2593,#2595,#1329,.T.);
#3214=EDGE_CURVE('',#2594,#2592,#1330,.T.);
#3215=EDGE_CURVE('',#2597,#2536,#1331,.T.);
#3216=EDGE_CURVE('',#2474,#2597,#1332,.T.);
#3217=EDGE_CURVE('',#2596,#2527,#1333,.T.);
#3218=EDGE_CURVE('',#2526,#2597,#1334,.T.);
#3219=EDGE_CURVE('',#2530,#2525,#1335,.T.);
#3220=EDGE_CURVE('',#2417,#2598,#168,.T.);
#3221=EDGE_CURVE('',#2530,#2598,#1336,.T.);
#3222=EDGE_CURVE('',#2535,#2599,#1337,.T.);
#3223=EDGE_CURVE('',#2599,#2416,#1338,.T.);
#3224=EDGE_CURVE('',#2539,#2600,#1339,.T.);
#3225=EDGE_CURVE('',#2600,#2599,#1340,.T.);
#3226=EDGE_CURVE('',#2546,#2601,#1341,.T.);
#3227=EDGE_CURVE('',#2601,#2600,#1342,.T.);
#3228=EDGE_CURVE('',#2558,#2602,#1343,.T.);
#3229=EDGE_CURVE('',#2602,#2601,#1344,.T.);
#3230=EDGE_CURVE('',#2571,#2602,#1345,.T.);
#3231=EDGE_CURVE('',#2561,#2603,#1346,.T.);
#3232=EDGE_CURVE('',#2603,#2443,#1347,.T.);
#3233=EDGE_CURVE('',#2588,#2604,#1348,.T.);
#3234=EDGE_CURVE('',#2604,#2603,#1349,.T.);
#3235=EDGE_CURVE('',#2590,#2605,#1350,.T.);
#3236=EDGE_CURVE('',#2605,#2604,#1351,.T.);
#3237=EDGE_CURVE('',#2592,#2606,#1352,.T.);
#3238=EDGE_CURVE('',#2606,#2605,#1353,.T.);
#3239=EDGE_CURVE('',#2594,#2607,#1354,.T.);
#3240=EDGE_CURVE('',#2607,#2606,#1355,.T.);
#3241=EDGE_CURVE('',#2431,#2607,#169,.T.);
#3242=EDGE_CURVE('',#2608,#2609,#1356,.T.);
#3243=EDGE_CURVE('',#2608,#2610,#1357,.T.);
#3244=EDGE_CURVE('',#2610,#2611,#1358,.T.);
#3245=EDGE_CURVE('',#2609,#2611,#1359,.T.);
#3246=EDGE_CURVE('',#2612,#2608,#1360,.T.);
#3247=EDGE_CURVE('',#2612,#2613,#1361,.T.);
#3248=EDGE_CURVE('',#2613,#2610,#1362,.T.);
#3249=EDGE_CURVE('',#2614,#2612,#1363,.T.);
#3250=EDGE_CURVE('',#2614,#2615,#1364,.T.);
#3251=EDGE_CURVE('',#2615,#2613,#1365,.T.);
#3252=EDGE_CURVE('',#2609,#2614,#1366,.T.);
#3253=EDGE_CURVE('',#2611,#2615,#1367,.T.);
#3254=EDGE_CURVE('',#2616,#2616,#170,.T.);
#3255=EDGE_CURVE('',#2616,#2617,#1368,.T.);
#3256=EDGE_CURVE('',#2617,#2617,#171,.T.);
#3257=EDGE_CURVE('',#2552,#2618,#1369,.T.);
#3258=EDGE_CURVE('',#2538,#2618,#1370,.T.);
#3259=EDGE_CURVE('',#2529,#2619,#1371,.T.);
#3260=EDGE_CURVE('',#2619,#2430,#1372,.T.);
#3261=EDGE_CURVE('',#2532,#2620,#1373,.T.);
#3262=EDGE_CURVE('',#2620,#2619,#1374,.T.);
#3263=EDGE_CURVE('',#2534,#2621,#1375,.T.);
#3264=EDGE_CURVE('',#2621,#2620,#1376,.T.);
#3265=EDGE_CURVE('',#2618,#2621,#1377,.T.);
#3266=EDGE_CURVE('',#2536,#2622,#1378,.T.);
#3267=EDGE_CURVE('',#2622,#2514,#1379,.T.);
#3268=EDGE_CURVE('',#2597,#2623,#1380,.T.);
#3269=EDGE_CURVE('',#2623,#2622,#1381,.T.);
#3270=EDGE_CURVE('',#2526,#2624,#1382,.T.);
#3271=EDGE_CURVE('',#2624,#2623,#1383,.T.);
#3272=EDGE_CURVE('',#2525,#2625,#1384,.T.);
#3273=EDGE_CURVE('',#2625,#2624,#1385,.T.);
#3274=EDGE_CURVE('',#2598,#2625,#1386,.T.);
#3275=EDGE_CURVE('',#2503,#2408,#1387,.T.);
#3276=EDGE_CURVE('',#2502,#2409,#1388,.T.);
#3277=EDGE_CURVE('',#2497,#2398,#1389,.T.);
#3278=EDGE_CURVE('',#2496,#2399,#1390,.T.);
#3279=EDGE_CURVE('',#2626,#2626,#172,.T.);
#3280=EDGE_CURVE('',#2626,#2627,#1391,.T.);
#3281=EDGE_CURVE('',#2627,#2627,#173,.T.);
#3282=EDGE_CURVE('',#2628,#2629,#1392,.T.);
#3283=EDGE_CURVE('',#2628,#2630,#1393,.T.);
#3284=EDGE_CURVE('',#2631,#2630,#1394,.T.);
#3285=EDGE_CURVE('',#2631,#2629,#1395,.T.);
#3286=EDGE_CURVE('',#2632,#2632,#174,.T.);
#3287=EDGE_CURVE('',#2633,#2634,#175,.T.);
#3288=EDGE_CURVE('',#2634,#2633,#176,.T.);
#3289=EDGE_CURVE('',#2634,#2627,#1396,.T.);
#3290=EDGE_CURVE('',#2632,#2635,#1397,.T.);
#3291=EDGE_CURVE('',#2635,#2635,#177,.T.);
#3292=EDGE_CURVE('',#2636,#2637,#178,.T.);
#3293=EDGE_CURVE('',#2637,#2636,#179,.T.);
#3294=EDGE_CURVE('',#2637,#2635,#1398,.T.);
#3295=EDGE_CURVE('',#2638,#2638,#180,.T.);
#3296=EDGE_CURVE('',#2638,#2639,#1399,.T.);
#3297=EDGE_CURVE('',#2639,#2639,#181,.T.);
#3298=EDGE_CURVE('',#2640,#2641,#1400,.T.);
#3299=EDGE_CURVE('',#2640,#2642,#1401,.T.);
#3300=EDGE_CURVE('',#2642,#2643,#1402,.T.);
#3301=EDGE_CURVE('',#2643,#2641,#1403,.T.);
#3302=EDGE_CURVE('',#2644,#2644,#182,.T.);
#3303=EDGE_CURVE('',#2645,#2646,#183,.T.);
#3304=EDGE_CURVE('',#2646,#2645,#184,.T.);
#3305=EDGE_CURVE('',#2646,#2639,#1404,.T.);
#3306=EDGE_CURVE('',#2644,#2647,#1405,.T.);
#3307=EDGE_CURVE('',#2647,#2647,#185,.T.);
#3308=EDGE_CURVE('',#2648,#2649,#186,.T.);
#3309=EDGE_CURVE('',#2649,#2648,#187,.T.);
#3310=EDGE_CURVE('',#2649,#2647,#1406,.T.);
#3311=EDGE_CURVE('',#2650,#2651,#1407,.T.);
#3312=EDGE_CURVE('',#2652,#2650,#1408,.T.);
#3313=EDGE_CURVE('',#2651,#2652,#1409,.T.);
#3314=EDGE_CURVE('',#2653,#2654,#1410,.T.);
#3315=EDGE_CURVE('',#2654,#2655,#1411,.T.);
#3316=EDGE_CURVE('',#2655,#2656,#1412,.T.);
#3317=EDGE_CURVE('',#2656,#2653,#1413,.T.);
#3318=EDGE_CURVE('',#2657,#2658,#1414,.T.);
#3319=EDGE_CURVE('',#2658,#2640,#1415,.T.);
#3320=EDGE_CURVE('',#2641,#2657,#1416,.T.);
#3321=EDGE_CURVE('',#2654,#2659,#1417,.T.);
#3322=EDGE_CURVE('',#2659,#2660,#1418,.T.);
#3323=EDGE_CURVE('',#2660,#2655,#1419,.T.);
#3324=EDGE_CURVE('',#2661,#2662,#1420,.T.);
#3325=EDGE_CURVE('',#2663,#2661,#1421,.T.);
#3326=EDGE_CURVE('',#2662,#2663,#1422,.T.);
#3327=EDGE_CURVE('',#2658,#2663,#1423,.T.);
#3328=EDGE_CURVE('',#2661,#2640,#1424,.T.);
#3329=EDGE_CURVE('',#2659,#2664,#1425,.T.);
#3330=EDGE_CURVE('',#2664,#2665,#1426,.T.);
#3331=EDGE_CURVE('',#2665,#2660,#1427,.T.);
#3332=EDGE_CURVE('',#2629,#2666,#1428,.T.);
#3333=EDGE_CURVE('',#2666,#2667,#1429,.T.);
#3334=EDGE_CURVE('',#2667,#2628,#1430,.T.);
#3335=EDGE_CURVE('',#2668,#2669,#1431,.T.);
#3336=EDGE_CURVE('',#2670,#2668,#1432,.T.);
#3337=EDGE_CURVE('',#2669,#2670,#1433,.T.);
#3338=EDGE_CURVE('',#2629,#2670,#1434,.T.);
#3339=EDGE_CURVE('',#2668,#2666,#1435,.T.);
#3340=EDGE_CURVE('',#2671,#2672,#1436,.T.);
#3341=EDGE_CURVE('',#2673,#2671,#1437,.T.);
#3342=EDGE_CURVE('',#2672,#2673,#1438,.T.);
#3343=EDGE_CURVE('',#2674,#2673,#1439,.T.);
#3344=EDGE_CURVE('',#2671,#2675,#1440,.T.);
#3345=EDGE_CURVE('',#2674,#2675,#1441,.T.);
#3346=EDGE_CURVE('',#2676,#2677,#1442,.T.);
#3347=EDGE_CURVE('',#2677,#2631,#1443,.T.);
#3348=EDGE_CURVE('',#2676,#2630,#1444,.T.);
#3349=EDGE_CURVE('',#2678,#2679,#1445,.T.);
#3350=EDGE_CURVE('',#2680,#2678,#1446,.T.);
#3351=EDGE_CURVE('',#2679,#2680,#1447,.T.);
#3352=EDGE_CURVE('',#2667,#2680,#1448,.T.);
#3353=EDGE_CURVE('',#2678,#2628,#1449,.T.);
#3354=EDGE_CURVE('',#2664,#2679,#1450,.T.);
#3355=EDGE_CURVE('',#2680,#2665,#1451,.T.);
#3356=EDGE_CURVE('',#2681,#2682,#1452,.T.);
#3357=EDGE_CURVE('',#2683,#2681,#1453,.T.);
#3358=EDGE_CURVE('',#2682,#2683,#1454,.T.);
#3359=EDGE_CURVE('',#2677,#2683,#1455,.T.);
#3360=EDGE_CURVE('',#2681,#2631,#1456,.T.);
#3361=EDGE_CURVE('',#2684,#2685,#1457,.T.);
#3362=EDGE_CURVE('',#2686,#2684,#1458,.T.);
#3363=EDGE_CURVE('',#2685,#2686,#1459,.T.);
#3364=EDGE_CURVE('',#2687,#2686,#1460,.T.);
#3365=EDGE_CURVE('',#2684,#2688,#1461,.T.);
#3366=EDGE_CURVE('',#2688,#2687,#1462,.T.);
#3367=EDGE_CURVE('',#2669,#2685,#1463,.T.);
#3368=EDGE_CURVE('',#2686,#2668,#1464,.T.);
#3369=EDGE_CURVE('',#2689,#2690,#1465,.T.);
#3370=EDGE_CURVE('',#2691,#2689,#1466,.T.);
#3371=EDGE_CURVE('',#2690,#2691,#1467,.T.);
#3372=EDGE_CURVE('',#2692,#2693,#1468,.T.);
#3373=EDGE_CURVE('',#2694,#2692,#1469,.T.);
#3374=EDGE_CURVE('',#2693,#2694,#1470,.T.);
#3375=EDGE_CURVE('',#2630,#2694,#1471,.T.);
#3376=EDGE_CURVE('',#2692,#2676,#1472,.T.);
#3377=EDGE_CURVE('',#2679,#2693,#1473,.T.);
#3378=EDGE_CURVE('',#2694,#2678,#1474,.T.);
#3379=EDGE_CURVE('',#2695,#2696,#1475,.T.);
#3380=EDGE_CURVE('',#2697,#2695,#1476,.T.);
#3381=EDGE_CURVE('',#2696,#2697,#1477,.T.);
#3382=EDGE_CURVE('',#2698,#2699,#1478,.T.);
#3383=EDGE_CURVE('',#2700,#2698,#1479,.T.);
#3384=EDGE_CURVE('',#2699,#2700,#1480,.T.);
#3385=EDGE_CURVE('',#2701,#2702,#1481,.T.);
#3386=EDGE_CURVE('',#2703,#2701,#1482,.T.);
#3387=EDGE_CURVE('',#2702,#2703,#1483,.T.);
#3388=EDGE_CURVE('',#2704,#2705,#1484,.T.);
#3389=EDGE_CURVE('',#2706,#2704,#1485,.T.);
#3390=EDGE_CURVE('',#2705,#2706,#1486,.T.);
#3391=EDGE_CURVE('',#2698,#2706,#1487,.T.);
#3392=EDGE_CURVE('',#2704,#2700,#1488,.T.);
#3393=EDGE_CURVE('',#2695,#2705,#1489,.T.);
#3394=EDGE_CURVE('',#2706,#2697,#1490,.T.);
#3395=EDGE_CURVE('',#2707,#2708,#1491,.T.);
#3396=EDGE_CURVE('',#2709,#2707,#1492,.T.);
#3397=EDGE_CURVE('',#2708,#2709,#1493,.T.);
#3398=EDGE_CURVE('',#2701,#2709,#1494,.T.);
#3399=EDGE_CURVE('',#2707,#2703,#1495,.T.);
#3400=EDGE_CURVE('',#2705,#2708,#1496,.T.);
#3401=EDGE_CURVE('',#2709,#2704,#1497,.T.);
#3402=EDGE_CURVE('',#2710,#2707,#1498,.T.);
#3403=EDGE_CURVE('',#2708,#2711,#1499,.T.);
#3404=EDGE_CURVE('',#2711,#2710,#1500,.T.);
#3405=EDGE_CURVE('',#2712,#2702,#1501,.T.);
#3406=EDGE_CURVE('',#2703,#2713,#1502,.T.);
#3407=EDGE_CURVE('',#2713,#2712,#1503,.T.);
#3408=EDGE_CURVE('',#2702,#2699,#1504,.T.);
#3409=EDGE_CURVE('',#2700,#2701,#1505,.T.);
#3410=EDGE_CURVE('',#2711,#2692,#1506,.T.);
#3411=EDGE_CURVE('',#2693,#2710,#1507,.T.);
#3412=EDGE_CURVE('',#2689,#2698,#1508,.T.);
#3413=EDGE_CURVE('',#2699,#2691,#1509,.T.);
#3414=EDGE_CURVE('',#2685,#2696,#1510,.T.);
#3415=EDGE_CURVE('',#2697,#2684,#1511,.T.);
#3416=EDGE_CURVE('',#2696,#2682,#1512,.T.);
#3417=EDGE_CURVE('',#2683,#2695,#1513,.T.);
#3418=EDGE_CURVE('',#2713,#2690,#1514,.T.);
#3419=EDGE_CURVE('',#2691,#2712,#1515,.T.);
#3420=EDGE_CURVE('',#2690,#2672,#1516,.T.);
#3421=EDGE_CURVE('',#2673,#2689,#1517,.T.);
#3422=EDGE_CURVE('',#2682,#2669,#1518,.T.);
#3423=EDGE_CURVE('',#2670,#2681,#1519,.T.);
#3424=EDGE_CURVE('',#2672,#2662,#1520,.T.);
#3425=EDGE_CURVE('',#2663,#2671,#1521,.T.);
#3426=EDGE_CURVE('',#2675,#2687,#1522,.T.);
#3427=EDGE_CURVE('',#2688,#2674,#1523,.T.);
#3428=EDGE_CURVE('',#2714,#2661,#1524,.T.);
#3429=EDGE_CURVE('',#2662,#2715,#1525,.T.);
#3430=EDGE_CURVE('',#2715,#2714,#1526,.T.);
#3431=EDGE_CURVE('',#2716,#2714,#1527,.T.);
#3432=EDGE_CURVE('',#2715,#2717,#1528,.T.);
#3433=EDGE_CURVE('',#2717,#2716,#1529,.T.);
#3434=EDGE_CURVE('',#2641,#2652,#1530,.T.);
#3435=EDGE_CURVE('',#2650,#2657,#1531,.T.);
#3436=EDGE_CURVE('',#2717,#2651,#1532,.T.);
#3437=EDGE_CURVE('',#2652,#2716,#1533,.T.);
#3438=EDGE_CURVE('',#2656,#2650,#1534,.T.);
#3439=EDGE_CURVE('',#2651,#2653,#1535,.T.);
#3440=EDGE_CURVE('',#2643,#2716,#1536,.T.);
#3441=EDGE_CURVE('',#2660,#2687,#1537,.T.);
#3442=EDGE_CURVE('',#2675,#2655,#1538,.T.);
#3443=EDGE_CURVE('',#2713,#2653,#1539,.T.);
#3444=EDGE_CURVE('',#2718,#2718,#188,.T.);
#3445=EDGE_CURVE('',#2719,#2719,#189,.T.);
#3446=EDGE_CURVE('',#2720,#2720,#190,.T.);
#3447=EDGE_CURVE('',#2721,#2721,#191,.T.);
#3448=EDGE_CURVE('',#2718,#2722,#1540,.T.);
#3449=EDGE_CURVE('',#2722,#2723,#192,.T.);
#3450=EDGE_CURVE('',#2723,#2722,#193,.T.);
#3451=EDGE_CURVE('',#2723,#2724,#1541,.T.);
#3452=EDGE_CURVE('',#2724,#2724,#194,.T.);
#3453=EDGE_CURVE('',#2633,#2725,#1542,.T.);
#3454=EDGE_CURVE('',#2725,#2725,#195,.T.);
#3455=EDGE_CURVE('',#2721,#2726,#1543,.T.);
#3456=EDGE_CURVE('',#2726,#2727,#196,.T.);
#3457=EDGE_CURVE('',#2727,#2726,#197,.T.);
#3458=EDGE_CURVE('',#2727,#2728,#1544,.T.);
#3459=EDGE_CURVE('',#2728,#2728,#198,.T.);
#3460=EDGE_CURVE('',#2636,#2729,#1545,.T.);
#3461=EDGE_CURVE('',#2729,#2729,#199,.T.);
#3462=EDGE_CURVE('',#2648,#2730,#1546,.T.);
#3463=EDGE_CURVE('',#2730,#2730,#200,.T.);
#3464=EDGE_CURVE('',#2731,#2731,#201,.T.);
#3465=EDGE_CURVE('',#2719,#2732,#1547,.T.);
#3466=EDGE_CURVE('',#2732,#2733,#202,.T.);
#3467=EDGE_CURVE('',#2733,#2732,#203,.T.);
#3468=EDGE_CURVE('',#2733,#2731,#1548,.T.);
#3469=EDGE_CURVE('',#2645,#2734,#1549,.T.);
#3470=EDGE_CURVE('',#2734,#2734,#204,.T.);
#3471=EDGE_CURVE('',#2735,#2735,#205,.T.);
#3472=EDGE_CURVE('',#2720,#2736,#1550,.T.);
#3473=EDGE_CURVE('',#2736,#2737,#206,.T.);
#3474=EDGE_CURVE('',#2737,#2736,#207,.T.);
#3475=EDGE_CURVE('',#2737,#2735,#1551,.T.);
#3476=EDGE_CURVE('',#2664,#2710,#1552,.T.);
#3477=EDGE_CURVE('',#2642,#2714,#1553,.T.);
#3478=EDGE_CURVE('',#2738,#2739,#208,.T.);
#3479=EDGE_CURVE('',#2739,#2738,#209,.T.);
#3480=EDGE_CURVE('',#2738,#2740,#1554,.T.);
#3481=EDGE_CURVE('',#2740,#2740,#210,.T.);
#3482=EDGE_CURVE('',#2741,#2742,#211,.T.);
#3483=EDGE_CURVE('',#2742,#2741,#212,.T.);
#3484=EDGE_CURVE('',#2742,#2739,#1555,.T.);
#3485=EDGE_CURVE('',#2743,#2743,#213,.T.);
#3486=EDGE_CURVE('',#2743,#2741,#1556,.T.);
#3487=EDGE_CURVE('',#2744,#2745,#1557,.T.);
#3488=EDGE_CURVE('',#2745,#2746,#1558,.T.);
#3489=EDGE_CURVE('',#2746,#2747,#1559,.T.);
#3490=EDGE_CURVE('',#2747,#2744,#1560,.T.);
#3491=EDGE_CURVE('',#2748,#2749,#1561,.T.);
#3492=EDGE_CURVE('',#2749,#2750,#1562,.T.);
#3493=EDGE_CURVE('',#2750,#2751,#1563,.T.);
#3494=EDGE_CURVE('',#2751,#2748,#1564,.T.);
#3495=EDGE_CURVE('',#2752,#2753,#1565,.T.);
#3496=EDGE_CURVE('',#2753,#2754,#1566,.T.);
#3497=EDGE_CURVE('',#2754,#2755,#1567,.T.);
#3498=EDGE_CURVE('',#2755,#2752,#1568,.T.);
#3499=EDGE_CURVE('',#2756,#2757,#1569,.T.);
#3500=EDGE_CURVE('',#2757,#2758,#1570,.T.);
#3501=EDGE_CURVE('',#2758,#2756,#1571,.T.);
#3502=EDGE_CURVE('',#2759,#2760,#1572,.T.);
#3503=EDGE_CURVE('',#2760,#2761,#1573,.T.);
#3504=EDGE_CURVE('',#2761,#2759,#1574,.T.);
#3505=EDGE_CURVE('',#2745,#2758,#1575,.T.);
#3506=EDGE_CURVE('',#2756,#2744,#1576,.T.);
#3507=EDGE_CURVE('',#2746,#2754,#1577,.T.);
#3508=EDGE_CURVE('',#2755,#2745,#1578,.T.);
#3509=EDGE_CURVE('',#2747,#2759,#1579,.T.);
#3510=EDGE_CURVE('',#2760,#2746,#1580,.T.);
#3511=EDGE_CURVE('',#2744,#2751,#1581,.T.);
#3512=EDGE_CURVE('',#2748,#2747,#1582,.T.);
#3513=EDGE_CURVE('',#2756,#2751,#1583,.T.);
#3514=EDGE_CURVE('',#2755,#2758,#1584,.T.);
#3515=EDGE_CURVE('',#2760,#2754,#1585,.T.);
#3516=EDGE_CURVE('',#2748,#2759,#1586,.T.);
#3517=EDGE_CURVE('',#2757,#2750,#1587,.T.);
#3518=EDGE_CURVE('',#2752,#2757,#1588,.T.);
#3519=EDGE_CURVE('',#2761,#2753,#1589,.T.);
#3520=EDGE_CURVE('',#2749,#2761,#1590,.T.);
#3521=EDGE_CURVE('',#2752,#2750,#1591,.T.);
#3522=EDGE_CURVE('',#2749,#2753,#1592,.T.);
#3523=EDGE_CURVE('',#2762,#2763,#1593,.T.);
#3524=EDGE_CURVE('',#2762,#2764,#1594,.T.);
#3525=EDGE_CURVE('',#2764,#2765,#1595,.T.);
#3526=EDGE_CURVE('',#2763,#2765,#1596,.T.);
#3527=EDGE_CURVE('',#2766,#2762,#1597,.T.);
#3528=EDGE_CURVE('',#2766,#2767,#1598,.T.);
#3529=EDGE_CURVE('',#2767,#2764,#1599,.T.);
#3530=EDGE_CURVE('',#2768,#2766,#1600,.T.);
#3531=EDGE_CURVE('',#2768,#2769,#1601,.T.);
#3532=EDGE_CURVE('',#2769,#2767,#1602,.T.);
#3533=EDGE_CURVE('',#2763,#2768,#1603,.T.);
#3534=EDGE_CURVE('',#2765,#2769,#1604,.T.);
#3535=EDGE_CURVE('',#2770,#2770,#214,.T.);
#3536=EDGE_CURVE('',#2771,#2772,#1605,.T.);
#3537=EDGE_CURVE('',#2771,#2773,#1606,.T.);
#3538=EDGE_CURVE('',#2773,#2774,#1607,.T.);
#3539=EDGE_CURVE('',#2772,#2774,#1608,.T.);
#3540=EDGE_CURVE('',#2775,#2771,#1609,.T.);
#3541=EDGE_CURVE('',#2775,#2776,#1610,.T.);
#3542=EDGE_CURVE('',#2776,#2773,#1611,.T.);
#3543=EDGE_CURVE('',#2777,#2775,#1612,.T.);
#3544=EDGE_CURVE('',#2777,#2778,#1613,.T.);
#3545=EDGE_CURVE('',#2778,#2776,#1614,.T.);
#3546=EDGE_CURVE('',#2772,#2777,#1615,.T.);
#3547=EDGE_CURVE('',#2774,#2778,#1616,.T.);
#3548=EDGE_CURVE('',#2779,#2779,#215,.T.);
#3549=EDGE_CURVE('',#2779,#2770,#1617,.T.);
#3550=EDGE_CURVE('',#2780,#2781,#1618,.T.);
#3551=EDGE_CURVE('',#2781,#2782,#1619,.T.);
#3552=EDGE_CURVE('',#2783,#2782,#1620,.T.);
#3553=EDGE_CURVE('',#2780,#2783,#1621,.T.);
#3554=EDGE_CURVE('',#2784,#2780,#1622,.T.);
#3555=EDGE_CURVE('',#2785,#2783,#1623,.T.);
#3556=EDGE_CURVE('',#2784,#2785,#1624,.T.);
#3557=EDGE_CURVE('',#2786,#2784,#1625,.T.);
#3558=EDGE_CURVE('',#2787,#2785,#1626,.T.);
#3559=EDGE_CURVE('',#2786,#2787,#1627,.T.);
#3560=EDGE_CURVE('',#2788,#2786,#1628,.T.);
#3561=EDGE_CURVE('',#2789,#2787,#1629,.T.);
#3562=EDGE_CURVE('',#2788,#2789,#1630,.T.);
#3563=EDGE_CURVE('',#2790,#2788,#62,.T.);
#3564=EDGE_CURVE('',#2791,#2789,#63,.T.);
#3565=EDGE_CURVE('',#2790,#2791,#1631,.T.);
#3566=EDGE_CURVE('',#2792,#2790,#1632,.T.);
#3567=EDGE_CURVE('',#2793,#2791,#1633,.T.);
#3568=EDGE_CURVE('',#2792,#2793,#1634,.T.);
#3569=EDGE_CURVE('',#2794,#2792,#1635,.T.);
#3570=EDGE_CURVE('',#2795,#2793,#1636,.T.);
#3571=EDGE_CURVE('',#2794,#2795,#1637,.T.);
#3572=EDGE_CURVE('',#2796,#2794,#1638,.T.);
#3573=EDGE_CURVE('',#2797,#2795,#1639,.T.);
#3574=EDGE_CURVE('',#2796,#2797,#1640,.T.);
#3575=EDGE_CURVE('',#2798,#2796,#1641,.T.);
#3576=EDGE_CURVE('',#2799,#2797,#1642,.T.);
#3577=EDGE_CURVE('',#2798,#2799,#1643,.T.);
#3578=EDGE_CURVE('',#2800,#2798,#1644,.T.);
#3579=EDGE_CURVE('',#2801,#2799,#1645,.T.);
#3580=EDGE_CURVE('',#2800,#2801,#1646,.T.);
#3581=EDGE_CURVE('',#2802,#2800,#1647,.T.);
#3582=EDGE_CURVE('',#2803,#2801,#1648,.T.);
#3583=EDGE_CURVE('',#2802,#2803,#1649,.T.);
#3584=EDGE_CURVE('',#2804,#2802,#1650,.T.);
#3585=EDGE_CURVE('',#2805,#2803,#1651,.T.);
#3586=EDGE_CURVE('',#2804,#2805,#1652,.T.);
#3587=EDGE_CURVE('',#2806,#2804,#64,.T.);
#3588=EDGE_CURVE('',#2807,#2805,#65,.T.);
#3589=EDGE_CURVE('',#2806,#2807,#1653,.T.);
#3590=EDGE_CURVE('',#2808,#2806,#1654,.T.);
#3591=EDGE_CURVE('',#2809,#2807,#1655,.T.);
#3592=EDGE_CURVE('',#2808,#2809,#1656,.T.);
#3593=EDGE_CURVE('',#2810,#2808,#1657,.T.);
#3594=EDGE_CURVE('',#2811,#2809,#1658,.T.);
#3595=EDGE_CURVE('',#2810,#2811,#1659,.T.);
#3596=EDGE_CURVE('',#2781,#2810,#1660,.T.);
#3597=EDGE_CURVE('',#2782,#2811,#1661,.T.);
#3598=ORIENTED_EDGE('',*,*,#2812,.T.);
#3599=ORIENTED_EDGE('',*,*,#2813,.T.);
#3600=ORIENTED_EDGE('',*,*,#2814,.T.);
#3601=ORIENTED_EDGE('',*,*,#2815,.T.);
#3602=ORIENTED_EDGE('',*,*,#2813,.F.);
#3603=ORIENTED_EDGE('',*,*,#2816,.F.);
#3604=ORIENTED_EDGE('',*,*,#2817,.T.);
#3605=ORIENTED_EDGE('',*,*,#2818,.T.);
#3606=ORIENTED_EDGE('',*,*,#2819,.T.);
#3607=ORIENTED_EDGE('',*,*,#2820,.T.);
#3608=ORIENTED_EDGE('',*,*,#2821,.T.);
#3609=ORIENTED_EDGE('',*,*,#2822,.T.);
#3610=ORIENTED_EDGE('',*,*,#2823,.T.);
#3611=ORIENTED_EDGE('',*,*,#2821,.F.);
#3612=ORIENTED_EDGE('',*,*,#2824,.F.);
#3613=ORIENTED_EDGE('',*,*,#2825,.T.);
#3614=ORIENTED_EDGE('',*,*,#2826,.T.);
#3615=ORIENTED_EDGE('',*,*,#2827,.F.);
#3616=ORIENTED_EDGE('',*,*,#2828,.T.);
#3617=ORIENTED_EDGE('',*,*,#2829,.T.);
#3618=ORIENTED_EDGE('',*,*,#2830,.T.);
#3619=ORIENTED_EDGE('',*,*,#2831,.T.);
#3620=ORIENTED_EDGE('',*,*,#2829,.F.);
#3621=ORIENTED_EDGE('',*,*,#2832,.F.);
#3622=ORIENTED_EDGE('',*,*,#2833,.T.);
#3623=ORIENTED_EDGE('',*,*,#2834,.T.);
#3624=ORIENTED_EDGE('',*,*,#2835,.T.);
#3625=ORIENTED_EDGE('',*,*,#2836,.T.);
#3626=ORIENTED_EDGE('',*,*,#2837,.T.);
#3627=ORIENTED_EDGE('',*,*,#2838,.T.);
#3628=ORIENTED_EDGE('',*,*,#2839,.T.);
#3629=ORIENTED_EDGE('',*,*,#2837,.F.);
#3630=ORIENTED_EDGE('',*,*,#2840,.F.);
#3631=ORIENTED_EDGE('',*,*,#2841,.T.);
#3632=ORIENTED_EDGE('',*,*,#2842,.T.);
#3633=ORIENTED_EDGE('',*,*,#2843,.F.);
#3634=ORIENTED_EDGE('',*,*,#2816,.T.);
#3635=ORIENTED_EDGE('',*,*,#2812,.F.);
#3636=ORIENTED_EDGE('',*,*,#2844,.T.);
#3637=ORIENTED_EDGE('',*,*,#2845,.T.);
#3638=ORIENTED_EDGE('',*,*,#2846,.T.);
#3639=ORIENTED_EDGE('',*,*,#2815,.F.);
#3640=ORIENTED_EDGE('',*,*,#2847,.T.);
#3641=ORIENTED_EDGE('',*,*,#2848,.T.);
#3642=ORIENTED_EDGE('',*,*,#2849,.F.);
#3643=ORIENTED_EDGE('',*,*,#2844,.F.);
#3644=ORIENTED_EDGE('',*,*,#2850,.T.);
#3645=ORIENTED_EDGE('',*,*,#2824,.T.);
#3646=ORIENTED_EDGE('',*,*,#2820,.F.);
#3647=ORIENTED_EDGE('',*,*,#2851,.T.);
#3648=ORIENTED_EDGE('',*,*,#2852,.T.);
#3649=ORIENTED_EDGE('',*,*,#2853,.T.);
#3650=ORIENTED_EDGE('',*,*,#2840,.T.);
#3651=ORIENTED_EDGE('',*,*,#2836,.F.);
#3652=ORIENTED_EDGE('',*,*,#2854,.T.);
#3653=ORIENTED_EDGE('',*,*,#2855,.T.);
#3654=ORIENTED_EDGE('',*,*,#2832,.T.);
#3655=ORIENTED_EDGE('',*,*,#2828,.F.);
#3656=ORIENTED_EDGE('',*,*,#2856,.T.);
#3657=ORIENTED_EDGE('',*,*,#2857,.T.);
#3658=ORIENTED_EDGE('',*,*,#2858,.T.);
#3659=ORIENTED_EDGE('',*,*,#2831,.F.);
#3660=ORIENTED_EDGE('',*,*,#2859,.T.);
#3661=ORIENTED_EDGE('',*,*,#2860,.T.);
#3662=ORIENTED_EDGE('',*,*,#2861,.F.);
#3663=ORIENTED_EDGE('',*,*,#2856,.F.);
#3664=ORIENTED_EDGE('',*,*,#2862,.T.);
#3665=ORIENTED_EDGE('',*,*,#2863,.T.);
#3666=ORIENTED_EDGE('',*,*,#2864,.T.);
#3667=ORIENTED_EDGE('',*,*,#2865,.T.);
#3668=ORIENTED_EDGE('',*,*,#2863,.F.);
#3669=ORIENTED_EDGE('',*,*,#2864,.F.);
#3670=ORIENTED_EDGE('',*,*,#2865,.F.);
#3671=ORIENTED_EDGE('',*,*,#2866,.T.);
#3672=ORIENTED_EDGE('',*,*,#2867,.F.);
#3673=ORIENTED_EDGE('',*,*,#2866,.F.);
#3674=ORIENTED_EDGE('',*,*,#2868,.F.);
#3675=ORIENTED_EDGE('',*,*,#2869,.F.);
#3676=ORIENTED_EDGE('',*,*,#2870,.F.);
#3677=ORIENTED_EDGE('',*,*,#2871,.F.);
#3678=ORIENTED_EDGE('',*,*,#2872,.F.);
#3679=ORIENTED_EDGE('',*,*,#2873,.F.);
#3680=ORIENTED_EDGE('',*,*,#2862,.F.);
#3681=ORIENTED_EDGE('',*,*,#2874,.T.);
#3682=ORIENTED_EDGE('',*,*,#2875,.T.);
#3683=ORIENTED_EDGE('',*,*,#2876,.T.);
#3684=ORIENTED_EDGE('',*,*,#2877,.T.);
#3685=ORIENTED_EDGE('',*,*,#2875,.F.);
#3686=ORIENTED_EDGE('',*,*,#2876,.F.);
#3687=ORIENTED_EDGE('',*,*,#2877,.F.);
#3688=ORIENTED_EDGE('',*,*,#2878,.T.);
#3689=ORIENTED_EDGE('',*,*,#2879,.F.);
#3690=ORIENTED_EDGE('',*,*,#2878,.F.);
#3691=ORIENTED_EDGE('',*,*,#2880,.F.);
#3692=ORIENTED_EDGE('',*,*,#2881,.F.);
#3693=ORIENTED_EDGE('',*,*,#2882,.F.);
#3694=ORIENTED_EDGE('',*,*,#2883,.F.);
#3695=ORIENTED_EDGE('',*,*,#2884,.F.);
#3696=ORIENTED_EDGE('',*,*,#2885,.F.);
#3697=ORIENTED_EDGE('',*,*,#2874,.F.);
#3698=ORIENTED_EDGE('',*,*,#2886,.T.);
#3699=ORIENTED_EDGE('',*,*,#2887,.T.);
#3700=ORIENTED_EDGE('',*,*,#2888,.T.);
#3701=ORIENTED_EDGE('',*,*,#2889,.T.);
#3702=ORIENTED_EDGE('',*,*,#2887,.F.);
#3703=ORIENTED_EDGE('',*,*,#2890,.F.);
#3704=ORIENTED_EDGE('',*,*,#2891,.T.);
#3705=ORIENTED_EDGE('',*,*,#2892,.T.);
#3706=ORIENTED_EDGE('',*,*,#2893,.F.);
#3707=ORIENTED_EDGE('',*,*,#2886,.F.);
#3708=ORIENTED_EDGE('',*,*,#2888,.F.);
#3709=ORIENTED_EDGE('',*,*,#2889,.F.);
#3710=ORIENTED_EDGE('',*,*,#2894,.T.);
#3711=ORIENTED_EDGE('',*,*,#2895,.F.);
#3712=ORIENTED_EDGE('',*,*,#2894,.F.);
#3713=ORIENTED_EDGE('',*,*,#2896,.T.);
#3714=ORIENTED_EDGE('',*,*,#2897,.T.);
#3715=ORIENTED_EDGE('',*,*,#2898,.T.);
#3716=ORIENTED_EDGE('',*,*,#2897,.F.);
#3717=ORIENTED_EDGE('',*,*,#2899,.F.);
#3718=ORIENTED_EDGE('',*,*,#2900,.F.);
#3719=ORIENTED_EDGE('',*,*,#2901,.T.);
#3720=ORIENTED_EDGE('',*,*,#2896,.F.);
#3721=ORIENTED_EDGE('',*,*,#2901,.F.);
#3722=ORIENTED_EDGE('',*,*,#2902,.F.);
#3723=ORIENTED_EDGE('',*,*,#2903,.F.);
#3724=ORIENTED_EDGE('',*,*,#2904,.F.);
#3725=ORIENTED_EDGE('',*,*,#2905,.F.);
#3726=ORIENTED_EDGE('',*,*,#2898,.F.);
#3727=ORIENTED_EDGE('',*,*,#2906,.T.);
#3728=ORIENTED_EDGE('',*,*,#2907,.T.);
#3729=ORIENTED_EDGE('',*,*,#2899,.T.);
#3730=ORIENTED_EDGE('',*,*,#2900,.T.);
#3731=ORIENTED_EDGE('',*,*,#2907,.F.);
#3732=ORIENTED_EDGE('',*,*,#2908,.F.);
#3733=ORIENTED_EDGE('',*,*,#2909,.T.);
#3734=ORIENTED_EDGE('',*,*,#2910,.T.);
#3735=ORIENTED_EDGE('',*,*,#2911,.F.);
#3736=ORIENTED_EDGE('',*,*,#2906,.F.);
#3737=ORIENTED_EDGE('',*,*,#2912,.T.);
#3738=ORIENTED_EDGE('',*,*,#2913,.T.);
#3739=ORIENTED_EDGE('',*,*,#2914,.T.);
#3740=ORIENTED_EDGE('',*,*,#2915,.T.);
#3741=ORIENTED_EDGE('',*,*,#2913,.F.);
#3742=ORIENTED_EDGE('',*,*,#2914,.F.);
#3743=ORIENTED_EDGE('',*,*,#2915,.F.);
#3744=ORIENTED_EDGE('',*,*,#2916,.T.);
#3745=ORIENTED_EDGE('',*,*,#2917,.F.);
#3746=ORIENTED_EDGE('',*,*,#2916,.F.);
#3747=ORIENTED_EDGE('',*,*,#2827,.T.);
#3748=ORIENTED_EDGE('',*,*,#2918,.T.);
#3749=ORIENTED_EDGE('',*,*,#2847,.F.);
#3750=ORIENTED_EDGE('',*,*,#2814,.F.);
#3751=ORIENTED_EDGE('',*,*,#2819,.F.);
#3752=ORIENTED_EDGE('',*,*,#2919,.F.);
#3753=ORIENTED_EDGE('',*,*,#2920,.F.);
#3754=ORIENTED_EDGE('',*,*,#2921,.F.);
#3755=ORIENTED_EDGE('',*,*,#2922,.F.);
#3756=ORIENTED_EDGE('',*,*,#2822,.F.);
#3757=ORIENTED_EDGE('',*,*,#2912,.F.);
#3758=ORIENTED_EDGE('',*,*,#2923,.T.);
#3759=ORIENTED_EDGE('',*,*,#2924,.T.);
#3760=ORIENTED_EDGE('',*,*,#2917,.T.);
#3761=ORIENTED_EDGE('',*,*,#2924,.F.);
#3762=ORIENTED_EDGE('',*,*,#2925,.F.);
#3763=ORIENTED_EDGE('',*,*,#2926,.F.);
#3764=ORIENTED_EDGE('',*,*,#2927,.T.);
#3765=ORIENTED_EDGE('',*,*,#2928,.T.);
#3766=ORIENTED_EDGE('',*,*,#2923,.F.);
#3767=ORIENTED_EDGE('',*,*,#2929,.T.);
#3768=ORIENTED_EDGE('',*,*,#2930,.T.);
#3769=ORIENTED_EDGE('',*,*,#2931,.T.);
#3770=ORIENTED_EDGE('',*,*,#2932,.T.);
#3771=ORIENTED_EDGE('',*,*,#2930,.F.);
#3772=ORIENTED_EDGE('',*,*,#2931,.F.);
#3773=ORIENTED_EDGE('',*,*,#2932,.F.);
#3774=ORIENTED_EDGE('',*,*,#2933,.T.);
#3775=ORIENTED_EDGE('',*,*,#2934,.F.);
#3776=ORIENTED_EDGE('',*,*,#2933,.F.);
#3777=ORIENTED_EDGE('',*,*,#2918,.F.);
#3778=ORIENTED_EDGE('',*,*,#2826,.F.);
#3779=ORIENTED_EDGE('',*,*,#2935,.F.);
#3780=ORIENTED_EDGE('',*,*,#2936,.F.);
#3781=ORIENTED_EDGE('',*,*,#2937,.F.);
#3782=ORIENTED_EDGE('',*,*,#2848,.F.);
#3783=ORIENTED_EDGE('',*,*,#2929,.F.);
#3784=ORIENTED_EDGE('',*,*,#2938,.T.);
#3785=ORIENTED_EDGE('',*,*,#2939,.T.);
#3786=ORIENTED_EDGE('',*,*,#2940,.T.);
#3787=ORIENTED_EDGE('',*,*,#2941,.T.);
#3788=ORIENTED_EDGE('',*,*,#2939,.F.);
#3789=ORIENTED_EDGE('',*,*,#2940,.F.);
#3790=ORIENTED_EDGE('',*,*,#2941,.F.);
#3791=ORIENTED_EDGE('',*,*,#2942,.T.);
#3792=ORIENTED_EDGE('',*,*,#2943,.F.);
#3793=ORIENTED_EDGE('',*,*,#2942,.F.);
#3794=ORIENTED_EDGE('',*,*,#2944,.F.);
#3795=ORIENTED_EDGE('',*,*,#2945,.F.);
#3796=ORIENTED_EDGE('',*,*,#2860,.F.);
#3797=ORIENTED_EDGE('',*,*,#2946,.F.);
#3798=ORIENTED_EDGE('',*,*,#2842,.F.);
#3799=ORIENTED_EDGE('',*,*,#2947,.F.);
#3800=ORIENTED_EDGE('',*,*,#2938,.F.);
#3801=ORIENTED_EDGE('',*,*,#2948,.T.);
#3802=ORIENTED_EDGE('',*,*,#2949,.T.);
#3803=ORIENTED_EDGE('',*,*,#2950,.T.);
#3804=ORIENTED_EDGE('',*,*,#2951,.T.);
#3805=ORIENTED_EDGE('',*,*,#2949,.F.);
#3806=ORIENTED_EDGE('',*,*,#2952,.F.);
#3807=ORIENTED_EDGE('',*,*,#2953,.F.);
#3808=ORIENTED_EDGE('',*,*,#2954,.F.);
#3809=ORIENTED_EDGE('',*,*,#2852,.F.);
#3810=ORIENTED_EDGE('',*,*,#2955,.F.);
#3811=ORIENTED_EDGE('',*,*,#2956,.F.);
#3812=ORIENTED_EDGE('',*,*,#2957,.F.);
#3813=ORIENTED_EDGE('',*,*,#2958,.F.);
#3814=ORIENTED_EDGE('',*,*,#2959,.F.);
#3815=ORIENTED_EDGE('',*,*,#2960,.F.);
#3816=ORIENTED_EDGE('',*,*,#2961,.F.);
#3817=ORIENTED_EDGE('',*,*,#2962,.F.);
#3818=ORIENTED_EDGE('',*,*,#2963,.F.);
#3819=ORIENTED_EDGE('',*,*,#2964,.F.);
#3820=ORIENTED_EDGE('',*,*,#2965,.F.);
#3821=ORIENTED_EDGE('',*,*,#2966,.F.);
#3822=ORIENTED_EDGE('',*,*,#2967,.F.);
#3823=ORIENTED_EDGE('',*,*,#2968,.F.);
#3824=ORIENTED_EDGE('',*,*,#2969,.F.);
#3825=ORIENTED_EDGE('',*,*,#2970,.F.);
#3826=ORIENTED_EDGE('',*,*,#2971,.F.);
#3827=ORIENTED_EDGE('',*,*,#2972,.F.);
#3828=ORIENTED_EDGE('',*,*,#2973,.F.);
#3829=ORIENTED_EDGE('',*,*,#2974,.F.);
#3830=ORIENTED_EDGE('',*,*,#2833,.F.);
#3831=ORIENTED_EDGE('',*,*,#2858,.F.);
#3832=ORIENTED_EDGE('',*,*,#2975,.F.);
#3833=ORIENTED_EDGE('',*,*,#2976,.F.);
#3834=ORIENTED_EDGE('',*,*,#2977,.F.);
#3835=ORIENTED_EDGE('',*,*,#2855,.F.);
#3836=ORIENTED_EDGE('',*,*,#2978,.F.);
#3837=ORIENTED_EDGE('',*,*,#2979,.F.);
#3838=ORIENTED_EDGE('',*,*,#2817,.F.);
#3839=ORIENTED_EDGE('',*,*,#2846,.F.);
#3840=ORIENTED_EDGE('',*,*,#2980,.F.);
#3841=ORIENTED_EDGE('',*,*,#2981,.F.);
#3842=ORIENTED_EDGE('',*,*,#2982,.F.);
#3843=ORIENTED_EDGE('',*,*,#2983,.F.);
#3844=ORIENTED_EDGE('',*,*,#2984,.F.);
#3845=ORIENTED_EDGE('',*,*,#2985,.F.);
#3846=ORIENTED_EDGE('',*,*,#2986,.F.);
#3847=ORIENTED_EDGE('',*,*,#2987,.F.);
#3848=ORIENTED_EDGE('',*,*,#2988,.F.);
#3849=ORIENTED_EDGE('',*,*,#2989,.F.);
#3850=ORIENTED_EDGE('',*,*,#2990,.F.);
#3851=ORIENTED_EDGE('',*,*,#2991,.F.);
#3852=ORIENTED_EDGE('',*,*,#2948,.F.);
#3853=ORIENTED_EDGE('',*,*,#2950,.F.);
#3854=ORIENTED_EDGE('',*,*,#2951,.F.);
#3855=ORIENTED_EDGE('',*,*,#2992,.T.);
#3856=ORIENTED_EDGE('',*,*,#2993,.T.);
#3857=ORIENTED_EDGE('',*,*,#2992,.F.);
#3858=ORIENTED_EDGE('',*,*,#2984,.T.);
#3859=ORIENTED_EDGE('',*,*,#2994,.T.);
#3860=ORIENTED_EDGE('',*,*,#2995,.T.);
#3861=ORIENTED_EDGE('',*,*,#2996,.F.);
#3862=ORIENTED_EDGE('',*,*,#2983,.T.);
#3863=ORIENTED_EDGE('',*,*,#2997,.T.);
#3864=ORIENTED_EDGE('',*,*,#2998,.T.);
#3865=ORIENTED_EDGE('',*,*,#2994,.F.);
#3866=ORIENTED_EDGE('',*,*,#2982,.T.);
#3867=ORIENTED_EDGE('',*,*,#2999,.T.);
#3868=ORIENTED_EDGE('',*,*,#3000,.T.);
#3869=ORIENTED_EDGE('',*,*,#2997,.F.);
#3870=ORIENTED_EDGE('',*,*,#3001,.T.);
#3871=ORIENTED_EDGE('',*,*,#3002,.T.);
#3872=ORIENTED_EDGE('',*,*,#2980,.T.);
#3873=ORIENTED_EDGE('',*,*,#3003,.T.);
#3874=ORIENTED_EDGE('',*,*,#2981,.T.);
#3875=ORIENTED_EDGE('',*,*,#3002,.F.);
#3876=ORIENTED_EDGE('',*,*,#3004,.T.);
#3877=ORIENTED_EDGE('',*,*,#2999,.F.);
#3878=ORIENTED_EDGE('',*,*,#3005,.T.);
#3879=ORIENTED_EDGE('',*,*,#3003,.F.);
#3880=ORIENTED_EDGE('',*,*,#2985,.T.);
#3881=ORIENTED_EDGE('',*,*,#2996,.T.);
#3882=ORIENTED_EDGE('',*,*,#3000,.F.);
#3883=ORIENTED_EDGE('',*,*,#3006,.T.);
#3884=ORIENTED_EDGE('',*,*,#2873,.T.);
#3885=ORIENTED_EDGE('',*,*,#3007,.F.);
#3886=ORIENTED_EDGE('',*,*,#3004,.F.);
#3887=ORIENTED_EDGE('',*,*,#3008,.T.);
#3888=ORIENTED_EDGE('',*,*,#2868,.T.);
#3889=ORIENTED_EDGE('',*,*,#3006,.F.);
#3890=ORIENTED_EDGE('',*,*,#3001,.F.);
#3891=ORIENTED_EDGE('',*,*,#3009,.T.);
#3892=ORIENTED_EDGE('',*,*,#2869,.T.);
#3893=ORIENTED_EDGE('',*,*,#3008,.F.);
#3894=ORIENTED_EDGE('',*,*,#2990,.T.);
#3895=ORIENTED_EDGE('',*,*,#3010,.T.);
#3896=ORIENTED_EDGE('',*,*,#3011,.T.);
#3897=ORIENTED_EDGE('',*,*,#3012,.F.);
#3898=ORIENTED_EDGE('',*,*,#2989,.T.);
#3899=ORIENTED_EDGE('',*,*,#3013,.T.);
#3900=ORIENTED_EDGE('',*,*,#3014,.T.);
#3901=ORIENTED_EDGE('',*,*,#3010,.F.);
#3902=ORIENTED_EDGE('',*,*,#2988,.T.);
#3903=ORIENTED_EDGE('',*,*,#3015,.T.);
#3904=ORIENTED_EDGE('',*,*,#3016,.T.);
#3905=ORIENTED_EDGE('',*,*,#3013,.F.);
#3906=ORIENTED_EDGE('',*,*,#3017,.T.);
#3907=ORIENTED_EDGE('',*,*,#3018,.T.);
#3908=ORIENTED_EDGE('',*,*,#2986,.T.);
#3909=ORIENTED_EDGE('',*,*,#3019,.T.);
#3910=ORIENTED_EDGE('',*,*,#2987,.T.);
#3911=ORIENTED_EDGE('',*,*,#3018,.F.);
#3912=ORIENTED_EDGE('',*,*,#3020,.T.);
#3913=ORIENTED_EDGE('',*,*,#3015,.F.);
#3914=ORIENTED_EDGE('',*,*,#3021,.T.);
#3915=ORIENTED_EDGE('',*,*,#3019,.F.);
#3916=ORIENTED_EDGE('',*,*,#2991,.T.);
#3917=ORIENTED_EDGE('',*,*,#3012,.T.);
#3918=ORIENTED_EDGE('',*,*,#3016,.F.);
#3919=ORIENTED_EDGE('',*,*,#3022,.T.);
#3920=ORIENTED_EDGE('',*,*,#2885,.T.);
#3921=ORIENTED_EDGE('',*,*,#3023,.F.);
#3922=ORIENTED_EDGE('',*,*,#3020,.F.);
#3923=ORIENTED_EDGE('',*,*,#3024,.T.);
#3924=ORIENTED_EDGE('',*,*,#2880,.T.);
#3925=ORIENTED_EDGE('',*,*,#3022,.F.);
#3926=ORIENTED_EDGE('',*,*,#3017,.F.);
#3927=ORIENTED_EDGE('',*,*,#3025,.T.);
#3928=ORIENTED_EDGE('',*,*,#2881,.T.);
#3929=ORIENTED_EDGE('',*,*,#3024,.F.);
#3930=ORIENTED_EDGE('',*,*,#3026,.T.);
#3931=ORIENTED_EDGE('',*,*,#3027,.T.);
#3932=ORIENTED_EDGE('',*,*,#3028,.T.);
#3933=ORIENTED_EDGE('',*,*,#3027,.F.);
#3934=ORIENTED_EDGE('',*,*,#3029,.F.);
#3935=ORIENTED_EDGE('',*,*,#3030,.F.);
#3936=ORIENTED_EDGE('',*,*,#3031,.T.);
#3937=ORIENTED_EDGE('',*,*,#3028,.F.);
#3938=ORIENTED_EDGE('',*,*,#3031,.F.);
#3939=ORIENTED_EDGE('',*,*,#3032,.F.);
#3940=ORIENTED_EDGE('',*,*,#3033,.T.);
#3941=ORIENTED_EDGE('',*,*,#3034,.T.);
#3942=ORIENTED_EDGE('',*,*,#3035,.F.);
#3943=ORIENTED_EDGE('',*,*,#3026,.F.);
#3944=ORIENTED_EDGE('',*,*,#3036,.T.);
#3945=ORIENTED_EDGE('',*,*,#3037,.T.);
#3946=ORIENTED_EDGE('',*,*,#3029,.T.);
#3947=ORIENTED_EDGE('',*,*,#3030,.T.);
#3948=ORIENTED_EDGE('',*,*,#3037,.F.);
#3949=ORIENTED_EDGE('',*,*,#3038,.F.);
#3950=ORIENTED_EDGE('',*,*,#3039,.F.);
#3951=ORIENTED_EDGE('',*,*,#3040,.F.);
#3952=ORIENTED_EDGE('',*,*,#3041,.F.);
#3953=ORIENTED_EDGE('',*,*,#3036,.F.);
#3954=ORIENTED_EDGE('',*,*,#3042,.T.);
#3955=ORIENTED_EDGE('',*,*,#2853,.F.);
#3956=ORIENTED_EDGE('',*,*,#2977,.T.);
#3957=ORIENTED_EDGE('',*,*,#3043,.T.);
#3958=ORIENTED_EDGE('',*,*,#2975,.T.);
#3959=ORIENTED_EDGE('',*,*,#2857,.F.);
#3960=ORIENTED_EDGE('',*,*,#3044,.T.);
#3961=ORIENTED_EDGE('',*,*,#3045,.T.);
#3962=ORIENTED_EDGE('',*,*,#2976,.T.);
#3963=ORIENTED_EDGE('',*,*,#3045,.F.);
#3964=ORIENTED_EDGE('',*,*,#3046,.T.);
#3965=ORIENTED_EDGE('',*,*,#3043,.F.);
#3966=ORIENTED_EDGE('',*,*,#3042,.F.);
#3967=ORIENTED_EDGE('',*,*,#3047,.T.);
#3968=ORIENTED_EDGE('',*,*,#2947,.T.);
#3969=ORIENTED_EDGE('',*,*,#2841,.F.);
#3970=ORIENTED_EDGE('',*,*,#3046,.F.);
#3971=ORIENTED_EDGE('',*,*,#3048,.T.);
#3972=ORIENTED_EDGE('',*,*,#2944,.T.);
#3973=ORIENTED_EDGE('',*,*,#3047,.F.);
#3974=ORIENTED_EDGE('',*,*,#3044,.F.);
#3975=ORIENTED_EDGE('',*,*,#2861,.T.);
#3976=ORIENTED_EDGE('',*,*,#2945,.T.);
#3977=ORIENTED_EDGE('',*,*,#3048,.F.);
#3978=ORIENTED_EDGE('',*,*,#3049,.T.);
#3979=ORIENTED_EDGE('',*,*,#2850,.F.);
#3980=ORIENTED_EDGE('',*,*,#2954,.T.);
#3981=ORIENTED_EDGE('',*,*,#3050,.T.);
#3982=ORIENTED_EDGE('',*,*,#2953,.T.);
#3983=ORIENTED_EDGE('',*,*,#3051,.T.);
#3984=ORIENTED_EDGE('',*,*,#3052,.T.);
#3985=ORIENTED_EDGE('',*,*,#3050,.F.);
#3986=ORIENTED_EDGE('',*,*,#2952,.T.);
#3987=ORIENTED_EDGE('',*,*,#2845,.F.);
#3988=ORIENTED_EDGE('',*,*,#3053,.T.);
#3989=ORIENTED_EDGE('',*,*,#3051,.F.);
#3990=ORIENTED_EDGE('',*,*,#3049,.F.);
#3991=ORIENTED_EDGE('',*,*,#3054,.T.);
#3992=ORIENTED_EDGE('',*,*,#2935,.T.);
#3993=ORIENTED_EDGE('',*,*,#2825,.F.);
#3994=ORIENTED_EDGE('',*,*,#3052,.F.);
#3995=ORIENTED_EDGE('',*,*,#3055,.T.);
#3996=ORIENTED_EDGE('',*,*,#2936,.T.);
#3997=ORIENTED_EDGE('',*,*,#3054,.F.);
#3998=ORIENTED_EDGE('',*,*,#3053,.F.);
#3999=ORIENTED_EDGE('',*,*,#2849,.T.);
#4000=ORIENTED_EDGE('',*,*,#2937,.T.);
#4001=ORIENTED_EDGE('',*,*,#3055,.F.);
#4002=ORIENTED_EDGE('',*,*,#2967,.T.);
#4003=ORIENTED_EDGE('',*,*,#3056,.T.);
#4004=ORIENTED_EDGE('',*,*,#3057,.T.);
#4005=ORIENTED_EDGE('',*,*,#3058,.F.);
#4006=ORIENTED_EDGE('',*,*,#3059,.T.);
#4007=ORIENTED_EDGE('',*,*,#3060,.T.);
#4008=ORIENTED_EDGE('',*,*,#3061,.T.);
#4009=ORIENTED_EDGE('',*,*,#3062,.F.);
#4010=ORIENTED_EDGE('',*,*,#3063,.T.);
#4011=ORIENTED_EDGE('',*,*,#3064,.T.);
#4012=ORIENTED_EDGE('',*,*,#2965,.T.);
#4013=ORIENTED_EDGE('',*,*,#3065,.T.);
#4014=ORIENTED_EDGE('',*,*,#3066,.T.);
#4015=ORIENTED_EDGE('',*,*,#3067,.T.);
#4016=ORIENTED_EDGE('',*,*,#3068,.T.);
#4017=ORIENTED_EDGE('',*,*,#3060,.F.);
#4018=ORIENTED_EDGE('',*,*,#2964,.T.);
#4019=ORIENTED_EDGE('',*,*,#3069,.T.);
#4020=ORIENTED_EDGE('',*,*,#2890,.T.);
#4021=ORIENTED_EDGE('',*,*,#3065,.F.);
#4022=ORIENTED_EDGE('',*,*,#3070,.T.);
#4023=ORIENTED_EDGE('',*,*,#3071,.T.);
#4024=ORIENTED_EDGE('',*,*,#3072,.T.);
#4025=ORIENTED_EDGE('',*,*,#3067,.F.);
#4026=ORIENTED_EDGE('',*,*,#2963,.T.);
#4027=ORIENTED_EDGE('',*,*,#3073,.T.);
#4028=ORIENTED_EDGE('',*,*,#3074,.T.);
#4029=ORIENTED_EDGE('',*,*,#3069,.F.);
#4030=ORIENTED_EDGE('',*,*,#3075,.T.);
#4031=ORIENTED_EDGE('',*,*,#3076,.T.);
#4032=ORIENTED_EDGE('',*,*,#2970,.T.);
#4033=ORIENTED_EDGE('',*,*,#3077,.T.);
#4034=ORIENTED_EDGE('',*,*,#3078,.T.);
#4035=ORIENTED_EDGE('',*,*,#3079,.T.);
#4036=ORIENTED_EDGE('',*,*,#3080,.T.);
#4037=ORIENTED_EDGE('',*,*,#3071,.F.);
#4038=ORIENTED_EDGE('',*,*,#2962,.T.);
#4039=ORIENTED_EDGE('',*,*,#3081,.T.);
#4040=ORIENTED_EDGE('',*,*,#3082,.T.);
#4041=ORIENTED_EDGE('',*,*,#3073,.F.);
#4042=ORIENTED_EDGE('',*,*,#3083,.F.);
#4043=ORIENTED_EDGE('',*,*,#3084,.F.);
#4044=ORIENTED_EDGE('',*,*,#3085,.F.);
#4045=ORIENTED_EDGE('',*,*,#3086,.F.);
#4046=ORIENTED_EDGE('',*,*,#3087,.F.);
#4047=ORIENTED_EDGE('',*,*,#3088,.F.);
#4048=ORIENTED_EDGE('',*,*,#2834,.F.);
#4049=ORIENTED_EDGE('',*,*,#3089,.F.);
#4050=ORIENTED_EDGE('',*,*,#3090,.F.);
#4051=ORIENTED_EDGE('',*,*,#3091,.F.);
#4052=ORIENTED_EDGE('',*,*,#3092,.F.);
#4053=ORIENTED_EDGE('',*,*,#3093,.F.);
#4054=ORIENTED_EDGE('',*,*,#2961,.T.);
#4055=ORIENTED_EDGE('',*,*,#3094,.T.);
#4056=ORIENTED_EDGE('',*,*,#3095,.T.);
#4057=ORIENTED_EDGE('',*,*,#3081,.F.);
#4058=ORIENTED_EDGE('',*,*,#3096,.T.);
#4059=ORIENTED_EDGE('',*,*,#3083,.T.);
#4060=ORIENTED_EDGE('',*,*,#3035,.T.);
#4061=ORIENTED_EDGE('',*,*,#3097,.T.);
#4062=ORIENTED_EDGE('',*,*,#3098,.F.);
#4063=ORIENTED_EDGE('',*,*,#3099,.F.);
#4064=ORIENTED_EDGE('',*,*,#3100,.F.);
#4065=ORIENTED_EDGE('',*,*,#3101,.F.);
#4066=ORIENTED_EDGE('',*,*,#3102,.F.);
#4067=ORIENTED_EDGE('',*,*,#3103,.F.);
#4068=ORIENTED_EDGE('',*,*,#3104,.T.);
#4069=ORIENTED_EDGE('',*,*,#3088,.T.);
#4070=ORIENTED_EDGE('',*,*,#3105,.T.);
#4071=ORIENTED_EDGE('',*,*,#3106,.T.);
#4072=ORIENTED_EDGE('',*,*,#3107,.T.);
#4073=ORIENTED_EDGE('',*,*,#3108,.F.);
#4074=ORIENTED_EDGE('',*,*,#3109,.F.);
#4075=ORIENTED_EDGE('',*,*,#3110,.F.);
#4076=ORIENTED_EDGE('',*,*,#3111,.F.);
#4077=ORIENTED_EDGE('',*,*,#3112,.F.);
#4078=ORIENTED_EDGE('',*,*,#3113,.F.);
#4079=ORIENTED_EDGE('',*,*,#2960,.T.);
#4080=ORIENTED_EDGE('',*,*,#3114,.T.);
#4081=ORIENTED_EDGE('',*,*,#3115,.T.);
#4082=ORIENTED_EDGE('',*,*,#3094,.F.);
#4083=ORIENTED_EDGE('',*,*,#2818,.F.);
#4084=ORIENTED_EDGE('',*,*,#3116,.F.);
#4085=ORIENTED_EDGE('',*,*,#3117,.F.);
#4086=ORIENTED_EDGE('',*,*,#3116,.T.);
#4087=ORIENTED_EDGE('',*,*,#2979,.T.);
#4088=ORIENTED_EDGE('',*,*,#3099,.T.);
#4089=ORIENTED_EDGE('',*,*,#2902,.T.);
#4090=ORIENTED_EDGE('',*,*,#3118,.F.);
#4091=ORIENTED_EDGE('',*,*,#3119,.F.);
#4092=ORIENTED_EDGE('',*,*,#3120,.F.);
#4093=ORIENTED_EDGE('',*,*,#3098,.T.);
#4094=ORIENTED_EDGE('',*,*,#3121,.T.);
#4095=ORIENTED_EDGE('',*,*,#3119,.T.);
#4096=ORIENTED_EDGE('',*,*,#2903,.T.);
#4097=ORIENTED_EDGE('',*,*,#3120,.T.);
#4098=ORIENTED_EDGE('',*,*,#3122,.T.);
#4099=ORIENTED_EDGE('',*,*,#3102,.T.);
#4100=ORIENTED_EDGE('',*,*,#3123,.T.);
#4101=ORIENTED_EDGE('',*,*,#3124,.T.);
#4102=ORIENTED_EDGE('',*,*,#3125,.T.);
#4103=ORIENTED_EDGE('',*,*,#3126,.T.);
#4104=ORIENTED_EDGE('',*,*,#3127,.T.);
#4105=ORIENTED_EDGE('',*,*,#3128,.F.);
#4106=ORIENTED_EDGE('',*,*,#3129,.F.);
#4107=ORIENTED_EDGE('',*,*,#3130,.F.);
#4108=ORIENTED_EDGE('',*,*,#3129,.T.);
#4109=ORIENTED_EDGE('',*,*,#3038,.T.);
#4110=ORIENTED_EDGE('',*,*,#3112,.T.);
#4111=ORIENTED_EDGE('',*,*,#3131,.T.);
#4112=ORIENTED_EDGE('',*,*,#3132,.F.);
#4113=ORIENTED_EDGE('',*,*,#3133,.F.);
#4114=ORIENTED_EDGE('',*,*,#3134,.F.);
#4115=ORIENTED_EDGE('',*,*,#3135,.F.);
#4116=ORIENTED_EDGE('',*,*,#3136,.F.);
#4117=ORIENTED_EDGE('',*,*,#3137,.F.);
#4118=ORIENTED_EDGE('',*,*,#3138,.T.);
#4119=ORIENTED_EDGE('',*,*,#3136,.T.);
#4120=ORIENTED_EDGE('',*,*,#3139,.T.);
#4121=ORIENTED_EDGE('',*,*,#3140,.T.);
#4122=ORIENTED_EDGE('',*,*,#2959,.T.);
#4123=ORIENTED_EDGE('',*,*,#3137,.T.);
#4124=ORIENTED_EDGE('',*,*,#3141,.T.);
#4125=ORIENTED_EDGE('',*,*,#3114,.F.);
#4126=ORIENTED_EDGE('',*,*,#3142,.F.);
#4127=ORIENTED_EDGE('',*,*,#3143,.F.);
#4128=ORIENTED_EDGE('',*,*,#3144,.F.);
#4129=ORIENTED_EDGE('',*,*,#3145,.F.);
#4130=ORIENTED_EDGE('',*,*,#3146,.F.);
#4131=ORIENTED_EDGE('',*,*,#3147,.F.);
#4132=ORIENTED_EDGE('',*,*,#2926,.T.);
#4133=ORIENTED_EDGE('',*,*,#3146,.T.);
#4134=ORIENTED_EDGE('',*,*,#3148,.T.);
#4135=ORIENTED_EDGE('',*,*,#3125,.F.);
#4136=ORIENTED_EDGE('',*,*,#3149,.T.);
#4137=ORIENTED_EDGE('',*,*,#3147,.T.);
#4138=ORIENTED_EDGE('',*,*,#2925,.T.);
#4139=ORIENTED_EDGE('',*,*,#3150,.T.);
#4140=ORIENTED_EDGE('',*,*,#3151,.T.);
#4141=ORIENTED_EDGE('',*,*,#3152,.F.);
#4142=ORIENTED_EDGE('',*,*,#3153,.F.);
#4143=ORIENTED_EDGE('',*,*,#3154,.F.);
#4144=ORIENTED_EDGE('',*,*,#3153,.T.);
#4145=ORIENTED_EDGE('',*,*,#3155,.T.);
#4146=ORIENTED_EDGE('',*,*,#3130,.T.);
#4147=ORIENTED_EDGE('',*,*,#3156,.T.);
#4148=ORIENTED_EDGE('',*,*,#3133,.T.);
#4149=ORIENTED_EDGE('',*,*,#3157,.T.);
#4150=ORIENTED_EDGE('',*,*,#3154,.T.);
#4151=ORIENTED_EDGE('',*,*,#3158,.T.);
#4152=ORIENTED_EDGE('',*,*,#3159,.F.);
#4153=ORIENTED_EDGE('',*,*,#3160,.F.);
#4154=ORIENTED_EDGE('',*,*,#3161,.F.);
#4155=ORIENTED_EDGE('',*,*,#3160,.T.);
#4156=ORIENTED_EDGE('',*,*,#3162,.T.);
#4157=ORIENTED_EDGE('',*,*,#3132,.T.);
#4158=ORIENTED_EDGE('',*,*,#3163,.T.);
#4159=ORIENTED_EDGE('',*,*,#3135,.T.);
#4160=ORIENTED_EDGE('',*,*,#2958,.T.);
#4161=ORIENTED_EDGE('',*,*,#3161,.T.);
#4162=ORIENTED_EDGE('',*,*,#3164,.T.);
#4163=ORIENTED_EDGE('',*,*,#3165,.F.);
#4164=ORIENTED_EDGE('',*,*,#3166,.F.);
#4165=ORIENTED_EDGE('',*,*,#3167,.F.);
#4166=ORIENTED_EDGE('',*,*,#3166,.T.);
#4167=ORIENTED_EDGE('',*,*,#2920,.T.);
#4168=ORIENTED_EDGE('',*,*,#3143,.T.);
#4169=ORIENTED_EDGE('',*,*,#3168,.T.);
#4170=ORIENTED_EDGE('',*,*,#3145,.T.);
#4171=ORIENTED_EDGE('',*,*,#3169,.T.);
#4172=ORIENTED_EDGE('',*,*,#3167,.T.);
#4173=ORIENTED_EDGE('',*,*,#3170,.T.);
#4174=ORIENTED_EDGE('',*,*,#3171,.F.);
#4175=ORIENTED_EDGE('',*,*,#3172,.F.);
#4176=ORIENTED_EDGE('',*,*,#3173,.F.);
#4177=ORIENTED_EDGE('',*,*,#3172,.T.);
#4178=ORIENTED_EDGE('',*,*,#3174,.T.);
#4179=ORIENTED_EDGE('',*,*,#3152,.T.);
#4180=ORIENTED_EDGE('',*,*,#3175,.T.);
#4181=ORIENTED_EDGE('',*,*,#3159,.T.);
#4182=ORIENTED_EDGE('',*,*,#2957,.T.);
#4183=ORIENTED_EDGE('',*,*,#3173,.T.);
#4184=ORIENTED_EDGE('',*,*,#3176,.T.);
#4185=ORIENTED_EDGE('',*,*,#3177,.F.);
#4186=ORIENTED_EDGE('',*,*,#3178,.F.);
#4187=ORIENTED_EDGE('',*,*,#3179,.F.);
#4188=ORIENTED_EDGE('',*,*,#3171,.T.);
#4189=ORIENTED_EDGE('',*,*,#2956,.T.);
#4190=ORIENTED_EDGE('',*,*,#3178,.T.);
#4191=ORIENTED_EDGE('',*,*,#3180,.T.);
#4192=ORIENTED_EDGE('',*,*,#2823,.F.);
#4193=ORIENTED_EDGE('',*,*,#2922,.T.);
#4194=ORIENTED_EDGE('',*,*,#3179,.T.);
#4195=ORIENTED_EDGE('',*,*,#2955,.T.);
#4196=ORIENTED_EDGE('',*,*,#2851,.F.);
#4197=ORIENTED_EDGE('',*,*,#3165,.T.);
#4198=ORIENTED_EDGE('',*,*,#3181,.T.);
#4199=ORIENTED_EDGE('',*,*,#3177,.T.);
#4200=ORIENTED_EDGE('',*,*,#2921,.T.);
#4201=ORIENTED_EDGE('',*,*,#3144,.T.);
#4202=ORIENTED_EDGE('',*,*,#2919,.T.);
#4203=ORIENTED_EDGE('',*,*,#3117,.T.);
#4204=ORIENTED_EDGE('',*,*,#2905,.T.);
#4205=ORIENTED_EDGE('',*,*,#3118,.T.);
#4206=ORIENTED_EDGE('',*,*,#3182,.T.);
#4207=ORIENTED_EDGE('',*,*,#3142,.T.);
#4208=ORIENTED_EDGE('',*,*,#2904,.T.);
#4209=ORIENTED_EDGE('',*,*,#3111,.T.);
#4210=ORIENTED_EDGE('',*,*,#3183,.T.);
#4211=ORIENTED_EDGE('',*,*,#3134,.T.);
#4212=ORIENTED_EDGE('',*,*,#3184,.T.);
#4213=ORIENTED_EDGE('',*,*,#3109,.T.);
#4214=ORIENTED_EDGE('',*,*,#3039,.T.);
#4215=ORIENTED_EDGE('',*,*,#3128,.T.);
#4216=ORIENTED_EDGE('',*,*,#3185,.T.);
#4217=ORIENTED_EDGE('',*,*,#3186,.T.);
#4218=ORIENTED_EDGE('',*,*,#3151,.F.);
#4219=ORIENTED_EDGE('',*,*,#3187,.T.);
#4220=ORIENTED_EDGE('',*,*,#3106,.F.);
#4221=ORIENTED_EDGE('',*,*,#3188,.T.);
#4222=ORIENTED_EDGE('',*,*,#3140,.F.);
#4223=ORIENTED_EDGE('',*,*,#3189,.T.);
#4224=ORIENTED_EDGE('',*,*,#3097,.F.);
#4225=ORIENTED_EDGE('',*,*,#3092,.T.);
#4226=ORIENTED_EDGE('',*,*,#3190,.T.);
#4227=ORIENTED_EDGE('',*,*,#3113,.T.);
#4228=ORIENTED_EDGE('',*,*,#3041,.T.);
#4229=ORIENTED_EDGE('',*,*,#3089,.T.);
#4230=ORIENTED_EDGE('',*,*,#2974,.T.);
#4231=ORIENTED_EDGE('',*,*,#3110,.T.);
#4232=ORIENTED_EDGE('',*,*,#3191,.T.);
#4233=ORIENTED_EDGE('',*,*,#3108,.T.);
#4234=ORIENTED_EDGE('',*,*,#2973,.T.);
#4235=ORIENTED_EDGE('',*,*,#3093,.T.);
#4236=ORIENTED_EDGE('',*,*,#3040,.T.);
#4237=ORIENTED_EDGE('',*,*,#3192,.T.);
#4238=ORIENTED_EDGE('',*,*,#3127,.F.);
#4239=ORIENTED_EDGE('',*,*,#3193,.T.);
#4240=ORIENTED_EDGE('',*,*,#3194,.T.);
#4241=ORIENTED_EDGE('',*,*,#3103,.T.);
#4242=ORIENTED_EDGE('',*,*,#3195,.T.);
#4243=ORIENTED_EDGE('',*,*,#3090,.T.);
#4244=ORIENTED_EDGE('',*,*,#3196,.T.);
#4245=ORIENTED_EDGE('',*,*,#3101,.T.);
#4246=ORIENTED_EDGE('',*,*,#3197,.T.);
#4247=ORIENTED_EDGE('',*,*,#3087,.T.);
#4248=ORIENTED_EDGE('',*,*,#3198,.T.);
#4249=ORIENTED_EDGE('',*,*,#2839,.F.);
#4250=ORIENTED_EDGE('',*,*,#3199,.T.);
#4251=ORIENTED_EDGE('',*,*,#3100,.T.);
#4252=ORIENTED_EDGE('',*,*,#2978,.T.);
#4253=ORIENTED_EDGE('',*,*,#2854,.F.);
#4254=ORIENTED_EDGE('',*,*,#3091,.T.);
#4255=ORIENTED_EDGE('',*,*,#2972,.T.);
#4256=ORIENTED_EDGE('',*,*,#3084,.T.);
#4257=ORIENTED_EDGE('',*,*,#3200,.T.);
#4258=ORIENTED_EDGE('',*,*,#3201,.T.);
#4259=ORIENTED_EDGE('',*,*,#3086,.T.);
#4260=ORIENTED_EDGE('',*,*,#3202,.T.);
#4261=ORIENTED_EDGE('',*,*,#3079,.F.);
#4262=ORIENTED_EDGE('',*,*,#3203,.T.);
#4263=ORIENTED_EDGE('',*,*,#3194,.F.);
#4264=ORIENTED_EDGE('',*,*,#3204,.T.);
#4265=ORIENTED_EDGE('',*,*,#3205,.T.);
#4266=ORIENTED_EDGE('',*,*,#3032,.T.);
#4267=ORIENTED_EDGE('',*,*,#3085,.T.);
#4268=ORIENTED_EDGE('',*,*,#2971,.T.);
#4269=ORIENTED_EDGE('',*,*,#3076,.F.);
#4270=ORIENTED_EDGE('',*,*,#3206,.T.);
#4271=ORIENTED_EDGE('',*,*,#3205,.F.);
#4272=ORIENTED_EDGE('',*,*,#3207,.T.);
#4273=ORIENTED_EDGE('',*,*,#3208,.T.);
#4274=ORIENTED_EDGE('',*,*,#3209,.T.);
#4275=ORIENTED_EDGE('',*,*,#3210,.T.);
#4276=ORIENTED_EDGE('',*,*,#3211,.T.);
#4277=ORIENTED_EDGE('',*,*,#3212,.T.);
#4278=ORIENTED_EDGE('',*,*,#3213,.T.);
#4279=ORIENTED_EDGE('',*,*,#3210,.F.);
#4280=ORIENTED_EDGE('',*,*,#3214,.T.);
#4281=ORIENTED_EDGE('',*,*,#3208,.F.);
#4282=ORIENTED_EDGE('',*,*,#3215,.T.);
#4283=ORIENTED_EDGE('',*,*,#3077,.F.);
#4284=ORIENTED_EDGE('',*,*,#2969,.T.);
#4285=ORIENTED_EDGE('',*,*,#3216,.T.);
#4286=ORIENTED_EDGE('',*,*,#2908,.T.);
#4287=ORIENTED_EDGE('',*,*,#3212,.F.);
#4288=ORIENTED_EDGE('',*,*,#3217,.T.);
#4289=ORIENTED_EDGE('',*,*,#3062,.T.);
#4290=ORIENTED_EDGE('',*,*,#3218,.T.);
#4291=ORIENTED_EDGE('',*,*,#3216,.F.);
#4292=ORIENTED_EDGE('',*,*,#2968,.T.);
#4293=ORIENTED_EDGE('',*,*,#3058,.T.);
#4294=ORIENTED_EDGE('',*,*,#2966,.T.);
#4295=ORIENTED_EDGE('',*,*,#3064,.F.);
#4296=ORIENTED_EDGE('',*,*,#3219,.T.);
#4297=ORIENTED_EDGE('',*,*,#3056,.F.);
#4298=ORIENTED_EDGE('',*,*,#3063,.F.);
#4299=ORIENTED_EDGE('',*,*,#2893,.T.);
#4300=ORIENTED_EDGE('',*,*,#3220,.T.);
#4301=ORIENTED_EDGE('',*,*,#3221,.F.);
#4302=ORIENTED_EDGE('',*,*,#3074,.F.);
#4303=ORIENTED_EDGE('',*,*,#3222,.T.);
#4304=ORIENTED_EDGE('',*,*,#3223,.T.);
#4305=ORIENTED_EDGE('',*,*,#2891,.F.);
#4306=ORIENTED_EDGE('',*,*,#3082,.F.);
#4307=ORIENTED_EDGE('',*,*,#3224,.T.);
#4308=ORIENTED_EDGE('',*,*,#3225,.T.);
#4309=ORIENTED_EDGE('',*,*,#3222,.F.);
#4310=ORIENTED_EDGE('',*,*,#3095,.F.);
#4311=ORIENTED_EDGE('',*,*,#3226,.T.);
#4312=ORIENTED_EDGE('',*,*,#3227,.T.);
#4313=ORIENTED_EDGE('',*,*,#3224,.F.);
#4314=ORIENTED_EDGE('',*,*,#3115,.F.);
#4315=ORIENTED_EDGE('',*,*,#3228,.T.);
#4316=ORIENTED_EDGE('',*,*,#3229,.T.);
#4317=ORIENTED_EDGE('',*,*,#3226,.F.);
#4318=ORIENTED_EDGE('',*,*,#3141,.F.);
#4319=ORIENTED_EDGE('',*,*,#3138,.F.);
#4320=ORIENTED_EDGE('',*,*,#3230,.T.);
#4321=ORIENTED_EDGE('',*,*,#3228,.F.);
#4322=ORIENTED_EDGE('',*,*,#3124,.F.);
#4323=ORIENTED_EDGE('',*,*,#3231,.T.);
#4324=ORIENTED_EDGE('',*,*,#3232,.T.);
#4325=ORIENTED_EDGE('',*,*,#2927,.F.);
#4326=ORIENTED_EDGE('',*,*,#3192,.F.);
#4327=ORIENTED_EDGE('',*,*,#3233,.T.);
#4328=ORIENTED_EDGE('',*,*,#3234,.T.);
#4329=ORIENTED_EDGE('',*,*,#3231,.F.);
#4330=ORIENTED_EDGE('',*,*,#3203,.F.);
#4331=ORIENTED_EDGE('',*,*,#3235,.T.);
#4332=ORIENTED_EDGE('',*,*,#3236,.T.);
#4333=ORIENTED_EDGE('',*,*,#3233,.F.);
#4334=ORIENTED_EDGE('',*,*,#3206,.F.);
#4335=ORIENTED_EDGE('',*,*,#3237,.T.);
#4336=ORIENTED_EDGE('',*,*,#3238,.T.);
#4337=ORIENTED_EDGE('',*,*,#3235,.F.);
#4338=ORIENTED_EDGE('',*,*,#3214,.F.);
#4339=ORIENTED_EDGE('',*,*,#3239,.T.);
#4340=ORIENTED_EDGE('',*,*,#3240,.T.);
#4341=ORIENTED_EDGE('',*,*,#3237,.F.);
#4342=ORIENTED_EDGE('',*,*,#3209,.F.);
#4343=ORIENTED_EDGE('',*,*,#2911,.T.);
#4344=ORIENTED_EDGE('',*,*,#3241,.T.);
#4345=ORIENTED_EDGE('',*,*,#3239,.F.);
#4346=ORIENTED_EDGE('',*,*,#3131,.F.);
#4347=ORIENTED_EDGE('',*,*,#3184,.F.);
#4348=ORIENTED_EDGE('',*,*,#3158,.F.);
#4349=ORIENTED_EDGE('',*,*,#3156,.F.);
#4350=ORIENTED_EDGE('',*,*,#2943,.T.);
#4351=ORIENTED_EDGE('',*,*,#2934,.T.);
#4352=ORIENTED_EDGE('',*,*,#2879,.T.);
#4353=ORIENTED_EDGE('',*,*,#2867,.T.);
#4354=ORIENTED_EDGE('',*,*,#3155,.F.);
#4355=ORIENTED_EDGE('',*,*,#3174,.F.);
#4356=ORIENTED_EDGE('',*,*,#3180,.F.);
#4357=ORIENTED_EDGE('',*,*,#3181,.F.);
#4358=ORIENTED_EDGE('',*,*,#3169,.F.);
#4359=ORIENTED_EDGE('',*,*,#3149,.F.);
#4360=ORIENTED_EDGE('',*,*,#3186,.F.);
#4361=ORIENTED_EDGE('',*,*,#3105,.F.);
#4362=ORIENTED_EDGE('',*,*,#3197,.F.);
#4363=ORIENTED_EDGE('',*,*,#3196,.F.);
#4364=ORIENTED_EDGE('',*,*,#3191,.F.);
#4365=ORIENTED_EDGE('',*,*,#3185,.F.);
#4366=ORIENTED_EDGE('',*,*,#3157,.F.);
#4367=ORIENTED_EDGE('',*,*,#3162,.F.);
#4368=ORIENTED_EDGE('',*,*,#3176,.F.);
#4369=ORIENTED_EDGE('',*,*,#3175,.F.);
#4370=ORIENTED_EDGE('',*,*,#3163,.F.);
#4371=ORIENTED_EDGE('',*,*,#3183,.F.);
#4372=ORIENTED_EDGE('',*,*,#3190,.F.);
#4373=ORIENTED_EDGE('',*,*,#3200,.F.);
#4374=ORIENTED_EDGE('',*,*,#3096,.F.);
#4375=ORIENTED_EDGE('',*,*,#3189,.F.);
#4376=ORIENTED_EDGE('',*,*,#3139,.F.);
#4377=ORIENTED_EDGE('',*,*,#3164,.F.);
#4378=ORIENTED_EDGE('',*,*,#3211,.F.);
#4379=ORIENTED_EDGE('',*,*,#3213,.F.);
#4380=ORIENTED_EDGE('',*,*,#3207,.F.);
#4381=ORIENTED_EDGE('',*,*,#3204,.F.);
#4382=ORIENTED_EDGE('',*,*,#3193,.F.);
#4383=ORIENTED_EDGE('',*,*,#3126,.F.);
#4384=ORIENTED_EDGE('',*,*,#3148,.F.);
#4385=ORIENTED_EDGE('',*,*,#3170,.F.);
#4386=ORIENTED_EDGE('',*,*,#3168,.F.);
#4387=ORIENTED_EDGE('',*,*,#3182,.F.);
#4388=ORIENTED_EDGE('',*,*,#3123,.F.);
#4389=ORIENTED_EDGE('',*,*,#3198,.F.);
#4390=ORIENTED_EDGE('',*,*,#3201,.F.);
#4391=ORIENTED_EDGE('',*,*,#3078,.F.);
#4392=ORIENTED_EDGE('',*,*,#3070,.F.);
#4393=ORIENTED_EDGE('',*,*,#3066,.F.);
#4394=ORIENTED_EDGE('',*,*,#3059,.F.);
#4395=ORIENTED_EDGE('',*,*,#3217,.F.);
#4396=ORIENTED_EDGE('',*,*,#2843,.T.);
#4397=ORIENTED_EDGE('',*,*,#2946,.T.);
#4398=ORIENTED_EDGE('',*,*,#2859,.F.);
#4399=ORIENTED_EDGE('',*,*,#2830,.F.);
#4400=ORIENTED_EDGE('',*,*,#2835,.F.);
#4401=ORIENTED_EDGE('',*,*,#3195,.F.);
#4402=ORIENTED_EDGE('',*,*,#3122,.F.);
#4403=ORIENTED_EDGE('',*,*,#3121,.F.);
#4404=ORIENTED_EDGE('',*,*,#3199,.F.);
#4405=ORIENTED_EDGE('',*,*,#2838,.F.);
#4406=ORIENTED_EDGE('',*,*,#3242,.F.);
#4407=ORIENTED_EDGE('',*,*,#3243,.T.);
#4408=ORIENTED_EDGE('',*,*,#3244,.T.);
#4409=ORIENTED_EDGE('',*,*,#3245,.F.);
#4410=ORIENTED_EDGE('',*,*,#2895,.T.);
#4411=ORIENTED_EDGE('',*,*,#3246,.F.);
#4412=ORIENTED_EDGE('',*,*,#3247,.T.);
#4413=ORIENTED_EDGE('',*,*,#3248,.T.);
#4414=ORIENTED_EDGE('',*,*,#3243,.F.);
#4415=ORIENTED_EDGE('',*,*,#3249,.F.);
#4416=ORIENTED_EDGE('',*,*,#3250,.T.);
#4417=ORIENTED_EDGE('',*,*,#3251,.T.);
#4418=ORIENTED_EDGE('',*,*,#3247,.F.);
#4419=ORIENTED_EDGE('',*,*,#3252,.F.);
#4420=ORIENTED_EDGE('',*,*,#3245,.T.);
#4421=ORIENTED_EDGE('',*,*,#3253,.T.);
#4422=ORIENTED_EDGE('',*,*,#3250,.F.);
#4423=ORIENTED_EDGE('',*,*,#3253,.F.);
#4424=ORIENTED_EDGE('',*,*,#3244,.F.);
#4425=ORIENTED_EDGE('',*,*,#3248,.F.);
#4426=ORIENTED_EDGE('',*,*,#3251,.F.);
#4427=ORIENTED_EDGE('',*,*,#3254,.F.);
#4428=ORIENTED_EDGE('',*,*,#3255,.T.);
#4429=ORIENTED_EDGE('',*,*,#3256,.T.);
#4430=ORIENTED_EDGE('',*,*,#3255,.F.);
#4431=ORIENTED_EDGE('',*,*,#3256,.F.);
#4432=ORIENTED_EDGE('',*,*,#3242,.T.);
#4433=ORIENTED_EDGE('',*,*,#3252,.T.);
#4434=ORIENTED_EDGE('',*,*,#3249,.T.);
#4435=ORIENTED_EDGE('',*,*,#3246,.T.);
#4436=ORIENTED_EDGE('',*,*,#3104,.F.);
#4437=ORIENTED_EDGE('',*,*,#3257,.T.);
#4438=ORIENTED_EDGE('',*,*,#3258,.F.);
#4439=ORIENTED_EDGE('',*,*,#3202,.F.);
#4440=ORIENTED_EDGE('',*,*,#3061,.F.);
#4441=ORIENTED_EDGE('',*,*,#3259,.T.);
#4442=ORIENTED_EDGE('',*,*,#3260,.T.);
#4443=ORIENTED_EDGE('',*,*,#2909,.F.);
#4444=ORIENTED_EDGE('',*,*,#3068,.F.);
#4445=ORIENTED_EDGE('',*,*,#3261,.T.);
#4446=ORIENTED_EDGE('',*,*,#3262,.T.);
#4447=ORIENTED_EDGE('',*,*,#3259,.F.);
#4448=ORIENTED_EDGE('',*,*,#3072,.F.);
#4449=ORIENTED_EDGE('',*,*,#3263,.T.);
#4450=ORIENTED_EDGE('',*,*,#3264,.T.);
#4451=ORIENTED_EDGE('',*,*,#3261,.F.);
#4452=ORIENTED_EDGE('',*,*,#3080,.F.);
#4453=ORIENTED_EDGE('',*,*,#3258,.T.);
#4454=ORIENTED_EDGE('',*,*,#3265,.T.);
#4455=ORIENTED_EDGE('',*,*,#3263,.F.);
#4456=ORIENTED_EDGE('',*,*,#3187,.F.);
#4457=ORIENTED_EDGE('',*,*,#3150,.F.);
#4458=ORIENTED_EDGE('',*,*,#2928,.F.);
#4459=ORIENTED_EDGE('',*,*,#3232,.F.);
#4460=ORIENTED_EDGE('',*,*,#3234,.F.);
#4461=ORIENTED_EDGE('',*,*,#3236,.F.);
#4462=ORIENTED_EDGE('',*,*,#3238,.F.);
#4463=ORIENTED_EDGE('',*,*,#3240,.F.);
#4464=ORIENTED_EDGE('',*,*,#3241,.F.);
#4465=ORIENTED_EDGE('',*,*,#2910,.F.);
#4466=ORIENTED_EDGE('',*,*,#3260,.F.);
#4467=ORIENTED_EDGE('',*,*,#3262,.F.);
#4468=ORIENTED_EDGE('',*,*,#3264,.F.);
#4469=ORIENTED_EDGE('',*,*,#3265,.F.);
#4470=ORIENTED_EDGE('',*,*,#3257,.F.);
#4471=ORIENTED_EDGE('',*,*,#3107,.F.);
#4472=ORIENTED_EDGE('',*,*,#3075,.F.);
#4473=ORIENTED_EDGE('',*,*,#3266,.T.);
#4474=ORIENTED_EDGE('',*,*,#3267,.T.);
#4475=ORIENTED_EDGE('',*,*,#3033,.F.);
#4476=ORIENTED_EDGE('',*,*,#3215,.F.);
#4477=ORIENTED_EDGE('',*,*,#3268,.T.);
#4478=ORIENTED_EDGE('',*,*,#3269,.T.);
#4479=ORIENTED_EDGE('',*,*,#3266,.F.);
#4480=ORIENTED_EDGE('',*,*,#3218,.F.);
#4481=ORIENTED_EDGE('',*,*,#3270,.T.);
#4482=ORIENTED_EDGE('',*,*,#3271,.T.);
#4483=ORIENTED_EDGE('',*,*,#3268,.F.);
#4484=ORIENTED_EDGE('',*,*,#3057,.F.);
#4485=ORIENTED_EDGE('',*,*,#3272,.T.);
#4486=ORIENTED_EDGE('',*,*,#3273,.T.);
#4487=ORIENTED_EDGE('',*,*,#3270,.F.);
#4488=ORIENTED_EDGE('',*,*,#3219,.F.);
#4489=ORIENTED_EDGE('',*,*,#3221,.T.);
#4490=ORIENTED_EDGE('',*,*,#3274,.T.);
#4491=ORIENTED_EDGE('',*,*,#3272,.F.);
#4492=ORIENTED_EDGE('',*,*,#3188,.F.);
#4493=ORIENTED_EDGE('',*,*,#3034,.F.);
#4494=ORIENTED_EDGE('',*,*,#3267,.F.);
#4495=ORIENTED_EDGE('',*,*,#3269,.F.);
#4496=ORIENTED_EDGE('',*,*,#3271,.F.);
#4497=ORIENTED_EDGE('',*,*,#3273,.F.);
#4498=ORIENTED_EDGE('',*,*,#3274,.F.);
#4499=ORIENTED_EDGE('',*,*,#3220,.F.);
#4500=ORIENTED_EDGE('',*,*,#2892,.F.);
#4501=ORIENTED_EDGE('',*,*,#3223,.F.);
#4502=ORIENTED_EDGE('',*,*,#3225,.F.);
#4503=ORIENTED_EDGE('',*,*,#3227,.F.);
#4504=ORIENTED_EDGE('',*,*,#3229,.F.);
#4505=ORIENTED_EDGE('',*,*,#3230,.F.);
#4506=ORIENTED_EDGE('',*,*,#3021,.F.);
#4507=ORIENTED_EDGE('',*,*,#3275,.T.);
#4508=ORIENTED_EDGE('',*,*,#2882,.T.);
#4509=ORIENTED_EDGE('',*,*,#3025,.F.);
#4510=ORIENTED_EDGE('',*,*,#3011,.F.);
#4511=ORIENTED_EDGE('',*,*,#3276,.T.);
#4512=ORIENTED_EDGE('',*,*,#2883,.T.);
#4513=ORIENTED_EDGE('',*,*,#3275,.F.);
#4514=ORIENTED_EDGE('',*,*,#3014,.F.);
#4515=ORIENTED_EDGE('',*,*,#3023,.T.);
#4516=ORIENTED_EDGE('',*,*,#2884,.T.);
#4517=ORIENTED_EDGE('',*,*,#3276,.F.);
#4518=ORIENTED_EDGE('',*,*,#3005,.F.);
#4519=ORIENTED_EDGE('',*,*,#3277,.T.);
#4520=ORIENTED_EDGE('',*,*,#2870,.T.);
#4521=ORIENTED_EDGE('',*,*,#3009,.F.);
#4522=ORIENTED_EDGE('',*,*,#2995,.F.);
#4523=ORIENTED_EDGE('',*,*,#3278,.T.);
#4524=ORIENTED_EDGE('',*,*,#2871,.T.);
#4525=ORIENTED_EDGE('',*,*,#3277,.F.);
#4526=ORIENTED_EDGE('',*,*,#2998,.F.);
#4527=ORIENTED_EDGE('',*,*,#3007,.T.);
#4528=ORIENTED_EDGE('',*,*,#2872,.T.);
#4529=ORIENTED_EDGE('',*,*,#3278,.F.);
#4530=ORIENTED_EDGE('',*,*,#2993,.F.);
#4531=ORIENTED_EDGE('',*,*,#3254,.T.);
#4532=ORIENTED_EDGE('',*,*,#3279,.T.);
#4533=ORIENTED_EDGE('',*,*,#3280,.T.);
#4534=ORIENTED_EDGE('',*,*,#3281,.T.);
#4535=ORIENTED_EDGE('',*,*,#3280,.F.);
#4536=ORIENTED_EDGE('',*,*,#3282,.F.);
#4537=ORIENTED_EDGE('',*,*,#3283,.T.);
#4538=ORIENTED_EDGE('',*,*,#3284,.F.);
#4539=ORIENTED_EDGE('',*,*,#3285,.T.);
#4540=ORIENTED_EDGE('',*,*,#3286,.F.);
#4541=ORIENTED_EDGE('',*,*,#3279,.F.);
#4542=ORIENTED_EDGE('',*,*,#3287,.F.);
#4543=ORIENTED_EDGE('',*,*,#3288,.F.);
#4544=ORIENTED_EDGE('',*,*,#3289,.T.);
#4545=ORIENTED_EDGE('',*,*,#3281,.F.);
#4546=ORIENTED_EDGE('',*,*,#3289,.F.);
#4547=ORIENTED_EDGE('',*,*,#3286,.T.);
#4548=ORIENTED_EDGE('',*,*,#3290,.T.);
#4549=ORIENTED_EDGE('',*,*,#3291,.T.);
#4550=ORIENTED_EDGE('',*,*,#3290,.F.);
#4551=ORIENTED_EDGE('',*,*,#3292,.F.);
#4552=ORIENTED_EDGE('',*,*,#3293,.F.);
#4553=ORIENTED_EDGE('',*,*,#3294,.T.);
#4554=ORIENTED_EDGE('',*,*,#3291,.F.);
#4555=ORIENTED_EDGE('',*,*,#3294,.F.);
#4556=ORIENTED_EDGE('',*,*,#3295,.T.);
#4557=ORIENTED_EDGE('',*,*,#3296,.T.);
#4558=ORIENTED_EDGE('',*,*,#3297,.T.);
#4559=ORIENTED_EDGE('',*,*,#3296,.F.);
#4560=ORIENTED_EDGE('',*,*,#3298,.F.);
#4561=ORIENTED_EDGE('',*,*,#3299,.T.);
#4562=ORIENTED_EDGE('',*,*,#3300,.T.);
#4563=ORIENTED_EDGE('',*,*,#3301,.T.);
#4564=ORIENTED_EDGE('',*,*,#3302,.F.);
#4565=ORIENTED_EDGE('',*,*,#3295,.F.);
#4566=ORIENTED_EDGE('',*,*,#3303,.F.);
#4567=ORIENTED_EDGE('',*,*,#3304,.F.);
#4568=ORIENTED_EDGE('',*,*,#3305,.T.);
#4569=ORIENTED_EDGE('',*,*,#3297,.F.);
#4570=ORIENTED_EDGE('',*,*,#3305,.F.);
#4571=ORIENTED_EDGE('',*,*,#3302,.T.);
#4572=ORIENTED_EDGE('',*,*,#3306,.T.);
#4573=ORIENTED_EDGE('',*,*,#3307,.T.);
#4574=ORIENTED_EDGE('',*,*,#3306,.F.);
#4575=ORIENTED_EDGE('',*,*,#3308,.F.);
#4576=ORIENTED_EDGE('',*,*,#3309,.F.);
#4577=ORIENTED_EDGE('',*,*,#3310,.T.);
#4578=ORIENTED_EDGE('',*,*,#3307,.F.);
#4579=ORIENTED_EDGE('',*,*,#3310,.F.);
#4580=ORIENTED_EDGE('',*,*,#3311,.F.);
#4581=ORIENTED_EDGE('',*,*,#3312,.F.);
#4582=ORIENTED_EDGE('',*,*,#3313,.F.);
#4583=ORIENTED_EDGE('',*,*,#3314,.T.);
#4584=ORIENTED_EDGE('',*,*,#3315,.T.);
#4585=ORIENTED_EDGE('',*,*,#3316,.T.);
#4586=ORIENTED_EDGE('',*,*,#3317,.T.);
#4587=ORIENTED_EDGE('',*,*,#3318,.T.);
#4588=ORIENTED_EDGE('',*,*,#3319,.T.);
#4589=ORIENTED_EDGE('',*,*,#3298,.T.);
#4590=ORIENTED_EDGE('',*,*,#3320,.T.);
#4591=ORIENTED_EDGE('',*,*,#3321,.T.);
#4592=ORIENTED_EDGE('',*,*,#3322,.T.);
#4593=ORIENTED_EDGE('',*,*,#3323,.T.);
#4594=ORIENTED_EDGE('',*,*,#3315,.F.);
#4595=ORIENTED_EDGE('',*,*,#3324,.F.);
#4596=ORIENTED_EDGE('',*,*,#3325,.F.);
#4597=ORIENTED_EDGE('',*,*,#3326,.F.);
#4598=ORIENTED_EDGE('',*,*,#3327,.T.);
#4599=ORIENTED_EDGE('',*,*,#3325,.T.);
#4600=ORIENTED_EDGE('',*,*,#3328,.T.);
#4601=ORIENTED_EDGE('',*,*,#3319,.F.);
#4602=ORIENTED_EDGE('',*,*,#3329,.T.);
#4603=ORIENTED_EDGE('',*,*,#3330,.T.);
#4604=ORIENTED_EDGE('',*,*,#3331,.T.);
#4605=ORIENTED_EDGE('',*,*,#3322,.F.);
#4606=ORIENTED_EDGE('',*,*,#3282,.T.);
#4607=ORIENTED_EDGE('',*,*,#3332,.T.);
#4608=ORIENTED_EDGE('',*,*,#3333,.T.);
#4609=ORIENTED_EDGE('',*,*,#3334,.T.);
#4610=ORIENTED_EDGE('',*,*,#3335,.F.);
#4611=ORIENTED_EDGE('',*,*,#3336,.F.);
#4612=ORIENTED_EDGE('',*,*,#3337,.F.);
#4613=ORIENTED_EDGE('',*,*,#3338,.T.);
#4614=ORIENTED_EDGE('',*,*,#3336,.T.);
#4615=ORIENTED_EDGE('',*,*,#3339,.T.);
#4616=ORIENTED_EDGE('',*,*,#3332,.F.);
#4617=ORIENTED_EDGE('',*,*,#3340,.F.);
#4618=ORIENTED_EDGE('',*,*,#3341,.F.);
#4619=ORIENTED_EDGE('',*,*,#3342,.F.);
#4620=ORIENTED_EDGE('',*,*,#3343,.T.);
#4621=ORIENTED_EDGE('',*,*,#3341,.T.);
#4622=ORIENTED_EDGE('',*,*,#3344,.T.);
#4623=ORIENTED_EDGE('',*,*,#3345,.F.);
#4624=ORIENTED_EDGE('',*,*,#3346,.T.);
#4625=ORIENTED_EDGE('',*,*,#3347,.T.);
#4626=ORIENTED_EDGE('',*,*,#3284,.T.);
#4627=ORIENTED_EDGE('',*,*,#3348,.F.);
#4628=ORIENTED_EDGE('',*,*,#3349,.F.);
#4629=ORIENTED_EDGE('',*,*,#3350,.F.);
#4630=ORIENTED_EDGE('',*,*,#3351,.F.);
#4631=ORIENTED_EDGE('',*,*,#3352,.T.);
#4632=ORIENTED_EDGE('',*,*,#3350,.T.);
#4633=ORIENTED_EDGE('',*,*,#3353,.T.);
#4634=ORIENTED_EDGE('',*,*,#3334,.F.);
#4635=ORIENTED_EDGE('',*,*,#3354,.T.);
#4636=ORIENTED_EDGE('',*,*,#3351,.T.);
#4637=ORIENTED_EDGE('',*,*,#3355,.T.);
#4638=ORIENTED_EDGE('',*,*,#3330,.F.);
#4639=ORIENTED_EDGE('',*,*,#3356,.F.);
#4640=ORIENTED_EDGE('',*,*,#3357,.F.);
#4641=ORIENTED_EDGE('',*,*,#3358,.F.);
#4642=ORIENTED_EDGE('',*,*,#3359,.T.);
#4643=ORIENTED_EDGE('',*,*,#3357,.T.);
#4644=ORIENTED_EDGE('',*,*,#3360,.T.);
#4645=ORIENTED_EDGE('',*,*,#3347,.F.);
#4646=ORIENTED_EDGE('',*,*,#3361,.F.);
#4647=ORIENTED_EDGE('',*,*,#3362,.F.);
#4648=ORIENTED_EDGE('',*,*,#3363,.F.);
#4649=ORIENTED_EDGE('',*,*,#3364,.T.);
#4650=ORIENTED_EDGE('',*,*,#3362,.T.);
#4651=ORIENTED_EDGE('',*,*,#3365,.T.);
#4652=ORIENTED_EDGE('',*,*,#3366,.T.);
#4653=ORIENTED_EDGE('',*,*,#3335,.T.);
#4654=ORIENTED_EDGE('',*,*,#3367,.T.);
#4655=ORIENTED_EDGE('',*,*,#3363,.T.);
#4656=ORIENTED_EDGE('',*,*,#3368,.T.);
#4657=ORIENTED_EDGE('',*,*,#3369,.F.);
#4658=ORIENTED_EDGE('',*,*,#3370,.F.);
#4659=ORIENTED_EDGE('',*,*,#3371,.F.);
#4660=ORIENTED_EDGE('',*,*,#3372,.F.);
#4661=ORIENTED_EDGE('',*,*,#3373,.F.);
#4662=ORIENTED_EDGE('',*,*,#3374,.F.);
#4663=ORIENTED_EDGE('',*,*,#3375,.T.);
#4664=ORIENTED_EDGE('',*,*,#3373,.T.);
#4665=ORIENTED_EDGE('',*,*,#3376,.T.);
#4666=ORIENTED_EDGE('',*,*,#3348,.T.);
#4667=ORIENTED_EDGE('',*,*,#3349,.T.);
#4668=ORIENTED_EDGE('',*,*,#3377,.T.);
#4669=ORIENTED_EDGE('',*,*,#3374,.T.);
#4670=ORIENTED_EDGE('',*,*,#3378,.T.);
#4671=ORIENTED_EDGE('',*,*,#3379,.F.);
#4672=ORIENTED_EDGE('',*,*,#3380,.F.);
#4673=ORIENTED_EDGE('',*,*,#3381,.F.);
#4674=ORIENTED_EDGE('',*,*,#3382,.F.);
#4675=ORIENTED_EDGE('',*,*,#3383,.F.);
#4676=ORIENTED_EDGE('',*,*,#3384,.F.);
#4677=ORIENTED_EDGE('',*,*,#3385,.F.);
#4678=ORIENTED_EDGE('',*,*,#3386,.F.);
#4679=ORIENTED_EDGE('',*,*,#3387,.F.);
#4680=ORIENTED_EDGE('',*,*,#3388,.F.);
#4681=ORIENTED_EDGE('',*,*,#3389,.F.);
#4682=ORIENTED_EDGE('',*,*,#3390,.F.);
#4683=ORIENTED_EDGE('',*,*,#3383,.T.);
#4684=ORIENTED_EDGE('',*,*,#3391,.T.);
#4685=ORIENTED_EDGE('',*,*,#3389,.T.);
#4686=ORIENTED_EDGE('',*,*,#3392,.T.);
#4687=ORIENTED_EDGE('',*,*,#3380,.T.);
#4688=ORIENTED_EDGE('',*,*,#3393,.T.);
#4689=ORIENTED_EDGE('',*,*,#3390,.T.);
#4690=ORIENTED_EDGE('',*,*,#3394,.T.);
#4691=ORIENTED_EDGE('',*,*,#3395,.F.);
#4692=ORIENTED_EDGE('',*,*,#3396,.F.);
#4693=ORIENTED_EDGE('',*,*,#3397,.F.);
#4694=ORIENTED_EDGE('',*,*,#3386,.T.);
#4695=ORIENTED_EDGE('',*,*,#3398,.T.);
#4696=ORIENTED_EDGE('',*,*,#3396,.T.);
#4697=ORIENTED_EDGE('',*,*,#3399,.T.);
#4698=ORIENTED_EDGE('',*,*,#3388,.T.);
#4699=ORIENTED_EDGE('',*,*,#3400,.T.);
#4700=ORIENTED_EDGE('',*,*,#3397,.T.);
#4701=ORIENTED_EDGE('',*,*,#3401,.T.);
#4702=ORIENTED_EDGE('',*,*,#3402,.T.);
#4703=ORIENTED_EDGE('',*,*,#3395,.T.);
#4704=ORIENTED_EDGE('',*,*,#3403,.T.);
#4705=ORIENTED_EDGE('',*,*,#3404,.T.);
#4706=ORIENTED_EDGE('',*,*,#3405,.T.);
#4707=ORIENTED_EDGE('',*,*,#3387,.T.);
#4708=ORIENTED_EDGE('',*,*,#3406,.T.);
#4709=ORIENTED_EDGE('',*,*,#3407,.T.);
#4710=ORIENTED_EDGE('',*,*,#3385,.T.);
#4711=ORIENTED_EDGE('',*,*,#3408,.T.);
#4712=ORIENTED_EDGE('',*,*,#3384,.T.);
#4713=ORIENTED_EDGE('',*,*,#3409,.T.);
#4714=ORIENTED_EDGE('',*,*,#3410,.T.);
#4715=ORIENTED_EDGE('',*,*,#3372,.T.);
#4716=ORIENTED_EDGE('',*,*,#3411,.T.);
#4717=ORIENTED_EDGE('',*,*,#3404,.F.);
#4718=ORIENTED_EDGE('',*,*,#3370,.T.);
#4719=ORIENTED_EDGE('',*,*,#3412,.T.);
#4720=ORIENTED_EDGE('',*,*,#3382,.T.);
#4721=ORIENTED_EDGE('',*,*,#3413,.T.);
#4722=ORIENTED_EDGE('',*,*,#3361,.T.);
#4723=ORIENTED_EDGE('',*,*,#3414,.T.);
#4724=ORIENTED_EDGE('',*,*,#3381,.T.);
#4725=ORIENTED_EDGE('',*,*,#3415,.T.);
#4726=ORIENTED_EDGE('',*,*,#3379,.T.);
#4727=ORIENTED_EDGE('',*,*,#3416,.T.);
#4728=ORIENTED_EDGE('',*,*,#3358,.T.);
#4729=ORIENTED_EDGE('',*,*,#3417,.T.);
#4730=ORIENTED_EDGE('',*,*,#3418,.T.);
#4731=ORIENTED_EDGE('',*,*,#3371,.T.);
#4732=ORIENTED_EDGE('',*,*,#3419,.T.);
#4733=ORIENTED_EDGE('',*,*,#3407,.F.);
#4734=ORIENTED_EDGE('',*,*,#3369,.T.);
#4735=ORIENTED_EDGE('',*,*,#3420,.T.);
#4736=ORIENTED_EDGE('',*,*,#3342,.T.);
#4737=ORIENTED_EDGE('',*,*,#3421,.T.);
#4738=ORIENTED_EDGE('',*,*,#3356,.T.);
#4739=ORIENTED_EDGE('',*,*,#3422,.T.);
#4740=ORIENTED_EDGE('',*,*,#3337,.T.);
#4741=ORIENTED_EDGE('',*,*,#3423,.T.);
#4742=ORIENTED_EDGE('',*,*,#3340,.T.);
#4743=ORIENTED_EDGE('',*,*,#3424,.T.);
#4744=ORIENTED_EDGE('',*,*,#3326,.T.);
#4745=ORIENTED_EDGE('',*,*,#3425,.T.);
#4746=ORIENTED_EDGE('',*,*,#3426,.T.);
#4747=ORIENTED_EDGE('',*,*,#3366,.F.);
#4748=ORIENTED_EDGE('',*,*,#3427,.T.);
#4749=ORIENTED_EDGE('',*,*,#3345,.T.);
#4750=ORIENTED_EDGE('',*,*,#3428,.T.);
#4751=ORIENTED_EDGE('',*,*,#3324,.T.);
#4752=ORIENTED_EDGE('',*,*,#3429,.T.);
#4753=ORIENTED_EDGE('',*,*,#3430,.T.);
#4754=ORIENTED_EDGE('',*,*,#3431,.T.);
#4755=ORIENTED_EDGE('',*,*,#3430,.F.);
#4756=ORIENTED_EDGE('',*,*,#3432,.T.);
#4757=ORIENTED_EDGE('',*,*,#3433,.T.);
#4758=ORIENTED_EDGE('',*,*,#3434,.T.);
#4759=ORIENTED_EDGE('',*,*,#3312,.T.);
#4760=ORIENTED_EDGE('',*,*,#3435,.T.);
#4761=ORIENTED_EDGE('',*,*,#3320,.F.);
#4762=ORIENTED_EDGE('',*,*,#3436,.T.);
#4763=ORIENTED_EDGE('',*,*,#3313,.T.);
#4764=ORIENTED_EDGE('',*,*,#3437,.T.);
#4765=ORIENTED_EDGE('',*,*,#3433,.F.);
#4766=ORIENTED_EDGE('',*,*,#3438,.T.);
#4767=ORIENTED_EDGE('',*,*,#3311,.T.);
#4768=ORIENTED_EDGE('',*,*,#3439,.T.);
#4769=ORIENTED_EDGE('',*,*,#3317,.F.);
#4770=ORIENTED_EDGE('',*,*,#3437,.F.);
#4771=ORIENTED_EDGE('',*,*,#3434,.F.);
#4772=ORIENTED_EDGE('',*,*,#3301,.F.);
#4773=ORIENTED_EDGE('',*,*,#3440,.T.);
#4774=ORIENTED_EDGE('',*,*,#3353,.F.);
#4775=ORIENTED_EDGE('',*,*,#3378,.F.);
#4776=ORIENTED_EDGE('',*,*,#3375,.F.);
#4777=ORIENTED_EDGE('',*,*,#3283,.F.);
#4778=ORIENTED_EDGE('',*,*,#3331,.F.);
#4779=ORIENTED_EDGE('',*,*,#3355,.F.);
#4780=ORIENTED_EDGE('',*,*,#3352,.F.);
#4781=ORIENTED_EDGE('',*,*,#3333,.F.);
#4782=ORIENTED_EDGE('',*,*,#3339,.F.);
#4783=ORIENTED_EDGE('',*,*,#3368,.F.);
#4784=ORIENTED_EDGE('',*,*,#3364,.F.);
#4785=ORIENTED_EDGE('',*,*,#3441,.F.);
#4786=ORIENTED_EDGE('',*,*,#3323,.F.);
#4787=ORIENTED_EDGE('',*,*,#3441,.T.);
#4788=ORIENTED_EDGE('',*,*,#3426,.F.);
#4789=ORIENTED_EDGE('',*,*,#3442,.T.);
#4790=ORIENTED_EDGE('',*,*,#3439,.F.);
#4791=ORIENTED_EDGE('',*,*,#3436,.F.);
#4792=ORIENTED_EDGE('',*,*,#3432,.F.);
#4793=ORIENTED_EDGE('',*,*,#3429,.F.);
#4794=ORIENTED_EDGE('',*,*,#3424,.F.);
#4795=ORIENTED_EDGE('',*,*,#3420,.F.);
#4796=ORIENTED_EDGE('',*,*,#3418,.F.);
#4797=ORIENTED_EDGE('',*,*,#3443,.T.);
#4798=ORIENTED_EDGE('',*,*,#3367,.F.);
#4799=ORIENTED_EDGE('',*,*,#3422,.F.);
#4800=ORIENTED_EDGE('',*,*,#3416,.F.);
#4801=ORIENTED_EDGE('',*,*,#3414,.F.);
#4802=ORIENTED_EDGE('',*,*,#3391,.F.);
#4803=ORIENTED_EDGE('',*,*,#3412,.F.);
#4804=ORIENTED_EDGE('',*,*,#3421,.F.);
#4805=ORIENTED_EDGE('',*,*,#3343,.F.);
#4806=ORIENTED_EDGE('',*,*,#3427,.F.);
#4807=ORIENTED_EDGE('',*,*,#3365,.F.);
#4808=ORIENTED_EDGE('',*,*,#3415,.F.);
#4809=ORIENTED_EDGE('',*,*,#3394,.F.);
#4810=ORIENTED_EDGE('',*,*,#3393,.F.);
#4811=ORIENTED_EDGE('',*,*,#3417,.F.);
#4812=ORIENTED_EDGE('',*,*,#3359,.F.);
#4813=ORIENTED_EDGE('',*,*,#3346,.F.);
#4814=ORIENTED_EDGE('',*,*,#3376,.F.);
#4815=ORIENTED_EDGE('',*,*,#3410,.F.);
#4816=ORIENTED_EDGE('',*,*,#3403,.F.);
#4817=ORIENTED_EDGE('',*,*,#3400,.F.);
#4818=ORIENTED_EDGE('',*,*,#3398,.F.);
#4819=ORIENTED_EDGE('',*,*,#3409,.F.);
#4820=ORIENTED_EDGE('',*,*,#3392,.F.);
#4821=ORIENTED_EDGE('',*,*,#3401,.F.);
#4822=ORIENTED_EDGE('',*,*,#3444,.F.);
#4823=ORIENTED_EDGE('',*,*,#3445,.F.);
#4824=ORIENTED_EDGE('',*,*,#3446,.F.);
#4825=ORIENTED_EDGE('',*,*,#3447,.F.);
#4826=ORIENTED_EDGE('',*,*,#3405,.F.);
#4827=ORIENTED_EDGE('',*,*,#3419,.F.);
#4828=ORIENTED_EDGE('',*,*,#3413,.F.);
#4829=ORIENTED_EDGE('',*,*,#3408,.F.);
#4830=ORIENTED_EDGE('',*,*,#3444,.T.);
#4831=ORIENTED_EDGE('',*,*,#3448,.T.);
#4832=ORIENTED_EDGE('',*,*,#3449,.T.);
#4833=ORIENTED_EDGE('',*,*,#3450,.T.);
#4834=ORIENTED_EDGE('',*,*,#3448,.F.);
#4835=ORIENTED_EDGE('',*,*,#3449,.F.);
#4836=ORIENTED_EDGE('',*,*,#3450,.F.);
#4837=ORIENTED_EDGE('',*,*,#3451,.T.);
#4838=ORIENTED_EDGE('',*,*,#3452,.T.);
#4839=ORIENTED_EDGE('',*,*,#3451,.F.);
#4840=ORIENTED_EDGE('',*,*,#3287,.T.);
#4841=ORIENTED_EDGE('',*,*,#3288,.T.);
#4842=ORIENTED_EDGE('',*,*,#3453,.T.);
#4843=ORIENTED_EDGE('',*,*,#3454,.T.);
#4844=ORIENTED_EDGE('',*,*,#3453,.F.);
#4845=ORIENTED_EDGE('',*,*,#3452,.F.);
#4846=ORIENTED_EDGE('',*,*,#3454,.F.);
#4847=ORIENTED_EDGE('',*,*,#3447,.T.);
#4848=ORIENTED_EDGE('',*,*,#3455,.T.);
#4849=ORIENTED_EDGE('',*,*,#3456,.T.);
#4850=ORIENTED_EDGE('',*,*,#3457,.T.);
#4851=ORIENTED_EDGE('',*,*,#3455,.F.);
#4852=ORIENTED_EDGE('',*,*,#3456,.F.);
#4853=ORIENTED_EDGE('',*,*,#3457,.F.);
#4854=ORIENTED_EDGE('',*,*,#3458,.T.);
#4855=ORIENTED_EDGE('',*,*,#3459,.T.);
#4856=ORIENTED_EDGE('',*,*,#3458,.F.);
#4857=ORIENTED_EDGE('',*,*,#3292,.T.);
#4858=ORIENTED_EDGE('',*,*,#3293,.T.);
#4859=ORIENTED_EDGE('',*,*,#3460,.T.);
#4860=ORIENTED_EDGE('',*,*,#3461,.T.);
#4861=ORIENTED_EDGE('',*,*,#3460,.F.);
#4862=ORIENTED_EDGE('',*,*,#3459,.F.);
#4863=ORIENTED_EDGE('',*,*,#3461,.F.);
#4864=ORIENTED_EDGE('',*,*,#3308,.T.);
#4865=ORIENTED_EDGE('',*,*,#3309,.T.);
#4866=ORIENTED_EDGE('',*,*,#3462,.T.);
#4867=ORIENTED_EDGE('',*,*,#3463,.T.);
#4868=ORIENTED_EDGE('',*,*,#3462,.F.);
#4869=ORIENTED_EDGE('',*,*,#3464,.F.);
#4870=ORIENTED_EDGE('',*,*,#3463,.F.);
#4871=ORIENTED_EDGE('',*,*,#3445,.T.);
#4872=ORIENTED_EDGE('',*,*,#3465,.T.);
#4873=ORIENTED_EDGE('',*,*,#3466,.T.);
#4874=ORIENTED_EDGE('',*,*,#3467,.T.);
#4875=ORIENTED_EDGE('',*,*,#3465,.F.);
#4876=ORIENTED_EDGE('',*,*,#3466,.F.);
#4877=ORIENTED_EDGE('',*,*,#3467,.F.);
#4878=ORIENTED_EDGE('',*,*,#3468,.T.);
#4879=ORIENTED_EDGE('',*,*,#3464,.T.);
#4880=ORIENTED_EDGE('',*,*,#3468,.F.);
#4881=ORIENTED_EDGE('',*,*,#3303,.T.);
#4882=ORIENTED_EDGE('',*,*,#3304,.T.);
#4883=ORIENTED_EDGE('',*,*,#3469,.T.);
#4884=ORIENTED_EDGE('',*,*,#3470,.T.);
#4885=ORIENTED_EDGE('',*,*,#3469,.F.);
#4886=ORIENTED_EDGE('',*,*,#3471,.F.);
#4887=ORIENTED_EDGE('',*,*,#3470,.F.);
#4888=ORIENTED_EDGE('',*,*,#3446,.T.);
#4889=ORIENTED_EDGE('',*,*,#3472,.T.);
#4890=ORIENTED_EDGE('',*,*,#3473,.T.);
#4891=ORIENTED_EDGE('',*,*,#3474,.T.);
#4892=ORIENTED_EDGE('',*,*,#3472,.F.);
#4893=ORIENTED_EDGE('',*,*,#3473,.F.);
#4894=ORIENTED_EDGE('',*,*,#3474,.F.);
#4895=ORIENTED_EDGE('',*,*,#3475,.T.);
#4896=ORIENTED_EDGE('',*,*,#3471,.T.);
#4897=ORIENTED_EDGE('',*,*,#3475,.F.);
#4898=ORIENTED_EDGE('',*,*,#3354,.F.);
#4899=ORIENTED_EDGE('',*,*,#3476,.T.);
#4900=ORIENTED_EDGE('',*,*,#3411,.F.);
#4901=ORIENTED_EDGE('',*,*,#3377,.F.);
#4902=ORIENTED_EDGE('',*,*,#3338,.F.);
#4903=ORIENTED_EDGE('',*,*,#3285,.F.);
#4904=ORIENTED_EDGE('',*,*,#3360,.F.);
#4905=ORIENTED_EDGE('',*,*,#3423,.F.);
#4906=ORIENTED_EDGE('',*,*,#3428,.F.);
#4907=ORIENTED_EDGE('',*,*,#3477,.F.);
#4908=ORIENTED_EDGE('',*,*,#3299,.F.);
#4909=ORIENTED_EDGE('',*,*,#3328,.F.);
#4910=ORIENTED_EDGE('',*,*,#3431,.F.);
#4911=ORIENTED_EDGE('',*,*,#3440,.F.);
#4912=ORIENTED_EDGE('',*,*,#3300,.F.);
#4913=ORIENTED_EDGE('',*,*,#3477,.T.);
#4914=ORIENTED_EDGE('',*,*,#3316,.F.);
#4915=ORIENTED_EDGE('',*,*,#3442,.F.);
#4916=ORIENTED_EDGE('',*,*,#3344,.F.);
#4917=ORIENTED_EDGE('',*,*,#3425,.F.);
#4918=ORIENTED_EDGE('',*,*,#3327,.F.);
#4919=ORIENTED_EDGE('',*,*,#3318,.F.);
#4920=ORIENTED_EDGE('',*,*,#3435,.F.);
#4921=ORIENTED_EDGE('',*,*,#3438,.F.);
#4922=ORIENTED_EDGE('',*,*,#3314,.F.);
#4923=ORIENTED_EDGE('',*,*,#3443,.F.);
#4924=ORIENTED_EDGE('',*,*,#3406,.F.);
#4925=ORIENTED_EDGE('',*,*,#3399,.F.);
#4926=ORIENTED_EDGE('',*,*,#3402,.F.);
#4927=ORIENTED_EDGE('',*,*,#3476,.F.);
#4928=ORIENTED_EDGE('',*,*,#3329,.F.);
#4929=ORIENTED_EDGE('',*,*,#3321,.F.);
#4930=ORIENTED_EDGE('',*,*,#3478,.T.);
#4931=ORIENTED_EDGE('',*,*,#3479,.T.);
#4932=ORIENTED_EDGE('',*,*,#3480,.T.);
#4933=ORIENTED_EDGE('',*,*,#3481,.T.);
#4934=ORIENTED_EDGE('',*,*,#3480,.F.);
#4935=ORIENTED_EDGE('',*,*,#3482,.F.);
#4936=ORIENTED_EDGE('',*,*,#3483,.F.);
#4937=ORIENTED_EDGE('',*,*,#3484,.T.);
#4938=ORIENTED_EDGE('',*,*,#3478,.F.);
#4939=ORIENTED_EDGE('',*,*,#3479,.F.);
#4940=ORIENTED_EDGE('',*,*,#3484,.F.);
#4941=ORIENTED_EDGE('',*,*,#3481,.F.);
#4942=ORIENTED_EDGE('',*,*,#3485,.T.);
#4943=ORIENTED_EDGE('',*,*,#3486,.T.);
#4944=ORIENTED_EDGE('',*,*,#3482,.T.);
#4945=ORIENTED_EDGE('',*,*,#3483,.T.);
#4946=ORIENTED_EDGE('',*,*,#3486,.F.);
#4947=ORIENTED_EDGE('',*,*,#3485,.F.);
#4948=ORIENTED_EDGE('',*,*,#3487,.T.);
#4949=ORIENTED_EDGE('',*,*,#3488,.T.);
#4950=ORIENTED_EDGE('',*,*,#3489,.T.);
#4951=ORIENTED_EDGE('',*,*,#3490,.T.);
#4952=ORIENTED_EDGE('',*,*,#3491,.T.);
#4953=ORIENTED_EDGE('',*,*,#3492,.T.);
#4954=ORIENTED_EDGE('',*,*,#3493,.T.);
#4955=ORIENTED_EDGE('',*,*,#3494,.T.);
#4956=ORIENTED_EDGE('',*,*,#3495,.T.);
#4957=ORIENTED_EDGE('',*,*,#3496,.T.);
#4958=ORIENTED_EDGE('',*,*,#3497,.T.);
#4959=ORIENTED_EDGE('',*,*,#3498,.T.);
#4960=ORIENTED_EDGE('',*,*,#3499,.T.);
#4961=ORIENTED_EDGE('',*,*,#3500,.T.);
#4962=ORIENTED_EDGE('',*,*,#3501,.T.);
#4963=ORIENTED_EDGE('',*,*,#3502,.T.);
#4964=ORIENTED_EDGE('',*,*,#3503,.T.);
#4965=ORIENTED_EDGE('',*,*,#3504,.T.);
#4966=ORIENTED_EDGE('',*,*,#3505,.F.);
#4967=ORIENTED_EDGE('',*,*,#3487,.F.);
#4968=ORIENTED_EDGE('',*,*,#3506,.F.);
#4969=ORIENTED_EDGE('',*,*,#3501,.F.);
#4970=ORIENTED_EDGE('',*,*,#3507,.F.);
#4971=ORIENTED_EDGE('',*,*,#3488,.F.);
#4972=ORIENTED_EDGE('',*,*,#3508,.F.);
#4973=ORIENTED_EDGE('',*,*,#3497,.F.);
#4974=ORIENTED_EDGE('',*,*,#3509,.F.);
#4975=ORIENTED_EDGE('',*,*,#3489,.F.);
#4976=ORIENTED_EDGE('',*,*,#3510,.F.);
#4977=ORIENTED_EDGE('',*,*,#3502,.F.);
#4978=ORIENTED_EDGE('',*,*,#3511,.F.);
#4979=ORIENTED_EDGE('',*,*,#3490,.F.);
#4980=ORIENTED_EDGE('',*,*,#3512,.F.);
#4981=ORIENTED_EDGE('',*,*,#3494,.F.);
#4982=ORIENTED_EDGE('',*,*,#3506,.T.);
#4983=ORIENTED_EDGE('',*,*,#3511,.T.);
#4984=ORIENTED_EDGE('',*,*,#3513,.F.);
#4985=ORIENTED_EDGE('',*,*,#3508,.T.);
#4986=ORIENTED_EDGE('',*,*,#3505,.T.);
#4987=ORIENTED_EDGE('',*,*,#3514,.F.);
#4988=ORIENTED_EDGE('',*,*,#3510,.T.);
#4989=ORIENTED_EDGE('',*,*,#3507,.T.);
#4990=ORIENTED_EDGE('',*,*,#3515,.F.);
#4991=ORIENTED_EDGE('',*,*,#3512,.T.);
#4992=ORIENTED_EDGE('',*,*,#3509,.T.);
#4993=ORIENTED_EDGE('',*,*,#3516,.F.);
#4994=ORIENTED_EDGE('',*,*,#3513,.T.);
#4995=ORIENTED_EDGE('',*,*,#3493,.F.);
#4996=ORIENTED_EDGE('',*,*,#3517,.F.);
#4997=ORIENTED_EDGE('',*,*,#3499,.F.);
#4998=ORIENTED_EDGE('',*,*,#3514,.T.);
#4999=ORIENTED_EDGE('',*,*,#3500,.F.);
#5000=ORIENTED_EDGE('',*,*,#3518,.F.);
#5001=ORIENTED_EDGE('',*,*,#3498,.F.);
#5002=ORIENTED_EDGE('',*,*,#3515,.T.);
#5003=ORIENTED_EDGE('',*,*,#3496,.F.);
#5004=ORIENTED_EDGE('',*,*,#3519,.F.);
#5005=ORIENTED_EDGE('',*,*,#3503,.F.);
#5006=ORIENTED_EDGE('',*,*,#3516,.T.);
#5007=ORIENTED_EDGE('',*,*,#3504,.F.);
#5008=ORIENTED_EDGE('',*,*,#3520,.F.);
#5009=ORIENTED_EDGE('',*,*,#3491,.F.);
#5010=ORIENTED_EDGE('',*,*,#3518,.T.);
#5011=ORIENTED_EDGE('',*,*,#3517,.T.);
#5012=ORIENTED_EDGE('',*,*,#3521,.F.);
#5013=ORIENTED_EDGE('',*,*,#3520,.T.);
#5014=ORIENTED_EDGE('',*,*,#3519,.T.);
#5015=ORIENTED_EDGE('',*,*,#3522,.F.);
#5016=ORIENTED_EDGE('',*,*,#3521,.T.);
#5017=ORIENTED_EDGE('',*,*,#3492,.F.);
#5018=ORIENTED_EDGE('',*,*,#3522,.T.);
#5019=ORIENTED_EDGE('',*,*,#3495,.F.);
#5020=ORIENTED_EDGE('',*,*,#3523,.F.);
#5021=ORIENTED_EDGE('',*,*,#3524,.T.);
#5022=ORIENTED_EDGE('',*,*,#3525,.T.);
#5023=ORIENTED_EDGE('',*,*,#3526,.F.);
#5024=ORIENTED_EDGE('',*,*,#3527,.F.);
#5025=ORIENTED_EDGE('',*,*,#3528,.T.);
#5026=ORIENTED_EDGE('',*,*,#3529,.T.);
#5027=ORIENTED_EDGE('',*,*,#3524,.F.);
#5028=ORIENTED_EDGE('',*,*,#3530,.F.);
#5029=ORIENTED_EDGE('',*,*,#3531,.T.);
#5030=ORIENTED_EDGE('',*,*,#3532,.T.);
#5031=ORIENTED_EDGE('',*,*,#3528,.F.);
#5032=ORIENTED_EDGE('',*,*,#3533,.F.);
#5033=ORIENTED_EDGE('',*,*,#3526,.T.);
#5034=ORIENTED_EDGE('',*,*,#3534,.T.);
#5035=ORIENTED_EDGE('',*,*,#3531,.F.);
#5036=ORIENTED_EDGE('',*,*,#3534,.F.);
#5037=ORIENTED_EDGE('',*,*,#3525,.F.);
#5038=ORIENTED_EDGE('',*,*,#3529,.F.);
#5039=ORIENTED_EDGE('',*,*,#3532,.F.);
#5040=ORIENTED_EDGE('',*,*,#3535,.F.);
#5041=ORIENTED_EDGE('',*,*,#3536,.F.);
#5042=ORIENTED_EDGE('',*,*,#3537,.T.);
#5043=ORIENTED_EDGE('',*,*,#3538,.T.);
#5044=ORIENTED_EDGE('',*,*,#3539,.F.);
#5045=ORIENTED_EDGE('',*,*,#3540,.F.);
#5046=ORIENTED_EDGE('',*,*,#3541,.T.);
#5047=ORIENTED_EDGE('',*,*,#3542,.T.);
#5048=ORIENTED_EDGE('',*,*,#3537,.F.);
#5049=ORIENTED_EDGE('',*,*,#3543,.F.);
#5050=ORIENTED_EDGE('',*,*,#3544,.T.);
#5051=ORIENTED_EDGE('',*,*,#3545,.T.);
#5052=ORIENTED_EDGE('',*,*,#3541,.F.);
#5053=ORIENTED_EDGE('',*,*,#3546,.F.);
#5054=ORIENTED_EDGE('',*,*,#3539,.T.);
#5055=ORIENTED_EDGE('',*,*,#3547,.T.);
#5056=ORIENTED_EDGE('',*,*,#3544,.F.);
#5057=ORIENTED_EDGE('',*,*,#3547,.F.);
#5058=ORIENTED_EDGE('',*,*,#3538,.F.);
#5059=ORIENTED_EDGE('',*,*,#3542,.F.);
#5060=ORIENTED_EDGE('',*,*,#3545,.F.);
#5061=ORIENTED_EDGE('',*,*,#3548,.F.);
#5062=ORIENTED_EDGE('',*,*,#3548,.T.);
#5063=ORIENTED_EDGE('',*,*,#3549,.T.);
#5064=ORIENTED_EDGE('',*,*,#3535,.T.);
#5065=ORIENTED_EDGE('',*,*,#3549,.F.);
#5066=ORIENTED_EDGE('',*,*,#3550,.T.);
#5067=ORIENTED_EDGE('',*,*,#3551,.T.);
#5068=ORIENTED_EDGE('',*,*,#3552,.F.);
#5069=ORIENTED_EDGE('',*,*,#3553,.F.);
#5070=ORIENTED_EDGE('',*,*,#3554,.T.);
#5071=ORIENTED_EDGE('',*,*,#3553,.T.);
#5072=ORIENTED_EDGE('',*,*,#3555,.F.);
#5073=ORIENTED_EDGE('',*,*,#3556,.F.);
#5074=ORIENTED_EDGE('',*,*,#3557,.T.);
#5075=ORIENTED_EDGE('',*,*,#3556,.T.);
#5076=ORIENTED_EDGE('',*,*,#3558,.F.);
#5077=ORIENTED_EDGE('',*,*,#3559,.F.);
#5078=ORIENTED_EDGE('',*,*,#3560,.T.);
#5079=ORIENTED_EDGE('',*,*,#3559,.T.);
#5080=ORIENTED_EDGE('',*,*,#3561,.F.);
#5081=ORIENTED_EDGE('',*,*,#3562,.F.);
#5082=ORIENTED_EDGE('',*,*,#3563,.T.);
#5083=ORIENTED_EDGE('',*,*,#3562,.T.);
#5084=ORIENTED_EDGE('',*,*,#3564,.F.);
#5085=ORIENTED_EDGE('',*,*,#3565,.F.);
#5086=ORIENTED_EDGE('',*,*,#3566,.T.);
#5087=ORIENTED_EDGE('',*,*,#3565,.T.);
#5088=ORIENTED_EDGE('',*,*,#3567,.F.);
#5089=ORIENTED_EDGE('',*,*,#3568,.F.);
#5090=ORIENTED_EDGE('',*,*,#3523,.T.);
#5091=ORIENTED_EDGE('',*,*,#3533,.T.);
#5092=ORIENTED_EDGE('',*,*,#3530,.T.);
#5093=ORIENTED_EDGE('',*,*,#3527,.T.);
#5094=ORIENTED_EDGE('',*,*,#3569,.T.);
#5095=ORIENTED_EDGE('',*,*,#3568,.T.);
#5096=ORIENTED_EDGE('',*,*,#3570,.F.);
#5097=ORIENTED_EDGE('',*,*,#3571,.F.);
#5098=ORIENTED_EDGE('',*,*,#3572,.T.);
#5099=ORIENTED_EDGE('',*,*,#3571,.T.);
#5100=ORIENTED_EDGE('',*,*,#3573,.F.);
#5101=ORIENTED_EDGE('',*,*,#3574,.F.);
#5102=ORIENTED_EDGE('',*,*,#3575,.T.);
#5103=ORIENTED_EDGE('',*,*,#3574,.T.);
#5104=ORIENTED_EDGE('',*,*,#3576,.F.);
#5105=ORIENTED_EDGE('',*,*,#3577,.F.);
#5106=ORIENTED_EDGE('',*,*,#3578,.T.);
#5107=ORIENTED_EDGE('',*,*,#3577,.T.);
#5108=ORIENTED_EDGE('',*,*,#3579,.F.);
#5109=ORIENTED_EDGE('',*,*,#3580,.F.);
#5110=ORIENTED_EDGE('',*,*,#3581,.T.);
#5111=ORIENTED_EDGE('',*,*,#3580,.T.);
#5112=ORIENTED_EDGE('',*,*,#3582,.F.);
#5113=ORIENTED_EDGE('',*,*,#3583,.F.);
#5114=ORIENTED_EDGE('',*,*,#3584,.T.);
#5115=ORIENTED_EDGE('',*,*,#3583,.T.);
#5116=ORIENTED_EDGE('',*,*,#3585,.F.);
#5117=ORIENTED_EDGE('',*,*,#3586,.F.);
#5118=ORIENTED_EDGE('',*,*,#3536,.T.);
#5119=ORIENTED_EDGE('',*,*,#3546,.T.);
#5120=ORIENTED_EDGE('',*,*,#3543,.T.);
#5121=ORIENTED_EDGE('',*,*,#3540,.T.);
#5122=ORIENTED_EDGE('',*,*,#3587,.T.);
#5123=ORIENTED_EDGE('',*,*,#3586,.T.);
#5124=ORIENTED_EDGE('',*,*,#3588,.F.);
#5125=ORIENTED_EDGE('',*,*,#3589,.F.);
#5126=ORIENTED_EDGE('',*,*,#3590,.T.);
#5127=ORIENTED_EDGE('',*,*,#3589,.T.);
#5128=ORIENTED_EDGE('',*,*,#3591,.F.);
#5129=ORIENTED_EDGE('',*,*,#3592,.F.);
#5130=ORIENTED_EDGE('',*,*,#3593,.T.);
#5131=ORIENTED_EDGE('',*,*,#3592,.T.);
#5132=ORIENTED_EDGE('',*,*,#3594,.F.);
#5133=ORIENTED_EDGE('',*,*,#3595,.F.);
#5134=ORIENTED_EDGE('',*,*,#3596,.T.);
#5135=ORIENTED_EDGE('',*,*,#3595,.T.);
#5136=ORIENTED_EDGE('',*,*,#3597,.F.);
#5137=ORIENTED_EDGE('',*,*,#3551,.F.);
#5138=ORIENTED_EDGE('',*,*,#3597,.T.);
#5139=ORIENTED_EDGE('',*,*,#3594,.T.);
#5140=ORIENTED_EDGE('',*,*,#3591,.T.);
#5141=ORIENTED_EDGE('',*,*,#3588,.T.);
#5142=ORIENTED_EDGE('',*,*,#3585,.T.);
#5143=ORIENTED_EDGE('',*,*,#3582,.T.);
#5144=ORIENTED_EDGE('',*,*,#3579,.T.);
#5145=ORIENTED_EDGE('',*,*,#3576,.T.);
#5146=ORIENTED_EDGE('',*,*,#3573,.T.);
#5147=ORIENTED_EDGE('',*,*,#3570,.T.);
#5148=ORIENTED_EDGE('',*,*,#3567,.T.);
#5149=ORIENTED_EDGE('',*,*,#3564,.T.);
#5150=ORIENTED_EDGE('',*,*,#3561,.T.);
#5151=ORIENTED_EDGE('',*,*,#3558,.T.);
#5152=ORIENTED_EDGE('',*,*,#3555,.T.);
#5153=ORIENTED_EDGE('',*,*,#3552,.T.);
#5154=ORIENTED_EDGE('',*,*,#3596,.F.);
#5155=ORIENTED_EDGE('',*,*,#3550,.F.);
#5156=ORIENTED_EDGE('',*,*,#3554,.F.);
#5157=ORIENTED_EDGE('',*,*,#3557,.F.);
#5158=ORIENTED_EDGE('',*,*,#3560,.F.);
#5159=ORIENTED_EDGE('',*,*,#3563,.F.);
#5160=ORIENTED_EDGE('',*,*,#3566,.F.);
#5161=ORIENTED_EDGE('',*,*,#3569,.F.);
#5162=ORIENTED_EDGE('',*,*,#3572,.F.);
#5163=ORIENTED_EDGE('',*,*,#3575,.F.);
#5164=ORIENTED_EDGE('',*,*,#3578,.F.);
#5165=ORIENTED_EDGE('',*,*,#3581,.F.);
#5166=ORIENTED_EDGE('',*,*,#3584,.F.);
#5167=ORIENTED_EDGE('',*,*,#3587,.F.);
#5168=ORIENTED_EDGE('',*,*,#3590,.F.);
#5169=ORIENTED_EDGE('',*,*,#3593,.F.);
#5170=PLANE('',#5946);
#5171=PLANE('',#5947);
#5172=PLANE('',#5948);
#5173=PLANE('',#5949);
#5174=PLANE('',#5950);
#5175=PLANE('',#5951);
#5176=PLANE('',#5952);
#5177=PLANE('',#5953);
#5178=PLANE('',#5954);
#5179=PLANE('',#5955);
#5180=PLANE('',#5956);
#5181=PLANE('',#5957);
#5182=PLANE('',#5958);
#5183=PLANE('',#5959);
#5184=PLANE('',#5966);
#5185=PLANE('',#5973);
#5186=PLANE('',#5978);
#5187=PLANE('',#5987);
#5188=PLANE('',#5990);
#5189=PLANE('',#5997);
#5190=PLANE('',#6000);
#5191=PLANE('',#6007);
#5192=PLANE('',#6014);
#5193=PLANE('',#6019);
#5194=PLANE('',#6023);
#5195=PLANE('',#6024);
#5196=PLANE('',#6025);
#5197=PLANE('',#6026);
#5198=PLANE('',#6027);
#5199=PLANE('',#6028);
#5200=PLANE('',#6029);
#5201=PLANE('',#6030);
#5202=PLANE('',#6031);
#5203=PLANE('',#6032);
#5204=PLANE('',#6033);
#5205=PLANE('',#6034);
#5206=PLANE('',#6035);
#5207=PLANE('',#6036);
#5208=PLANE('',#6037);
#5209=PLANE('',#6038);
#5210=PLANE('',#6039);
#5211=PLANE('',#6040);
#5212=PLANE('',#6047);
#5213=PLANE('',#6050);
#5214=PLANE('',#6051);
#5215=PLANE('',#6052);
#5216=PLANE('',#6053);
#5217=PLANE('',#6054);
#5218=PLANE('',#6055);
#5219=PLANE('',#6056);
#5220=PLANE('',#6057);
#5221=PLANE('',#6058);
#5222=PLANE('',#6059);
#5223=PLANE('',#6060);
#5224=PLANE('',#6061);
#5225=PLANE('',#6062);
#5226=PLANE('',#6063);
#5227=PLANE('',#6064);
#5228=PLANE('',#6067);
#5229=PLANE('',#6068);
#5230=PLANE('',#6069);
#5231=PLANE('',#6070);
#5232=PLANE('',#6071);
#5233=PLANE('',#6072);
#5234=PLANE('',#6073);
#5235=PLANE('',#6074);
#5236=PLANE('',#6075);
#5237=PLANE('',#6076);
#5238=PLANE('',#6077);
#5239=PLANE('',#6078);
#5240=PLANE('',#6079);
#5241=PLANE('',#6080);
#5242=PLANE('',#6081);
#5243=PLANE('',#6082);
#5244=PLANE('',#6083);
#5245=PLANE('',#6084);
#5246=PLANE('',#6085);
#5247=PLANE('',#6086);
#5248=PLANE('',#6087);
#5249=PLANE('',#6088);
#5250=PLANE('',#6089);
#5251=PLANE('',#6090);
#5252=PLANE('',#6091);
#5253=PLANE('',#6092);
#5254=PLANE('',#6093);
#5255=PLANE('',#6094);
#5256=PLANE('',#6095);
#5257=PLANE('',#6096);
#5258=PLANE('',#6097);
#5259=PLANE('',#6098);
#5260=PLANE('',#6099);
#5261=PLANE('',#6100);
#5262=PLANE('',#6101);
#5263=PLANE('',#6102);
#5264=PLANE('',#6103);
#5265=PLANE('',#6104);
#5266=PLANE('',#6105);
#5267=PLANE('',#6106);
#5268=PLANE('',#6107);
#5269=PLANE('',#6108);
#5270=PLANE('',#6109);
#5271=PLANE('',#6110);
#5272=PLANE('',#6111);
#5273=PLANE('',#6112);
#5274=PLANE('',#6113);
#5275=PLANE('',#6114);
#5276=PLANE('',#6115);
#5277=PLANE('',#6116);
#5278=PLANE('',#6117);
#5279=PLANE('',#6118);
#5280=PLANE('',#6119);
#5281=PLANE('',#6120);
#5282=PLANE('',#6121);
#5283=PLANE('',#6122);
#5284=PLANE('',#6123);
#5285=PLANE('',#6124);
#5286=PLANE('',#6125);
#5287=PLANE('',#6126);
#5288=PLANE('',#6127);
#5289=PLANE('',#6128);
#5290=PLANE('',#6129);
#5291=PLANE('',#6130);
#5292=PLANE('',#6131);
#5293=PLANE('',#6132);
#5294=PLANE('',#6133);
#5295=PLANE('',#6134);
#5296=PLANE('',#6135);
#5297=PLANE('',#6139);
#5298=PLANE('',#6140);
#5299=PLANE('',#6141);
#5300=PLANE('',#6142);
#5301=PLANE('',#6143);
#5302=PLANE('',#6146);
#5303=PLANE('',#6147);
#5304=PLANE('',#6148);
#5305=PLANE('',#6149);
#5306=PLANE('',#6150);
#5307=PLANE('',#6151);
#5308=PLANE('',#6152);
#5309=PLANE('',#6153);
#5310=PLANE('',#6154);
#5311=PLANE('',#6155);
#5312=PLANE('',#6158);
#5313=PLANE('',#6159);
#5314=PLANE('',#6160);
#5315=PLANE('',#6161);
#5316=PLANE('',#6162);
#5317=PLANE('',#6163);
#5318=PLANE('',#6164);
#5319=PLANE('',#6165);
#5320=PLANE('',#6166);
#5321=PLANE('',#6167);
#5322=PLANE('',#6168);
#5323=PLANE('',#6172);
#5324=PLANE('',#6173);
#5325=PLANE('',#6174);
#5326=PLANE('',#6175);
#5327=PLANE('',#6176);
#5328=PLANE('',#6177);
#5329=PLANE('',#6178);
#5330=PLANE('',#6179);
#5331=PLANE('',#6180);
#5332=PLANE('',#6181);
#5333=PLANE('',#6182);
#5334=PLANE('',#6183);
#5335=PLANE('',#6184);
#5336=PLANE('',#6185);
#5337=PLANE('',#6186);
#5338=PLANE('',#6187);
#5339=PLANE('',#6188);
#5340=PLANE('',#6189);
#5341=PLANE('',#6190);
#5342=PLANE('',#6191);
#5343=PLANE('',#6196);
#5344=PLANE('',#6209);
#5345=PLANE('',#6219);
#5346=PLANE('',#6220);
#5347=PLANE('',#6221);
#5348=PLANE('',#6222);
#5349=PLANE('',#6223);
#5350=PLANE('',#6224);
#5351=PLANE('',#6225);
#5352=PLANE('',#6226);
#5353=PLANE('',#6227);
#5354=PLANE('',#6228);
#5355=PLANE('',#6229);
#5356=PLANE('',#6230);
#5357=PLANE('',#6231);
#5358=PLANE('',#6232);
#5359=PLANE('',#6233);
#5360=PLANE('',#6234);
#5361=PLANE('',#6235);
#5362=PLANE('',#6236);
#5363=PLANE('',#6237);
#5364=PLANE('',#6238);
#5365=PLANE('',#6239);
#5366=PLANE('',#6240);
#5367=PLANE('',#6241);
#5368=PLANE('',#6242);
#5369=PLANE('',#6243);
#5370=PLANE('',#6244);
#5371=PLANE('',#6245);
#5372=PLANE('',#6246);
#5373=PLANE('',#6247);
#5374=PLANE('',#6248);
#5375=PLANE('',#6249);
#5376=PLANE('',#6250);
#5377=PLANE('',#6251);
#5378=PLANE('',#6252);
#5379=PLANE('',#6253);
#5380=PLANE('',#6254);
#5381=PLANE('',#6255);
#5382=PLANE('',#6256);
#5383=PLANE('',#6257);
#5384=PLANE('',#6258);
#5385=PLANE('',#6259);
#5386=PLANE('',#6260);
#5387=PLANE('',#6261);
#5388=PLANE('',#6262);
#5389=PLANE('',#6263);
#5390=PLANE('',#6264);
#5391=PLANE('',#6265);
#5392=PLANE('',#6266);
#5393=PLANE('',#6267);
#5394=PLANE('',#6268);
#5395=PLANE('',#6269);
#5396=PLANE('',#6270);
#5397=PLANE('',#6271);
#5398=PLANE('',#6272);
#5399=PLANE('',#6273);
#5400=PLANE('',#6274);
#5401=PLANE('',#6275);
#5402=PLANE('',#6276);
#5403=PLANE('',#6277);
#5404=PLANE('',#6278);
#5405=PLANE('',#6283);
#5406=PLANE('',#6291);
#5407=PLANE('',#6299);
#5408=PLANE('',#6302);
#5409=PLANE('',#6310);
#5410=PLANE('',#6316);
#5411=PLANE('',#6317);
#5412=PLANE('',#6318);
#5413=PLANE('',#6319);
#5414=PLANE('',#6320);
#5415=PLANE('',#6321);
#5416=PLANE('',#6330);
#5417=PLANE('',#6333);
#5418=PLANE('',#6335);
#5419=PLANE('',#6336);
#5420=PLANE('',#6337);
#5421=PLANE('',#6338);
#5422=PLANE('',#6339);
#5423=PLANE('',#6340);
#5424=PLANE('',#6341);
#5425=PLANE('',#6342);
#5426=PLANE('',#6343);
#5427=PLANE('',#6344);
#5428=PLANE('',#6345);
#5429=PLANE('',#6346);
#5430=PLANE('',#6347);
#5431=PLANE('',#6348);
#5432=PLANE('',#6349);
#5433=PLANE('',#6350);
#5434=PLANE('',#6351);
#5435=PLANE('',#6352);
#5436=PLANE('',#6353);
#5437=PLANE('',#6354);
#5438=PLANE('',#6356);
#5439=PLANE('',#6357);
#5440=PLANE('',#6358);
#5441=PLANE('',#6359);
#5442=PLANE('',#6360);
#5443=PLANE('',#6362);
#5444=PLANE('',#6363);
#5445=PLANE('',#6364);
#5446=PLANE('',#6365);
#5447=PLANE('',#6366);
#5448=PLANE('',#6369);
#5449=PLANE('',#6370);
#5450=PLANE('',#6371);
#5451=PLANE('',#6372);
#5452=PLANE('',#6373);
#5453=PLANE('',#6374);
#5454=PLANE('',#6375);
#5455=PLANE('',#6376);
#5456=PLANE('',#6377);
#5457=PLANE('',#6378);
#5458=PLANE('',#6379);
#5459=PLANE('',#6380);
#5460=PLANE('',#6381);
#5461=PLANE('',#6382);
#5462=PLANE('',#6383);
#5463=PLANE('',#6384);
#5464=ADVANCED_FACE('',(#244),#5170,.T.);
#5465=ADVANCED_FACE('',(#245),#5171,.T.);
#5466=ADVANCED_FACE('',(#246),#5172,.T.);
#5467=ADVANCED_FACE('',(#247),#5173,.F.);
#5468=ADVANCED_FACE('',(#248),#5174,.T.);
#5469=ADVANCED_FACE('',(#249),#5175,.T.);
#5470=ADVANCED_FACE('',(#250),#5176,.T.);
#5471=ADVANCED_FACE('',(#251),#5177,.F.);
#5472=ADVANCED_FACE('',(#252),#5178,.T.);
#5473=ADVANCED_FACE('',(#253),#5179,.F.);
#5474=ADVANCED_FACE('',(#254),#5180,.T.);
#5475=ADVANCED_FACE('',(#255),#5181,.T.);
#5476=ADVANCED_FACE('',(#256),#5182,.T.);
#5477=ADVANCED_FACE('',(#257),#5183,.F.);
#5478=ADVANCED_FACE('',(#258),#216,.F.);
#5479=ADVANCED_FACE('',(#259),#103,.F.);
#5480=ADVANCED_FACE('',(#260,#66),#5184,.F.);
#5481=ADVANCED_FACE('',(#261),#217,.F.);
#5482=ADVANCED_FACE('',(#262),#104,.F.);
#5483=ADVANCED_FACE('',(#263,#67),#5185,.F.);
#5484=ADVANCED_FACE('',(#264),#218,.F.);
#5485=ADVANCED_FACE('',(#265,#68),#5186,.F.);
#5486=ADVANCED_FACE('',(#266),#105,.F.);
#5487=ADVANCED_FACE('',(#267),#219,.F.);
#5488=ADVANCED_FACE('',(#268),#106,.F.);
#5489=ADVANCED_FACE('',(#269,#69),#5187,.F.);
#5490=ADVANCED_FACE('',(#270),#220,.F.);
#5491=ADVANCED_FACE('',(#271,#70),#5188,.F.);
#5492=ADVANCED_FACE('',(#272),#221,.F.);
#5493=ADVANCED_FACE('',(#273),#107,.F.);
#5494=ADVANCED_FACE('',(#274,#71),#5189,.T.);
#5495=ADVANCED_FACE('',(#275),#222,.F.);
#5496=ADVANCED_FACE('',(#276,#72),#5190,.F.);
#5497=ADVANCED_FACE('',(#277),#223,.F.);
#5498=ADVANCED_FACE('',(#278),#108,.F.);
#5499=ADVANCED_FACE('',(#279,#73),#5191,.F.);
#5500=ADVANCED_FACE('',(#280),#224,.F.);
#5501=ADVANCED_FACE('',(#281),#109,.F.);
#5502=ADVANCED_FACE('',(#282,#74),#5192,.F.);
#5503=ADVANCED_FACE('',(#283),#225,.F.);
#5504=ADVANCED_FACE('',(#284,#75,#76,#77),#5193,.T.);
#5505=ADVANCED_FACE('',(#285),#110,.F.);
#5506=ADVANCED_FACE('',(#286),#5194,.T.);
#5507=ADVANCED_FACE('',(#287),#5195,.T.);
#5508=ADVANCED_FACE('',(#288),#5196,.T.);
#5509=ADVANCED_FACE('',(#289),#5197,.T.);
#5510=ADVANCED_FACE('',(#290),#5198,.T.);
#5511=ADVANCED_FACE('',(#291),#5199,.T.);
#5512=ADVANCED_FACE('',(#292),#5200,.F.);
#5513=ADVANCED_FACE('',(#293),#5201,.F.);
#5514=ADVANCED_FACE('',(#294),#5202,.F.);
#5515=ADVANCED_FACE('',(#295),#5203,.T.);
#5516=ADVANCED_FACE('',(#296),#5204,.T.);
#5517=ADVANCED_FACE('',(#297),#5205,.T.);
#5518=ADVANCED_FACE('',(#298),#5206,.T.);
#5519=ADVANCED_FACE('',(#299),#5207,.T.);
#5520=ADVANCED_FACE('',(#300),#5208,.T.);
#5521=ADVANCED_FACE('',(#301),#5209,.F.);
#5522=ADVANCED_FACE('',(#302),#5210,.F.);
#5523=ADVANCED_FACE('',(#303),#5211,.F.);
#5524=ADVANCED_FACE('',(#304),#226,.F.);
#5525=ADVANCED_FACE('',(#305),#111,.F.);
#5526=ADVANCED_FACE('',(#306,#78),#5212,.F.);
#5527=ADVANCED_FACE('',(#307),#227,.F.);
#5528=ADVANCED_FACE('',(#308,#79),#5213,.T.);
#5529=ADVANCED_FACE('',(#309),#5214,.T.);
#5530=ADVANCED_FACE('',(#310),#5215,.T.);
#5531=ADVANCED_FACE('',(#311),#5216,.T.);
#5532=ADVANCED_FACE('',(#312),#5217,.F.);
#5533=ADVANCED_FACE('',(#313),#5218,.F.);
#5534=ADVANCED_FACE('',(#314),#5219,.F.);
#5535=ADVANCED_FACE('',(#315),#5220,.T.);
#5536=ADVANCED_FACE('',(#316),#5221,.T.);
#5537=ADVANCED_FACE('',(#317),#5222,.T.);
#5538=ADVANCED_FACE('',(#318),#5223,.F.);
#5539=ADVANCED_FACE('',(#319),#5224,.F.);
#5540=ADVANCED_FACE('',(#320),#5225,.F.);
#5541=ADVANCED_FACE('',(#321),#5226,.T.);
#5542=ADVANCED_FACE('',(#322),#5227,.T.);
#5543=ADVANCED_FACE('',(#323),#228,.T.);
#5544=ADVANCED_FACE('',(#324),#5228,.T.);
#5545=ADVANCED_FACE('',(#325),#5229,.T.);
#5546=ADVANCED_FACE('',(#326),#5230,.T.);
#5547=ADVANCED_FACE('',(#327),#5231,.T.);
#5548=ADVANCED_FACE('',(#328),#5232,.T.);
#5549=ADVANCED_FACE('',(#329),#5233,.T.);
#5550=ADVANCED_FACE('',(#330),#5234,.T.);
#5551=ADVANCED_FACE('',(#331),#5235,.T.);
#5552=ADVANCED_FACE('',(#332),#5236,.T.);
#5553=ADVANCED_FACE('',(#333),#5237,.T.);
#5554=ADVANCED_FACE('',(#334),#5238,.T.);
#5555=ADVANCED_FACE('',(#335),#5239,.T.);
#5556=ADVANCED_FACE('',(#336),#5240,.T.);
#5557=ADVANCED_FACE('',(#337),#5241,.T.);
#5558=ADVANCED_FACE('',(#338),#5242,.T.);
#5559=ADVANCED_FACE('',(#339),#5243,.T.);
#5560=ADVANCED_FACE('',(#340),#5244,.T.);
#5561=ADVANCED_FACE('',(#341),#5245,.T.);
#5562=ADVANCED_FACE('',(#342),#5246,.T.);
#5563=ADVANCED_FACE('',(#343),#5247,.T.);
#5564=ADVANCED_FACE('',(#344),#5248,.T.);
#5565=ADVANCED_FACE('',(#345),#5249,.T.);
#5566=ADVANCED_FACE('',(#346),#5250,.T.);
#5567=ADVANCED_FACE('',(#347),#5251,.T.);
#5568=ADVANCED_FACE('',(#348),#5252,.T.);
#5569=ADVANCED_FACE('',(#349),#5253,.T.);
#5570=ADVANCED_FACE('',(#350),#5254,.T.);
#5571=ADVANCED_FACE('',(#351),#5255,.T.);
#5572=ADVANCED_FACE('',(#352),#5256,.T.);
#5573=ADVANCED_FACE('',(#353),#5257,.T.);
#5574=ADVANCED_FACE('',(#354),#5258,.T.);
#5575=ADVANCED_FACE('',(#355),#5259,.T.);
#5576=ADVANCED_FACE('',(#356),#5260,.T.);
#5577=ADVANCED_FACE('',(#357),#5261,.T.);
#5578=ADVANCED_FACE('',(#358),#5262,.T.);
#5579=ADVANCED_FACE('',(#359),#5263,.T.);
#5580=ADVANCED_FACE('',(#360),#5264,.T.);
#5581=ADVANCED_FACE('',(#361),#5265,.T.);
#5582=ADVANCED_FACE('',(#362),#5266,.T.);
#5583=ADVANCED_FACE('',(#363),#5267,.T.);
#5584=ADVANCED_FACE('',(#364),#5268,.T.);
#5585=ADVANCED_FACE('',(#365),#5269,.T.);
#5586=ADVANCED_FACE('',(#366),#5270,.T.);
#5587=ADVANCED_FACE('',(#367),#5271,.T.);
#5588=ADVANCED_FACE('',(#368),#5272,.T.);
#5589=ADVANCED_FACE('',(#369),#5273,.T.);
#5590=ADVANCED_FACE('',(#370),#5274,.T.);
#5591=ADVANCED_FACE('',(#371),#5275,.T.);
#5592=ADVANCED_FACE('',(#372),#5276,.T.);
#5593=ADVANCED_FACE('',(#373),#5277,.T.);
#5594=ADVANCED_FACE('',(#374),#5278,.T.);
#5595=ADVANCED_FACE('',(#375),#5279,.T.);
#5596=ADVANCED_FACE('',(#376),#5280,.T.);
#5597=ADVANCED_FACE('',(#377),#5281,.T.);
#5598=ADVANCED_FACE('',(#378),#5282,.T.);
#5599=ADVANCED_FACE('',(#379),#5283,.T.);
#5600=ADVANCED_FACE('',(#380),#5284,.T.);
#5601=ADVANCED_FACE('',(#381),#5285,.T.);
#5602=ADVANCED_FACE('',(#382),#5286,.T.);
#5603=ADVANCED_FACE('',(#383),#5287,.T.);
#5604=ADVANCED_FACE('',(#384),#5288,.T.);
#5605=ADVANCED_FACE('',(#385),#5289,.T.);
#5606=ADVANCED_FACE('',(#386),#5290,.T.);
#5607=ADVANCED_FACE('',(#387),#5291,.T.);
#5608=ADVANCED_FACE('',(#388),#5292,.T.);
#5609=ADVANCED_FACE('',(#389),#5293,.T.);
#5610=ADVANCED_FACE('',(#390),#5294,.T.);
#5611=ADVANCED_FACE('',(#391),#5295,.T.);
#5612=ADVANCED_FACE('',(#392),#5296,.T.);
#5613=ADVANCED_FACE('',(#393),#229,.T.);
#5614=ADVANCED_FACE('',(#394),#5297,.T.);
#5615=ADVANCED_FACE('',(#395),#5298,.T.);
#5616=ADVANCED_FACE('',(#396),#5299,.T.);
#5617=ADVANCED_FACE('',(#397),#5300,.T.);
#5618=ADVANCED_FACE('',(#398),#5301,.T.);
#5619=ADVANCED_FACE('',(#399),#112,.T.);
#5620=ADVANCED_FACE('',(#400),#5302,.F.);
#5621=ADVANCED_FACE('',(#401),#5303,.F.);
#5622=ADVANCED_FACE('',(#402),#5304,.F.);
#5623=ADVANCED_FACE('',(#403),#5305,.F.);
#5624=ADVANCED_FACE('',(#404),#5306,.F.);
#5625=ADVANCED_FACE('',(#405),#5307,.F.);
#5626=ADVANCED_FACE('',(#406),#5308,.F.);
#5627=ADVANCED_FACE('',(#407),#5309,.F.);
#5628=ADVANCED_FACE('',(#408),#5310,.F.);
#5629=ADVANCED_FACE('',(#409),#5311,.F.);
#5630=ADVANCED_FACE('',(#410),#113,.T.);
#5631=ADVANCED_FACE('',(#411,#80,#81,#82,#83),#5312,.F.);
#5632=ADVANCED_FACE('',(#412),#5313,.T.);
#5633=ADVANCED_FACE('',(#413),#5314,.T.);
#5634=ADVANCED_FACE('',(#414),#5315,.T.);
#5635=ADVANCED_FACE('',(#415),#5316,.F.);
#5636=ADVANCED_FACE('',(#416),#5317,.T.);
#5637=ADVANCED_FACE('',(#417,#84),#5318,.F.);
#5638=ADVANCED_FACE('',(#418),#5319,.F.);
#5639=ADVANCED_FACE('',(#419),#5320,.F.);
#5640=ADVANCED_FACE('',(#420),#5321,.F.);
#5641=ADVANCED_FACE('',(#421),#5322,.F.);
#5642=ADVANCED_FACE('',(#422),#114,.F.);
#5643=ADVANCED_FACE('',(#423,#85),#5323,.T.);
#5644=ADVANCED_FACE('',(#424),#5324,.F.);
#5645=ADVANCED_FACE('',(#425),#5325,.F.);
#5646=ADVANCED_FACE('',(#426),#5326,.F.);
#5647=ADVANCED_FACE('',(#427),#5327,.F.);
#5648=ADVANCED_FACE('',(#428),#5328,.F.);
#5649=ADVANCED_FACE('',(#429),#5329,.T.);
#5650=ADVANCED_FACE('',(#430),#5330,.F.);
#5651=ADVANCED_FACE('',(#431),#5331,.F.);
#5652=ADVANCED_FACE('',(#432),#5332,.F.);
#5653=ADVANCED_FACE('',(#433),#5333,.F.);
#5654=ADVANCED_FACE('',(#434),#5334,.F.);
#5655=ADVANCED_FACE('',(#435),#5335,.T.);
#5656=ADVANCED_FACE('',(#436),#5336,.F.);
#5657=ADVANCED_FACE('',(#437),#5337,.F.);
#5658=ADVANCED_FACE('',(#438),#5338,.F.);
#5659=ADVANCED_FACE('',(#439),#5339,.F.);
#5660=ADVANCED_FACE('',(#440),#5340,.F.);
#5661=ADVANCED_FACE('',(#441),#5341,.F.);
#5662=ADVANCED_FACE('',(#442,#86),#5342,.T.);
#5663=ADVANCED_FACE('',(#443),#230,.F.);
#5664=ADVANCED_FACE('',(#444,#87,#88),#5343,.T.);
#5665=ADVANCED_FACE('',(#445),#115,.F.);
#5666=ADVANCED_FACE('',(#446),#231,.F.);
#5667=ADVANCED_FACE('',(#447),#116,.F.);
#5668=ADVANCED_FACE('',(#448),#232,.F.);
#5669=ADVANCED_FACE('',(#449,#89,#90),#5344,.T.);
#5670=ADVANCED_FACE('',(#450),#117,.F.);
#5671=ADVANCED_FACE('',(#451),#233,.F.);
#5672=ADVANCED_FACE('',(#452),#118,.F.);
#5673=ADVANCED_FACE('',(#453),#5345,.T.);
#5674=ADVANCED_FACE('',(#454),#5346,.T.);
#5675=ADVANCED_FACE('',(#455),#5347,.T.);
#5676=ADVANCED_FACE('',(#456),#5348,.T.);
#5677=ADVANCED_FACE('',(#457),#5349,.T.);
#5678=ADVANCED_FACE('',(#458),#5350,.T.);
#5679=ADVANCED_FACE('',(#459),#5351,.T.);
#5680=ADVANCED_FACE('',(#460),#5352,.T.);
#5681=ADVANCED_FACE('',(#461),#5353,.T.);
#5682=ADVANCED_FACE('',(#462),#5354,.T.);
#5683=ADVANCED_FACE('',(#463),#5355,.T.);
#5684=ADVANCED_FACE('',(#464),#5356,.T.);
#5685=ADVANCED_FACE('',(#465),#5357,.T.);
#5686=ADVANCED_FACE('',(#466),#5358,.T.);
#5687=ADVANCED_FACE('',(#467),#5359,.T.);
#5688=ADVANCED_FACE('',(#468),#5360,.T.);
#5689=ADVANCED_FACE('',(#469),#5361,.T.);
#5690=ADVANCED_FACE('',(#470),#5362,.T.);
#5691=ADVANCED_FACE('',(#471),#5363,.T.);
#5692=ADVANCED_FACE('',(#472),#5364,.T.);
#5693=ADVANCED_FACE('',(#473),#5365,.T.);
#5694=ADVANCED_FACE('',(#474),#5366,.T.);
#5695=ADVANCED_FACE('',(#475),#5367,.T.);
#5696=ADVANCED_FACE('',(#476),#5368,.T.);
#5697=ADVANCED_FACE('',(#477),#5369,.T.);
#5698=ADVANCED_FACE('',(#478),#5370,.T.);
#5699=ADVANCED_FACE('',(#479),#5371,.T.);
#5700=ADVANCED_FACE('',(#480),#5372,.T.);
#5701=ADVANCED_FACE('',(#481),#5373,.T.);
#5702=ADVANCED_FACE('',(#482),#5374,.T.);
#5703=ADVANCED_FACE('',(#483),#5375,.T.);
#5704=ADVANCED_FACE('',(#484),#5376,.T.);
#5705=ADVANCED_FACE('',(#485),#5377,.T.);
#5706=ADVANCED_FACE('',(#486),#5378,.T.);
#5707=ADVANCED_FACE('',(#487),#5379,.T.);
#5708=ADVANCED_FACE('',(#488),#5380,.T.);
#5709=ADVANCED_FACE('',(#489),#5381,.T.);
#5710=ADVANCED_FACE('',(#490),#5382,.T.);
#5711=ADVANCED_FACE('',(#491),#5383,.T.);
#5712=ADVANCED_FACE('',(#492),#5384,.T.);
#5713=ADVANCED_FACE('',(#493),#5385,.T.);
#5714=ADVANCED_FACE('',(#494),#5386,.T.);
#5715=ADVANCED_FACE('',(#495),#5387,.T.);
#5716=ADVANCED_FACE('',(#496),#5388,.T.);
#5717=ADVANCED_FACE('',(#497),#5389,.T.);
#5718=ADVANCED_FACE('',(#498),#5390,.T.);
#5719=ADVANCED_FACE('',(#499),#5391,.T.);
#5720=ADVANCED_FACE('',(#500),#5392,.T.);
#5721=ADVANCED_FACE('',(#501),#5393,.T.);
#5722=ADVANCED_FACE('',(#502),#5394,.T.);
#5723=ADVANCED_FACE('',(#503),#5395,.T.);
#5724=ADVANCED_FACE('',(#504),#5396,.T.);
#5725=ADVANCED_FACE('',(#505),#5397,.T.);
#5726=ADVANCED_FACE('',(#506),#5398,.F.);
#5727=ADVANCED_FACE('',(#507),#5399,.T.);
#5728=ADVANCED_FACE('',(#508),#5400,.T.);
#5729=ADVANCED_FACE('',(#509),#5401,.T.);
#5730=ADVANCED_FACE('',(#510),#5402,.T.);
#5731=ADVANCED_FACE('',(#511),#5403,.T.);
#5732=ADVANCED_FACE('',(#512,#91,#92,#93,#94),#5404,.F.);
#5733=ADVANCED_FACE('',(#513),#5405,.T.);
#5734=ADVANCED_FACE('',(#514),#234,.F.);
#5735=ADVANCED_FACE('',(#515),#119,.F.);
#5736=ADVANCED_FACE('',(#516),#235,.F.);
#5737=ADVANCED_FACE('',(#517,#95),#5406,.T.);
#5738=ADVANCED_FACE('',(#518),#236,.F.);
#5739=ADVANCED_FACE('',(#519),#120,.F.);
#5740=ADVANCED_FACE('',(#520),#237,.F.);
#5741=ADVANCED_FACE('',(#521,#96),#5407,.T.);
#5742=ADVANCED_FACE('',(#522),#238,.F.);
#5743=ADVANCED_FACE('',(#523,#97),#5408,.T.);
#5744=ADVANCED_FACE('',(#524),#239,.F.);
#5745=ADVANCED_FACE('',(#525),#121,.F.);
#5746=ADVANCED_FACE('',(#526),#240,.F.);
#5747=ADVANCED_FACE('',(#527,#98),#5409,.T.);
#5748=ADVANCED_FACE('',(#528),#241,.F.);
#5749=ADVANCED_FACE('',(#529),#122,.F.);
#5750=ADVANCED_FACE('',(#530),#5410,.T.);
#5751=ADVANCED_FACE('',(#531),#5411,.T.);
#5752=ADVANCED_FACE('',(#532),#5412,.T.);
#5753=ADVANCED_FACE('',(#533),#5413,.T.);
#5754=ADVANCED_FACE('',(#534),#5414,.F.);
#5755=ADVANCED_FACE('',(#535),#5415,.T.);
#5756=ADVANCED_FACE('',(#536),#242,.T.);
#5757=ADVANCED_FACE('',(#537),#123,.T.);
#5758=ADVANCED_FACE('',(#538),#5416,.F.);
#5759=ADVANCED_FACE('',(#539),#243,.T.);
#5760=ADVANCED_FACE('',(#540),#5417,.T.);
#5761=ADVANCED_FACE('',(#541),#5418,.F.);
#5762=ADVANCED_FACE('',(#542),#5419,.F.);
#5763=ADVANCED_FACE('',(#543),#5420,.F.);
#5764=ADVANCED_FACE('',(#544),#5421,.T.);
#5765=ADVANCED_FACE('',(#545),#5422,.F.);
#5766=ADVANCED_FACE('',(#546),#5423,.T.);
#5767=ADVANCED_FACE('',(#547),#5424,.F.);
#5768=ADVANCED_FACE('',(#548),#5425,.F.);
#5769=ADVANCED_FACE('',(#549),#5426,.F.);
#5770=ADVANCED_FACE('',(#550),#5427,.T.);
#5771=ADVANCED_FACE('',(#551),#5428,.T.);
#5772=ADVANCED_FACE('',(#552),#5429,.T.);
#5773=ADVANCED_FACE('',(#553),#5430,.T.);
#5774=ADVANCED_FACE('',(#554),#5431,.T.);
#5775=ADVANCED_FACE('',(#555),#5432,.T.);
#5776=ADVANCED_FACE('',(#556),#5433,.F.);
#5777=ADVANCED_FACE('',(#557),#5434,.F.);
#5778=ADVANCED_FACE('',(#558),#5435,.T.);
#5779=ADVANCED_FACE('',(#559),#5436,.T.);
#5780=ADVANCED_FACE('',(#560),#5437,.F.);
#5781=ADVANCED_FACE('',(#561),#5438,.F.);
#5782=ADVANCED_FACE('',(#562),#5439,.F.);
#5783=ADVANCED_FACE('',(#563),#5440,.F.);
#5784=ADVANCED_FACE('',(#564),#5441,.F.);
#5785=ADVANCED_FACE('',(#565,#99),#5442,.T.);
#5786=ADVANCED_FACE('',(#566),#5443,.F.);
#5787=ADVANCED_FACE('',(#567),#5444,.F.);
#5788=ADVANCED_FACE('',(#568),#5445,.F.);
#5789=ADVANCED_FACE('',(#569),#5446,.F.);
#5790=ADVANCED_FACE('',(#570,#100),#5447,.T.);
#5791=ADVANCED_FACE('',(#571),#124,.F.);
#5792=ADVANCED_FACE('',(#572),#5448,.T.);
#5793=ADVANCED_FACE('',(#573),#5449,.T.);
#5794=ADVANCED_FACE('',(#574),#5450,.T.);
#5795=ADVANCED_FACE('',(#575),#5451,.T.);
#5796=ADVANCED_FACE('',(#576),#37,.T.);
#5797=ADVANCED_FACE('',(#577,#101),#5452,.T.);
#5798=ADVANCED_FACE('',(#578),#5453,.T.);
#5799=ADVANCED_FACE('',(#579),#5454,.T.);
#5800=ADVANCED_FACE('',(#580),#5455,.T.);
#5801=ADVANCED_FACE('',(#581),#5456,.T.);
#5802=ADVANCED_FACE('',(#582),#5457,.T.);
#5803=ADVANCED_FACE('',(#583,#102),#5458,.T.);
#5804=ADVANCED_FACE('',(#584),#38,.T.);
#5805=ADVANCED_FACE('',(#585),#5459,.T.);
#5806=ADVANCED_FACE('',(#586),#5460,.T.);
#5807=ADVANCED_FACE('',(#587),#5461,.T.);
#5808=ADVANCED_FACE('',(#588),#5462,.T.);
#5809=ADVANCED_FACE('',(#589),#5463,.F.);
#5810=CLOSED_SHELL('',(#5464,#5465,#5466,#5467,#5468,#5469,#5470,#5471,
#5472,#5473,#5474,#5475,#5476,#5477,#5478,#5479,#5480,#5481,#5482,#5483,
#5484,#5485,#5486,#5487,#5488,#5489,#5490,#5491,#5492,#5493,#5494,#5495,
#5496,#5497,#5498,#5499,#5500,#5501,#5502,#5503,#5504,#5505,#5506,#5507,
#5508,#5509,#5510,#5511,#5512,#5513,#5514,#5515,#5516,#5517,#5518,#5519,
#5520,#5521,#5522,#5523,#5524,#5525,#5526,#5527,#5528,#5529,#5530,#5531,
#5532,#5533,#5534,#5535,#5536,#5537,#5538,#5539,#5540,#5541,#5542,#5543,
#5544,#5545,#5546,#5547,#5548,#5549,#5550,#5551,#5552,#5553,#5554,#5555,
#5556,#5557,#5558,#5559,#5560,#5561,#5562,#5563,#5564,#5565,#5566,#5567,
#5568,#5569,#5570,#5571,#5572,#5573,#5574,#5575,#5576,#5577,#5578,#5579,
#5580,#5581,#5582,#5583,#5584,#5585,#5586,#5587,#5588,#5589,#5590,#5591,
#5592,#5593,#5594,#5595,#5596,#5597,#5598,#5599,#5600,#5601,#5602,#5603,
#5604,#5605,#5606,#5607,#5608,#5609,#5610,#5611,#5612,#5613,#5614,#5615,
#5616,#5617,#5618,#5619,#5620,#5621,#5622,#5623,#5624,#5625,#5626,#5627,
#5628,#5629,#5630,#5631,#5632,#5633,#5634,#5635,#5636,#5637,#5638,#5639,
#5640,#5641,#5642,#5643,#5644,#5645,#5646,#5647,#5648,#5649,#5650,#5651,
#5652,#5653,#5654,#5655,#5656,#5657,#5658,#5659,#5660,#5661,#5662));
#5811=CLOSED_SHELL('',(#5663,#5664,#5665,#5666,#5667,#5668,#5669,#5670,
#5671,#5672,#5673,#5674,#5675,#5676,#5677,#5678,#5679,#5680,#5681,#5682,
#5683,#5684,#5685,#5686,#5687,#5688,#5689,#5690,#5691,#5692,#5693,#5694,
#5695,#5696,#5697,#5698,#5699,#5700,#5701,#5702,#5703,#5704,#5705,#5706,
#5707,#5708,#5709,#5710,#5711,#5712,#5713,#5714,#5715,#5716,#5717,#5718,
#5719,#5720,#5721,#5722,#5723,#5724,#5725,#5726,#5727,#5728,#5729,#5730,
#5731,#5732,#5733,#5734,#5735,#5736,#5737,#5738,#5739,#5740,#5741,#5742,
#5743,#5744,#5745,#5746,#5747,#5748,#5749,#5750,#5751,#5752,#5753,#5754,
#5755));
#5812=CLOSED_SHELL('',(#5756,#5757,#5758,#5759,#5760));
#5813=CLOSED_SHELL('',(#5761,#5762,#5763,#5764,#5765,#5766,#5767,#5768,
#5769,#5770,#5771,#5772,#5773,#5774,#5775,#5776,#5777,#5778,#5779,#5780));
#5814=CLOSED_SHELL('',(#5781,#5782,#5783,#5784,#5785,#5786,#5787,#5788,
#5789,#5790,#5791,#5792,#5793,#5794,#5795,#5796,#5797,#5798,#5799,#5800,
#5801,#5802,#5803,#5804,#5805,#5806,#5807,#5808,#5809));
#5815=DERIVED_UNIT_ELEMENT(#5826,1.);
#5816=DERIVED_UNIT_ELEMENT(#9627,-3.);
#5817=DERIVED_UNIT_ELEMENT(#5826,1.);
#5818=DERIVED_UNIT_ELEMENT(#9627,-3.);
#5819=DERIVED_UNIT_ELEMENT(#5826,1.);
#5820=DERIVED_UNIT_ELEMENT(#9627,-3.);
#5821=DERIVED_UNIT_ELEMENT(#5826,1.);
#5822=DERIVED_UNIT_ELEMENT(#9627,-3.);
#5823=DERIVED_UNIT_ELEMENT(#5826,1.);
#5824=DERIVED_UNIT_ELEMENT(#9627,-3.);
#5825=DIMENSIONAL_EXPONENTS(0.,1.,0.,0.,0.,0.,0.);
#5826=(
CONVERSION_BASED_UNIT('gram',#5828)
MASS_UNIT()
NAMED_UNIT(#5825)
);
#5827=(
MASS_UNIT()
NAMED_UNIT(*)
SI_UNIT(.KILO.,.GRAM.)
);
#5828=MASS_MEASURE_WITH_UNIT(MASS_MEASURE(0.001),#5827);
#5829=DERIVED_UNIT((#5815,#5816));
#5830=DERIVED_UNIT((#5817,#5818));
#5831=DERIVED_UNIT((#5819,#5820));
#5832=DERIVED_UNIT((#5821,#5822));
#5833=DERIVED_UNIT((#5823,#5824));
#5834=MEASURE_REPRESENTATION_ITEM('density measure',
POSITIVE_RATIO_MEASURE(1.),#5829);
#5835=MEASURE_REPRESENTATION_ITEM('density measure',
POSITIVE_RATIO_MEASURE(1.),#5830);
#5836=MEASURE_REPRESENTATION_ITEM('density measure',
POSITIVE_RATIO_MEASURE(2.18),#5831);
#5837=MEASURE_REPRESENTATION_ITEM('density measure',
POSITIVE_RATIO_MEASURE(1.),#5832);
#5838=MEASURE_REPRESENTATION_ITEM('density measure',
POSITIVE_RATIO_MEASURE(1.425),#5833);
#5839=PROPERTY_DEFINITION_REPRESENTATION(#5864,#5849);
#5840=PROPERTY_DEFINITION_REPRESENTATION(#5865,#5850);
#5841=PROPERTY_DEFINITION_REPRESENTATION(#5866,#5851);
#5842=PROPERTY_DEFINITION_REPRESENTATION(#5867,#5852);
#5843=PROPERTY_DEFINITION_REPRESENTATION(#5868,#5853);
#5844=PROPERTY_DEFINITION_REPRESENTATION(#5869,#5854);
#5845=PROPERTY_DEFINITION_REPRESENTATION(#5870,#5855);
#5846=PROPERTY_DEFINITION_REPRESENTATION(#5871,#5856);
#5847=PROPERTY_DEFINITION_REPRESENTATION(#5872,#5857);
#5848=PROPERTY_DEFINITION_REPRESENTATION(#5873,#5858);
#5849=REPRESENTATION('material name',(#5859),#9620);
#5850=REPRESENTATION('density',(#5834),#9620);
#5851=REPRESENTATION('material name',(#5860),#9621);
#5852=REPRESENTATION('density',(#5835),#9621);
#5853=REPRESENTATION('material name',(#5861),#9622);
#5854=REPRESENTATION('density',(#5836),#9622);
#5855=REPRESENTATION('material name',(#5862),#9623);
#5856=REPRESENTATION('density',(#5837),#9623);
#5857=REPRESENTATION('material name',(#5863),#9624);
#5858=REPRESENTATION('density',(#5838),#9624);
#5859=DESCRIPTIVE_REPRESENTATION_ITEM('Generic','Generic');
#5860=DESCRIPTIVE_REPRESENTATION_ITEM('Generic','Generic');
#5861=DESCRIPTIVE_REPRESENTATION_ITEM('Glass','Glass');
#5862=DESCRIPTIVE_REPRESENTATION_ITEM('Generic','Generic');
#5863=DESCRIPTIVE_REPRESENTATION_ITEM('Acetal Resin, Black',
'Acetal Resin, Black');
#5864=PROPERTY_DEFINITION('material property','material name',#9656);
#5865=PROPERTY_DEFINITION('material property','density of part',#9656);
#5866=PROPERTY_DEFINITION('material property','material name',#9657);
#5867=PROPERTY_DEFINITION('material property','density of part',#9657);
#5868=PROPERTY_DEFINITION('material property','material name',#9658);
#5869=PROPERTY_DEFINITION('material property','density of part',#9658);
#5870=PROPERTY_DEFINITION('material property','material name',#9659);
#5871=PROPERTY_DEFINITION('material property','density of part',#9659);
#5872=PROPERTY_DEFINITION('material property','material name',#9660);
#5873=PROPERTY_DEFINITION('material property','density of part',#9660);
#5874=PRESENTATION_STYLE_ASSIGNMENT((#5878));
#5875=PRESENTATION_STYLE_ASSIGNMENT((#5879));
#5876=PRESENTATION_STYLE_ASSIGNMENT((#5880));
#5877=PRESENTATION_STYLE_ASSIGNMENT((#5881));
#5878=SURFACE_STYLE_USAGE(.BOTH.,#5888);
#5879=SURFACE_STYLE_USAGE(.BOTH.,#5889);
#5880=SURFACE_STYLE_USAGE(.BOTH.,#5890);
#5881=SURFACE_STYLE_USAGE(.BOTH.,#5891);
#5882=SURFACE_STYLE_RENDERING_WITH_PROPERTIES($,#5904,(#5885));
#5883=SURFACE_STYLE_RENDERING_WITH_PROPERTIES($,#5905,(#5886));
#5884=SURFACE_STYLE_RENDERING_WITH_PROPERTIES($,#5906,(#5887));
#5885=SURFACE_STYLE_TRANSPARENT(0.);
#5886=SURFACE_STYLE_TRANSPARENT(0.339999973773956);
#5887=SURFACE_STYLE_TRANSPARENT(0.);
#5888=SURFACE_SIDE_STYLE('',(#5892,#5882));
#5889=SURFACE_SIDE_STYLE('',(#5893,#5883));
#5890=SURFACE_SIDE_STYLE('',(#5894,#5884));
#5891=SURFACE_SIDE_STYLE('',(#5895));
#5892=SURFACE_STYLE_FILL_AREA(#5896);
#5893=SURFACE_STYLE_FILL_AREA(#5897);
#5894=SURFACE_STYLE_FILL_AREA(#5898);
#5895=SURFACE_STYLE_FILL_AREA(#5899);
#5896=FILL_AREA_STYLE('',(#5900));
#5897=FILL_AREA_STYLE('',(#5901));
#5898=FILL_AREA_STYLE('',(#5902));
#5899=FILL_AREA_STYLE('',(#5903));
#5900=FILL_AREA_STYLE_COLOUR('',#5904);
#5901=FILL_AREA_STYLE_COLOUR('',#5905);
#5902=FILL_AREA_STYLE_COLOUR('',#5906);
#5903=FILL_AREA_STYLE_COLOUR('',#5907);
#5904=COLOUR_RGB('',0.749019607843137,0.749019607843137,0.749019607843137);
#5905=COLOUR_RGB('',0.925490196078431,0.945098039215686,0.937254901960784);
#5906=COLOUR_RGB('',0.,0.501960784313725,1.);
#5907=COLOUR_RGB('',1.,1.,0.);
#5908=DATE_TIME_ROLE('creation_date');
#5909=DATE_TIME_ROLE('creation_date');
#5910=DATE_TIME_ROLE('creation_date');
#5911=DATE_TIME_ROLE('creation_date');
#5912=DATE_TIME_ROLE('creation_date');
#5913=DATE_TIME_ROLE('creation_date');
#5914=APPLIED_DATE_AND_TIME_ASSIGNMENT(#5920,#5908,(#9655));
#5915=APPLIED_DATE_AND_TIME_ASSIGNMENT(#5921,#5909,(#9656));
#5916=APPLIED_DATE_AND_TIME_ASSIGNMENT(#5922,#5910,(#9657));
#5917=APPLIED_DATE_AND_TIME_ASSIGNMENT(#5923,#5911,(#9658));
#5918=APPLIED_DATE_AND_TIME_ASSIGNMENT(#5924,#5912,(#9659));
#5919=APPLIED_DATE_AND_TIME_ASSIGNMENT(#5925,#5913,(#9660));
#5920=DATE_AND_TIME(#5926,#5932);
#5921=DATE_AND_TIME(#5927,#5933);
#5922=DATE_AND_TIME(#5928,#5934);
#5923=DATE_AND_TIME(#5929,#5935);
#5924=DATE_AND_TIME(#5930,#5936);
#5925=DATE_AND_TIME(#5931,#5937);
#5926=CALENDAR_DATE(2025,26,6);
#5927=CALENDAR_DATE(2025,22,6);
#5928=CALENDAR_DATE(2025,22,6);
#5929=CALENDAR_DATE(2025,28,3);
#5930=CALENDAR_DATE(2016,6,12);
#5931=CALENDAR_DATE(2025,20,2);
#5932=LOCAL_TIME(0,0,0.,#5938);
#5933=LOCAL_TIME(0,0,0.,#5939);
#5934=LOCAL_TIME(0,0,0.,#5940);
#5935=LOCAL_TIME(0,0,0.,#5941);
#5936=LOCAL_TIME(0,0,0.,#5942);
#5937=LOCAL_TIME(0,0,0.,#5943);
#5938=COORDINATED_UNIVERSAL_TIME_OFFSET(0,0,.BEHIND.);
#5939=COORDINATED_UNIVERSAL_TIME_OFFSET(0,0,.BEHIND.);
#5940=COORDINATED_UNIVERSAL_TIME_OFFSET(0,0,.BEHIND.);
#5941=COORDINATED_UNIVERSAL_TIME_OFFSET(0,0,.BEHIND.);
#5942=COORDINATED_UNIVERSAL_TIME_OFFSET(0,0,.BEHIND.);
#5943=COORDINATED_UNIVERSAL_TIME_OFFSET(0,0,.BEHIND.);
#5944=AXIS2_PLACEMENT_3D('',#7974,#6391,#6392);
#5945=AXIS2_PLACEMENT_3D('',#7975,#6393,#6394);
#5946=AXIS2_PLACEMENT_3D('',#7976,#6395,#6396);
#5947=AXIS2_PLACEMENT_3D('',#7985,#6401,#6402);
#5948=AXIS2_PLACEMENT_3D('',#7993,#6407,#6408);
#5949=AXIS2_PLACEMENT_3D('',#8002,#6413,#6414);
#5950=AXIS2_PLACEMENT_3D('',#8010,#6419,#6420);
#5951=AXIS2_PLACEMENT_3D('',#8019,#6425,#6426);
#5952=AXIS2_PLACEMENT_3D('',#8027,#6431,#6432);
#5953=AXIS2_PLACEMENT_3D('',#8036,#6437,#6438);
#5954=AXIS2_PLACEMENT_3D('',#8044,#6443,#6444);
#5955=AXIS2_PLACEMENT_3D('',#8050,#6448,#6449);
#5956=AXIS2_PLACEMENT_3D('',#8056,#6453,#6454);
#5957=AXIS2_PLACEMENT_3D('',#8062,#6458,#6459);
#5958=AXIS2_PLACEMENT_3D('',#8068,#6463,#6464);
#5959=AXIS2_PLACEMENT_3D('',#8074,#6468,#6469);
#5960=AXIS2_PLACEMENT_3D('',#8080,#6473,#6474);
#5961=AXIS2_PLACEMENT_3D('',#8082,#6475,#6476);
#5962=AXIS2_PLACEMENT_3D('',#8086,#6478,#6479);
#5963=AXIS2_PLACEMENT_3D('',#8087,#6480,#6481);
#5964=AXIS2_PLACEMENT_3D('',#8088,#6482,#6483);
#5965=AXIS2_PLACEMENT_3D('',#8091,#6485,#6486);
#5966=AXIS2_PLACEMENT_3D('',#8092,#6487,#6488);
#5967=AXIS2_PLACEMENT_3D('',#8105,#6495,#6496);
#5968=AXIS2_PLACEMENT_3D('',#8107,#6497,#6498);
#5969=AXIS2_PLACEMENT_3D('',#8111,#6500,#6501);
#5970=AXIS2_PLACEMENT_3D('',#8112,#6502,#6503);
#5971=AXIS2_PLACEMENT_3D('',#8113,#6504,#6505);
#5972=AXIS2_PLACEMENT_3D('',#8116,#6507,#6508);
#5973=AXIS2_PLACEMENT_3D('',#8117,#6509,#6510);
#5974=AXIS2_PLACEMENT_3D('',#8130,#6517,#6518);
#5975=AXIS2_PLACEMENT_3D('',#8132,#6519,#6520);
#5976=AXIS2_PLACEMENT_3D('',#8136,#6522,#6523);
#5977=AXIS2_PLACEMENT_3D('',#8137,#6524,#6525);
#5978=AXIS2_PLACEMENT_3D('',#8138,#6526,#6527);
#5979=AXIS2_PLACEMENT_3D('',#8147,#6532,#6533);
#5980=AXIS2_PLACEMENT_3D('',#8150,#6535,#6536);
#5981=AXIS2_PLACEMENT_3D('',#8151,#6537,#6538);
#5982=AXIS2_PLACEMENT_3D('',#8153,#6539,#6540);
#5983=AXIS2_PLACEMENT_3D('',#8156,#6542,#6543);
#5984=AXIS2_PLACEMENT_3D('',#8157,#6544,#6545);
#5985=AXIS2_PLACEMENT_3D('',#8160,#6546,#6547);
#5986=AXIS2_PLACEMENT_3D('',#8161,#6548,#6549);
#5987=AXIS2_PLACEMENT_3D('',#8163,#6551,#6552);
#5988=AXIS2_PLACEMENT_3D('',#8172,#6557,#6558);
#5989=AXIS2_PLACEMENT_3D('',#8174,#6559,#6560);
#5990=AXIS2_PLACEMENT_3D('',#8176,#6562,#6563);
#5991=AXIS2_PLACEMENT_3D('',#8185,#6568,#6569);
#5992=AXIS2_PLACEMENT_3D('',#8187,#6570,#6571);
#5993=AXIS2_PLACEMENT_3D('',#8191,#6573,#6574);
#5994=AXIS2_PLACEMENT_3D('',#8192,#6575,#6576);
#5995=AXIS2_PLACEMENT_3D('',#8193,#6577,#6578);
#5996=AXIS2_PLACEMENT_3D('',#8196,#6580,#6581);
#5997=AXIS2_PLACEMENT_3D('',#8197,#6582,#6583);
#5998=AXIS2_PLACEMENT_3D('',#8206,#6589,#6590);
#5999=AXIS2_PLACEMENT_3D('',#8208,#6591,#6592);
#6000=AXIS2_PLACEMENT_3D('',#8210,#6594,#6595);
#6001=AXIS2_PLACEMENT_3D('',#8219,#6600,#6601);
#6002=AXIS2_PLACEMENT_3D('',#8221,#6602,#6603);
#6003=AXIS2_PLACEMENT_3D('',#8225,#6605,#6606);
#6004=AXIS2_PLACEMENT_3D('',#8226,#6607,#6608);
#6005=AXIS2_PLACEMENT_3D('',#8227,#6609,#6610);
#6006=AXIS2_PLACEMENT_3D('',#8230,#6612,#6613);
#6007=AXIS2_PLACEMENT_3D('',#8231,#6614,#6615);
#6008=AXIS2_PLACEMENT_3D('',#8237,#6619,#6620);
#6009=AXIS2_PLACEMENT_3D('',#8239,#6621,#6622);
#6010=AXIS2_PLACEMENT_3D('',#8243,#6624,#6625);
#6011=AXIS2_PLACEMENT_3D('',#8244,#6626,#6627);
#6012=AXIS2_PLACEMENT_3D('',#8245,#6628,#6629);
#6013=AXIS2_PLACEMENT_3D('',#8248,#6631,#6632);
#6014=AXIS2_PLACEMENT_3D('',#8249,#6633,#6634);
#6015=AXIS2_PLACEMENT_3D('',#8256,#6639,#6640);
#6016=AXIS2_PLACEMENT_3D('',#8258,#6641,#6642);
#6017=AXIS2_PLACEMENT_3D('',#8262,#6644,#6645);
#6018=AXIS2_PLACEMENT_3D('',#8263,#6646,#6647);
#6019=AXIS2_PLACEMENT_3D('',#8264,#6648,#6649);
#6020=AXIS2_PLACEMENT_3D('',#8291,#6663,#6664);
#6021=AXIS2_PLACEMENT_3D('',#8341,#6691,#6692);
#6022=AXIS2_PLACEMENT_3D('',#8344,#6694,#6695);
#6023=AXIS2_PLACEMENT_3D('',#8345,#6696,#6697);
#6024=AXIS2_PLACEMENT_3D('',#8351,#6701,#6702);
#6025=AXIS2_PLACEMENT_3D('',#8355,#6705,#6706);
#6026=AXIS2_PLACEMENT_3D('',#8359,#6709,#6710);
#6027=AXIS2_PLACEMENT_3D('',#8365,#6714,#6715);
#6028=AXIS2_PLACEMENT_3D('',#8367,#6717,#6718);
#6029=AXIS2_PLACEMENT_3D('',#8369,#6720,#6721);
#6030=AXIS2_PLACEMENT_3D('',#8372,#6724,#6725);
#6031=AXIS2_PLACEMENT_3D('',#8374,#6727,#6728);
#6032=AXIS2_PLACEMENT_3D('',#8376,#6730,#6731);
#6033=AXIS2_PLACEMENT_3D('',#8382,#6735,#6736);
#6034=AXIS2_PLACEMENT_3D('',#8386,#6739,#6740);
#6035=AXIS2_PLACEMENT_3D('',#8390,#6743,#6744);
#6036=AXIS2_PLACEMENT_3D('',#8396,#6748,#6749);
#6037=AXIS2_PLACEMENT_3D('',#8398,#6751,#6752);
#6038=AXIS2_PLACEMENT_3D('',#8400,#6754,#6755);
#6039=AXIS2_PLACEMENT_3D('',#8403,#6758,#6759);
#6040=AXIS2_PLACEMENT_3D('',#8405,#6761,#6762);
#6041=AXIS2_PLACEMENT_3D('',#8407,#6764,#6765);
#6042=AXIS2_PLACEMENT_3D('',#8409,#6766,#6767);
#6043=AXIS2_PLACEMENT_3D('',#8412,#6769,#6770);
#6044=AXIS2_PLACEMENT_3D('',#8413,#6771,#6772);
#6045=AXIS2_PLACEMENT_3D('',#8416,#6773,#6774);
#6046=AXIS2_PLACEMENT_3D('',#8417,#6775,#6776);
#6047=AXIS2_PLACEMENT_3D('',#8419,#6778,#6779);
#6048=AXIS2_PLACEMENT_3D('',#8428,#6784,#6785);
#6049=AXIS2_PLACEMENT_3D('',#8430,#6786,#6787);
#6050=AXIS2_PLACEMENT_3D('',#8432,#6789,#6790);
#6051=AXIS2_PLACEMENT_3D('',#8441,#6795,#6796);
#6052=AXIS2_PLACEMENT_3D('',#8445,#6799,#6800);
#6053=AXIS2_PLACEMENT_3D('',#8449,#6803,#6804);
#6054=AXIS2_PLACEMENT_3D('',#8451,#6806,#6807);
#6055=AXIS2_PLACEMENT_3D('',#8453,#6809,#6810);
#6056=AXIS2_PLACEMENT_3D('',#8455,#6812,#6813);
#6057=AXIS2_PLACEMENT_3D('',#8456,#6814,#6815);
#6058=AXIS2_PLACEMENT_3D('',#8460,#6818,#6819);
#6059=AXIS2_PLACEMENT_3D('',#8464,#6822,#6823);
#6060=AXIS2_PLACEMENT_3D('',#8466,#6825,#6826);
#6061=AXIS2_PLACEMENT_3D('',#8468,#6828,#6829);
#6062=AXIS2_PLACEMENT_3D('',#8470,#6831,#6832);
#6063=AXIS2_PLACEMENT_3D('',#8471,#6833,#6834);
#6064=AXIS2_PLACEMENT_3D('',#8477,#6838,#6839);
#6065=AXIS2_PLACEMENT_3D('',#8485,#6844,#6845);
#6066=AXIS2_PLACEMENT_3D('',#8487,#6846,#6847);
#6067=AXIS2_PLACEMENT_3D('',#8493,#6849,#6850);
#6068=AXIS2_PLACEMENT_3D('',#8499,#6854,#6855);
#6069=AXIS2_PLACEMENT_3D('',#8501,#6857,#6858);
#6070=AXIS2_PLACEMENT_3D('',#8507,#6862,#6863);
#6071=AXIS2_PLACEMENT_3D('',#8511,#6866,#6867);
#6072=AXIS2_PLACEMENT_3D('',#8516,#6871,#6872);
#6073=AXIS2_PLACEMENT_3D('',#8522,#6876,#6877);
#6074=AXIS2_PLACEMENT_3D('',#8526,#6880,#6881);
#6075=AXIS2_PLACEMENT_3D('',#8531,#6885,#6886);
#6076=AXIS2_PLACEMENT_3D('',#8538,#6890,#6891);
#6077=AXIS2_PLACEMENT_3D('',#8542,#6894,#6895);
#6078=AXIS2_PLACEMENT_3D('',#8547,#6899,#6900);
#6079=AXIS2_PLACEMENT_3D('',#8551,#6903,#6904);
#6080=AXIS2_PLACEMENT_3D('',#8555,#6907,#6908);
#6081=AXIS2_PLACEMENT_3D('',#8560,#6912,#6913);
#6082=AXIS2_PLACEMENT_3D('',#8567,#6917,#6918);
#6083=AXIS2_PLACEMENT_3D('',#8575,#6923,#6924);
#6084=AXIS2_PLACEMENT_3D('',#8580,#6928,#6929);
#6085=AXIS2_PLACEMENT_3D('',#8586,#6933,#6934);
#6086=AXIS2_PLACEMENT_3D('',#8590,#6937,#6938);
#6087=AXIS2_PLACEMENT_3D('',#8593,#6941,#6942);
#6088=AXIS2_PLACEMENT_3D('',#8594,#6943,#6944);
#6089=AXIS2_PLACEMENT_3D('',#8600,#6948,#6949);
#6090=AXIS2_PLACEMENT_3D('',#8602,#6951,#6952);
#6091=AXIS2_PLACEMENT_3D('',#8605,#6955,#6956);
#6092=AXIS2_PLACEMENT_3D('',#8613,#6961,#6962);
#6093=AXIS2_PLACEMENT_3D('',#8619,#6966,#6967);
#6094=AXIS2_PLACEMENT_3D('',#8621,#6969,#6970);
#6095=AXIS2_PLACEMENT_3D('',#8628,#6974,#6975);
#6096=AXIS2_PLACEMENT_3D('',#8634,#6979,#6980);
#6097=AXIS2_PLACEMENT_3D('',#8640,#6984,#6985);
#6098=AXIS2_PLACEMENT_3D('',#8642,#6987,#6988);
#6099=AXIS2_PLACEMENT_3D('',#8647,#6992,#6993);
#6100=AXIS2_PLACEMENT_3D('',#8653,#6997,#6998);
#6101=AXIS2_PLACEMENT_3D('',#8655,#7000,#7001);
#6102=AXIS2_PLACEMENT_3D('',#8661,#7005,#7006);
#6103=AXIS2_PLACEMENT_3D('',#8668,#7010,#7011);
#6104=AXIS2_PLACEMENT_3D('',#8671,#7014,#7015);
#6105=AXIS2_PLACEMENT_3D('',#8674,#7018,#7019);
#6106=AXIS2_PLACEMENT_3D('',#8680,#7023,#7024);
#6107=AXIS2_PLACEMENT_3D('',#8683,#7027,#7028);
#6108=AXIS2_PLACEMENT_3D('',#8685,#7030,#7031);
#6109=AXIS2_PLACEMENT_3D('',#8691,#7035,#7036);
#6110=AXIS2_PLACEMENT_3D('',#8693,#7038,#7039);
#6111=AXIS2_PLACEMENT_3D('',#8696,#7042,#7043);
#6112=AXIS2_PLACEMENT_3D('',#8702,#7047,#7048);
#6113=AXIS2_PLACEMENT_3D('',#8705,#7051,#7052);
#6114=AXIS2_PLACEMENT_3D('',#8707,#7054,#7055);
#6115=AXIS2_PLACEMENT_3D('',#8712,#7059,#7060);
#6116=AXIS2_PLACEMENT_3D('',#8714,#7062,#7063);
#6117=AXIS2_PLACEMENT_3D('',#8715,#7064,#7065);
#6118=AXIS2_PLACEMENT_3D('',#8717,#7067,#7068);
#6119=AXIS2_PLACEMENT_3D('',#8718,#7069,#7070);
#6120=AXIS2_PLACEMENT_3D('',#8720,#7072,#7073);
#6121=AXIS2_PLACEMENT_3D('',#8723,#7076,#7077);
#6122=AXIS2_PLACEMENT_3D('',#8725,#7079,#7080);
#6123=AXIS2_PLACEMENT_3D('',#8728,#7083,#7084);
#6124=AXIS2_PLACEMENT_3D('',#8731,#7087,#7088);
#6125=AXIS2_PLACEMENT_3D('',#8733,#7090,#7091);
#6126=AXIS2_PLACEMENT_3D('',#8735,#7093,#7094);
#6127=AXIS2_PLACEMENT_3D('',#8736,#7095,#7096);
#6128=AXIS2_PLACEMENT_3D('',#8742,#7100,#7101);
#6129=AXIS2_PLACEMENT_3D('',#8745,#7104,#7105);
#6130=AXIS2_PLACEMENT_3D('',#8748,#7108,#7109);
#6131=AXIS2_PLACEMENT_3D('',#8750,#7111,#7112);
#6132=AXIS2_PLACEMENT_3D('',#8752,#7114,#7115);
#6133=AXIS2_PLACEMENT_3D('',#8755,#7118,#7119);
#6134=AXIS2_PLACEMENT_3D('',#8761,#7123,#7124);
#6135=AXIS2_PLACEMENT_3D('',#8762,#7125,#7126);
#6136=AXIS2_PLACEMENT_3D('',#8768,#7130,#7131);
#6137=AXIS2_PLACEMENT_3D('',#8770,#7132,#7133);
#6138=AXIS2_PLACEMENT_3D('',#8774,#7135,#7136);
#6139=AXIS2_PLACEMENT_3D('',#8779,#7137,#7138);
#6140=AXIS2_PLACEMENT_3D('',#8782,#7141,#7142);
#6141=AXIS2_PLACEMENT_3D('',#8786,#7145,#7146);
#6142=AXIS2_PLACEMENT_3D('',#8788,#7148,#7149);
#6143=AXIS2_PLACEMENT_3D('',#8790,#7151,#7152);
#6144=AXIS2_PLACEMENT_3D('',#8792,#7154,#7155);
#6145=AXIS2_PLACEMENT_3D('',#8794,#7156,#7157);
#6146=AXIS2_PLACEMENT_3D('',#8796,#7159,#7160);
#6147=AXIS2_PLACEMENT_3D('',#8800,#7163,#7164);
#6148=AXIS2_PLACEMENT_3D('',#8804,#7167,#7168);
#6149=AXIS2_PLACEMENT_3D('',#8808,#7171,#7172);
#6150=AXIS2_PLACEMENT_3D('',#8812,#7175,#7176);
#6151=AXIS2_PLACEMENT_3D('',#8814,#7178,#7179);
#6152=AXIS2_PLACEMENT_3D('',#8818,#7182,#7183);
#6153=AXIS2_PLACEMENT_3D('',#8822,#7186,#7187);
#6154=AXIS2_PLACEMENT_3D('',#8826,#7190,#7191);
#6155=AXIS2_PLACEMENT_3D('',#8830,#7194,#7195);
#6156=AXIS2_PLACEMENT_3D('',#8834,#7198,#7199);
#6157=AXIS2_PLACEMENT_3D('',#8835,#7200,#7201);
#6158=AXIS2_PLACEMENT_3D('',#8836,#7202,#7203);
#6159=AXIS2_PLACEMENT_3D('',#8837,#7204,#7205);
#6160=AXIS2_PLACEMENT_3D('',#8838,#7206,#7207);
#6161=AXIS2_PLACEMENT_3D('',#8839,#7208,#7209);
#6162=AXIS2_PLACEMENT_3D('',#8840,#7210,#7211);
#6163=AXIS2_PLACEMENT_3D('',#8841,#7212,#7213);
#6164=AXIS2_PLACEMENT_3D('',#8842,#7214,#7215);
#6165=AXIS2_PLACEMENT_3D('',#8851,#7220,#7221);
#6166=AXIS2_PLACEMENT_3D('',#8857,#7225,#7226);
#6167=AXIS2_PLACEMENT_3D('',#8863,#7230,#7231);
#6168=AXIS2_PLACEMENT_3D('',#8866,#7234,#7235);
#6169=AXIS2_PLACEMENT_3D('',#8867,#7236,#7237);
#6170=AXIS2_PLACEMENT_3D('',#8869,#7238,#7239);
#6171=AXIS2_PLACEMENT_3D('',#8872,#7241,#7242);
#6172=AXIS2_PLACEMENT_3D('',#8873,#7243,#7244);
#6173=AXIS2_PLACEMENT_3D('',#8874,#7245,#7246);
#6174=AXIS2_PLACEMENT_3D('',#8878,#7249,#7250);
#6175=AXIS2_PLACEMENT_3D('',#8882,#7253,#7254);
#6176=AXIS2_PLACEMENT_3D('',#8886,#7257,#7258);
#6177=AXIS2_PLACEMENT_3D('',#8890,#7261,#7262);
#6178=AXIS2_PLACEMENT_3D('',#8892,#7264,#7265);
#6179=AXIS2_PLACEMENT_3D('',#8893,#7266,#7267);
#6180=AXIS2_PLACEMENT_3D('',#8897,#7270,#7271);
#6181=AXIS2_PLACEMENT_3D('',#8901,#7274,#7275);
#6182=AXIS2_PLACEMENT_3D('',#8905,#7278,#7279);
#6183=AXIS2_PLACEMENT_3D('',#8909,#7282,#7283);
#6184=AXIS2_PLACEMENT_3D('',#8911,#7285,#7286);
#6185=AXIS2_PLACEMENT_3D('',#8912,#7287,#7288);
#6186=AXIS2_PLACEMENT_3D('',#8914,#7290,#7291);
#6187=AXIS2_PLACEMENT_3D('',#8916,#7293,#7294);
#6188=AXIS2_PLACEMENT_3D('',#8917,#7295,#7296);
#6189=AXIS2_PLACEMENT_3D('',#8919,#7298,#7299);
#6190=AXIS2_PLACEMENT_3D('',#8921,#7301,#7302);
#6191=AXIS2_PLACEMENT_3D('',#8922,#7303,#7304);
#6192=AXIS2_PLACEMENT_3D('',#8923,#7305,#7306);
#6193=AXIS2_PLACEMENT_3D('',#8924,#7307,#7308);
#6194=AXIS2_PLACEMENT_3D('',#8926,#7309,#7310);
#6195=AXIS2_PLACEMENT_3D('',#8929,#7312,#7313);
#6196=AXIS2_PLACEMENT_3D('',#8930,#7314,#7315);
#6197=AXIS2_PLACEMENT_3D('',#8940,#7320,#7321);
#6198=AXIS2_PLACEMENT_3D('',#8941,#7322,#7323);
#6199=AXIS2_PLACEMENT_3D('',#8944,#7324,#7325);
#6200=AXIS2_PLACEMENT_3D('',#8945,#7326,#7327);
#6201=AXIS2_PLACEMENT_3D('',#8947,#7329,#7330);
#6202=AXIS2_PLACEMENT_3D('',#8950,#7332,#7333);
#6203=AXIS2_PLACEMENT_3D('',#8951,#7334,#7335);
#6204=AXIS2_PLACEMENT_3D('',#8954,#7336,#7337);
#6205=AXIS2_PLACEMENT_3D('',#8955,#7338,#7339);
#6206=AXIS2_PLACEMENT_3D('',#8957,#7341,#7342);
#6207=AXIS2_PLACEMENT_3D('',#8959,#7343,#7344);
#6208=AXIS2_PLACEMENT_3D('',#8962,#7346,#7347);
#6209=AXIS2_PLACEMENT_3D('',#8963,#7348,#7349);
#6210=AXIS2_PLACEMENT_3D('',#8973,#7354,#7355);
#6211=AXIS2_PLACEMENT_3D('',#8974,#7356,#7357);
#6212=AXIS2_PLACEMENT_3D('',#8977,#7358,#7359);
#6213=AXIS2_PLACEMENT_3D('',#8978,#7360,#7361);
#6214=AXIS2_PLACEMENT_3D('',#8980,#7363,#7364);
#6215=AXIS2_PLACEMENT_3D('',#8983,#7366,#7367);
#6216=AXIS2_PLACEMENT_3D('',#8984,#7368,#7369);
#6217=AXIS2_PLACEMENT_3D('',#8987,#7370,#7371);
#6218=AXIS2_PLACEMENT_3D('',#8988,#7372,#7373);
#6219=AXIS2_PLACEMENT_3D('',#8990,#7375,#7376);
#6220=AXIS2_PLACEMENT_3D('',#8997,#7380,#7381);
#6221=AXIS2_PLACEMENT_3D('',#9006,#7386,#7387);
#6222=AXIS2_PLACEMENT_3D('',#9012,#7391,#7392);
#6223=AXIS2_PLACEMENT_3D('',#9018,#7396,#7397);
#6224=AXIS2_PLACEMENT_3D('',#9025,#7401,#7402);
#6225=AXIS2_PLACEMENT_3D('',#9028,#7405,#7406);
#6226=AXIS2_PLACEMENT_3D('',#9034,#7410,#7411);
#6227=AXIS2_PLACEMENT_3D('',#9040,#7415,#7416);
#6228=AXIS2_PLACEMENT_3D('',#9047,#7420,#7421);
#6229=AXIS2_PLACEMENT_3D('',#9050,#7424,#7425);
#6230=AXIS2_PLACEMENT_3D('',#9057,#7429,#7430);
#6231=AXIS2_PLACEMENT_3D('',#9063,#7434,#7435);
#6232=AXIS2_PLACEMENT_3D('',#9069,#7439,#7440);
#6233=AXIS2_PLACEMENT_3D('',#9076,#7444,#7445);
#6234=AXIS2_PLACEMENT_3D('',#9079,#7448,#7449);
#6235=AXIS2_PLACEMENT_3D('',#9082,#7452,#7453);
#6236=AXIS2_PLACEMENT_3D('',#9089,#7457,#7458);
#6237=AXIS2_PLACEMENT_3D('',#9092,#7461,#7462);
#6238=AXIS2_PLACEMENT_3D('',#9099,#7466,#7467);
#6239=AXIS2_PLACEMENT_3D('',#9105,#7471,#7472);
#6240=AXIS2_PLACEMENT_3D('',#9108,#7475,#7476);
#6241=AXIS2_PLACEMENT_3D('',#9115,#7480,#7481);
#6242=AXIS2_PLACEMENT_3D('',#9122,#7485,#7486);
#6243=AXIS2_PLACEMENT_3D('',#9125,#7489,#7490);
#6244=AXIS2_PLACEMENT_3D('',#9128,#7493,#7494);
#6245=AXIS2_PLACEMENT_3D('',#9135,#7498,#7499);
#6246=AXIS2_PLACEMENT_3D('',#9142,#7503,#7504);
#6247=AXIS2_PLACEMENT_3D('',#9149,#7508,#7509);
#6248=AXIS2_PLACEMENT_3D('',#9156,#7513,#7514);
#6249=AXIS2_PLACEMENT_3D('',#9159,#7517,#7518);
#6250=AXIS2_PLACEMENT_3D('',#9162,#7521,#7522);
#6251=AXIS2_PLACEMENT_3D('',#9169,#7526,#7527);
#6252=AXIS2_PLACEMENT_3D('',#9172,#7530,#7531);
#6253=AXIS2_PLACEMENT_3D('',#9175,#7534,#7535);
#6254=AXIS2_PLACEMENT_3D('',#9181,#7539,#7540);
#6255=AXIS2_PLACEMENT_3D('',#9187,#7544,#7545);
#6256=AXIS2_PLACEMENT_3D('',#9190,#7548,#7549);
#6257=AXIS2_PLACEMENT_3D('',#9193,#7552,#7553);
#6258=AXIS2_PLACEMENT_3D('',#9196,#7556,#7557);
#6259=AXIS2_PLACEMENT_3D('',#9199,#7560,#7561);
#6260=AXIS2_PLACEMENT_3D('',#9202,#7564,#7565);
#6261=AXIS2_PLACEMENT_3D('',#9205,#7568,#7569);
#6262=AXIS2_PLACEMENT_3D('',#9208,#7572,#7573);
#6263=AXIS2_PLACEMENT_3D('',#9211,#7576,#7577);
#6264=AXIS2_PLACEMENT_3D('',#9214,#7580,#7581);
#6265=AXIS2_PLACEMENT_3D('',#9217,#7584,#7585);
#6266=AXIS2_PLACEMENT_3D('',#9223,#7589,#7590);
#6267=AXIS2_PLACEMENT_3D('',#9229,#7594,#7595);
#6268=AXIS2_PLACEMENT_3D('',#9232,#7598,#7599);
#6269=AXIS2_PLACEMENT_3D('',#9235,#7602,#7603);
#6270=AXIS2_PLACEMENT_3D('',#9238,#7606,#7607);
#6271=AXIS2_PLACEMENT_3D('',#9240,#7609,#7610);
#6272=AXIS2_PLACEMENT_3D('',#9241,#7611,#7612);
#6273=AXIS2_PLACEMENT_3D('',#9243,#7614,#7615);
#6274=AXIS2_PLACEMENT_3D('',#9245,#7617,#7618);
#6275=AXIS2_PLACEMENT_3D('',#9247,#7620,#7621);
#6276=AXIS2_PLACEMENT_3D('',#9248,#7622,#7623);
#6277=AXIS2_PLACEMENT_3D('',#9249,#7624,#7625);
#6278=AXIS2_PLACEMENT_3D('',#9250,#7626,#7627);
#6279=AXIS2_PLACEMENT_3D('',#9252,#7628,#7629);
#6280=AXIS2_PLACEMENT_3D('',#9254,#7630,#7631);
#6281=AXIS2_PLACEMENT_3D('',#9256,#7632,#7633);
#6282=AXIS2_PLACEMENT_3D('',#9258,#7634,#7635);
#6283=AXIS2_PLACEMENT_3D('',#9259,#7636,#7637);
#6284=AXIS2_PLACEMENT_3D('',#9260,#7638,#7639);
#6285=AXIS2_PLACEMENT_3D('',#9264,#7641,#7642);
#6286=AXIS2_PLACEMENT_3D('',#9265,#7643,#7644);
#6287=AXIS2_PLACEMENT_3D('',#9266,#7645,#7646);
#6288=AXIS2_PLACEMENT_3D('',#9269,#7648,#7649);
#6289=AXIS2_PLACEMENT_3D('',#9270,#7650,#7651);
#6290=AXIS2_PLACEMENT_3D('',#9273,#7653,#7654);
#6291=AXIS2_PLACEMENT_3D('',#9274,#7655,#7656);
#6292=AXIS2_PLACEMENT_3D('',#9275,#7657,#7658);
#6293=AXIS2_PLACEMENT_3D('',#9279,#7660,#7661);
#6294=AXIS2_PLACEMENT_3D('',#9280,#7662,#7663);
#6295=AXIS2_PLACEMENT_3D('',#9281,#7664,#7665);
#6296=AXIS2_PLACEMENT_3D('',#9284,#7667,#7668);
#6297=AXIS2_PLACEMENT_3D('',#9285,#7669,#7670);
#6298=AXIS2_PLACEMENT_3D('',#9288,#7672,#7673);
#6299=AXIS2_PLACEMENT_3D('',#9289,#7674,#7675);
#6300=AXIS2_PLACEMENT_3D('',#9290,#7676,#7677);
#6301=AXIS2_PLACEMENT_3D('',#9293,#7679,#7680);
#6302=AXIS2_PLACEMENT_3D('',#9294,#7681,#7682);
#6303=AXIS2_PLACEMENT_3D('',#9296,#7683,#7684);
#6304=AXIS2_PLACEMENT_3D('',#9297,#7685,#7686);
#6305=AXIS2_PLACEMENT_3D('',#9301,#7688,#7689);
#6306=AXIS2_PLACEMENT_3D('',#9302,#7690,#7691);
#6307=AXIS2_PLACEMENT_3D('',#9303,#7692,#7693);
#6308=AXIS2_PLACEMENT_3D('',#9305,#7695,#7696);
#6309=AXIS2_PLACEMENT_3D('',#9308,#7698,#7699);
#6310=AXIS2_PLACEMENT_3D('',#9309,#7700,#7701);
#6311=AXIS2_PLACEMENT_3D('',#9311,#7702,#7703);
#6312=AXIS2_PLACEMENT_3D('',#9312,#7704,#7705);
#6313=AXIS2_PLACEMENT_3D('',#9316,#7707,#7708);
#6314=AXIS2_PLACEMENT_3D('',#9317,#7709,#7710);
#6315=AXIS2_PLACEMENT_3D('',#9318,#7711,#7712);
#6316=AXIS2_PLACEMENT_3D('',#9320,#7714,#7715);
#6317=AXIS2_PLACEMENT_3D('',#9322,#7717,#7718);
#6318=AXIS2_PLACEMENT_3D('',#9323,#7719,#7720);
#6319=AXIS2_PLACEMENT_3D('',#9325,#7722,#7723);
#6320=AXIS2_PLACEMENT_3D('',#9326,#7724,#7725);
#6321=AXIS2_PLACEMENT_3D('',#9327,#7726,#7727);
#6322=AXIS2_PLACEMENT_3D('',#9328,#7728,#7729);
#6323=AXIS2_PLACEMENT_3D('',#9329,#7730,#7731);
#6324=AXIS2_PLACEMENT_3D('',#9332,#7732,#7733);
#6325=AXIS2_PLACEMENT_3D('',#9333,#7734,#7735);
#6326=AXIS2_PLACEMENT_3D('',#9336,#7737,#7738);
#6327=AXIS2_PLACEMENT_3D('',#9337,#7739,#7740);
#6328=AXIS2_PLACEMENT_3D('',#9340,#7741,#7742);
#6329=AXIS2_PLACEMENT_3D('',#9341,#7743,#7744);
#6330=AXIS2_PLACEMENT_3D('',#9343,#7746,#7747);
#6331=AXIS2_PLACEMENT_3D('',#9344,#7748,#7749);
#6332=AXIS2_PLACEMENT_3D('',#9346,#7750,#7751);
#6333=AXIS2_PLACEMENT_3D('',#9348,#7753,#7754);
#6334=AXIS2_PLACEMENT_3D('',#9349,#7755,#7756);
#6335=AXIS2_PLACEMENT_3D('',#9350,#7757,#7758);
#6336=AXIS2_PLACEMENT_3D('',#9359,#7763,#7764);
#6337=AXIS2_PLACEMENT_3D('',#9368,#7769,#7770);
#6338=AXIS2_PLACEMENT_3D('',#9377,#7775,#7776);
#6339=AXIS2_PLACEMENT_3D('',#9384,#7780,#7781);
#6340=AXIS2_PLACEMENT_3D('',#9391,#7785,#7786);
#6341=AXIS2_PLACEMENT_3D('',#9394,#7789,#7790);
#6342=AXIS2_PLACEMENT_3D('',#9397,#7793,#7794);
#6343=AXIS2_PLACEMENT_3D('',#9400,#7797,#7798);
#6344=AXIS2_PLACEMENT_3D('',#9403,#7801,#7802);
#6345=AXIS2_PLACEMENT_3D('',#9405,#7804,#7805);
#6346=AXIS2_PLACEMENT_3D('',#9407,#7807,#7808);
#6347=AXIS2_PLACEMENT_3D('',#9409,#7810,#7811);
#6348=AXIS2_PLACEMENT_3D('',#9411,#7813,#7814);
#6349=AXIS2_PLACEMENT_3D('',#9413,#7816,#7817);
#6350=AXIS2_PLACEMENT_3D('',#9415,#7819,#7820);
#6351=AXIS2_PLACEMENT_3D('',#9417,#7822,#7823);
#6352=AXIS2_PLACEMENT_3D('',#9419,#7825,#7826);
#6353=AXIS2_PLACEMENT_3D('',#9421,#7828,#7829);
#6354=AXIS2_PLACEMENT_3D('',#9423,#7831,#7832);
#6355=AXIS2_PLACEMENT_3D('',#9424,#7833,#7834);
#6356=AXIS2_PLACEMENT_3D('',#9425,#7835,#7836);
#6357=AXIS2_PLACEMENT_3D('',#9434,#7841,#7842);
#6358=AXIS2_PLACEMENT_3D('',#9440,#7846,#7847);
#6359=AXIS2_PLACEMENT_3D('',#9446,#7851,#7852);
#6360=AXIS2_PLACEMENT_3D('',#9449,#7855,#7856);
#6361=AXIS2_PLACEMENT_3D('',#9451,#7857,#7858);
#6362=AXIS2_PLACEMENT_3D('',#9452,#7859,#7860);
#6363=AXIS2_PLACEMENT_3D('',#9461,#7865,#7866);
#6364=AXIS2_PLACEMENT_3D('',#9467,#7870,#7871);
#6365=AXIS2_PLACEMENT_3D('',#9473,#7875,#7876);
#6366=AXIS2_PLACEMENT_3D('',#9476,#7879,#7880);
#6367=AXIS2_PLACEMENT_3D('',#9478,#7881,#7882);
#6368=AXIS2_PLACEMENT_3D('',#9479,#7883,#7884);
#6369=AXIS2_PLACEMENT_3D('',#9481,#7886,#7887);
#6370=AXIS2_PLACEMENT_3D('',#9490,#7892,#7893);
#6371=AXIS2_PLACEMENT_3D('',#9496,#7897,#7898);
#6372=AXIS2_PLACEMENT_3D('',#9502,#7902,#7903);
#6373=AXIS2_PLACEMENT_3D('',#9527,#7908,#7909);
#6374=AXIS2_PLACEMENT_3D('',#9533,#7913,#7914);
#6375=AXIS2_PLACEMENT_3D('',#9539,#7918,#7919);
#6376=AXIS2_PLACEMENT_3D('',#9545,#7923,#7924);
#6377=AXIS2_PLACEMENT_3D('',#9551,#7928,#7929);
#6378=AXIS2_PLACEMENT_3D('',#9557,#7933,#7934);
#6379=AXIS2_PLACEMENT_3D('',#9563,#7938,#7939);
#6380=AXIS2_PLACEMENT_3D('',#9588,#7944,#7945);
#6381=AXIS2_PLACEMENT_3D('',#9594,#7949,#7950);
#6382=AXIS2_PLACEMENT_3D('',#9600,#7954,#7955);
#6383=AXIS2_PLACEMENT_3D('',#9603,#7958,#7959);
#6384=AXIS2_PLACEMENT_3D('',#9604,#7960,#7961);
#6385=AXIS2_PLACEMENT_3D('',#9606,#7962,#7963);
#6386=AXIS2_PLACEMENT_3D('',#9607,#7964,#7965);
#6387=AXIS2_PLACEMENT_3D('',#9608,#7966,#7967);
#6388=AXIS2_PLACEMENT_3D('',#9609,#7968,#7969);
#6389=AXIS2_PLACEMENT_3D('',#9610,#7970,#7971);
#6390=AXIS2_PLACEMENT_3D('',#9611,#7972,#7973);
#6391=DIRECTION('axis',(0.,0.,1.));
#6392=DIRECTION('refdir',(1.,0.,0.));
#6393=DIRECTION('axis',(0.,0.,1.));
#6394=DIRECTION('refdir',(1.,0.,0.));
#6395=DIRECTION('center_axis',(-0.526354012893035,0.429766251884744,0.733656882917579));
#6396=DIRECTION('ref_axis',(0.812519920068744,0.,0.582933426294532));
#6397=DIRECTION('',(-0.789821812460688,-0.566648920140856,-0.234713667826388));
#6398=DIRECTION('',(-0.377964473009227,0.654653670707978,-0.654653670707976));
#6399=DIRECTION('',(0.632455532033669,0.774596669241489,-7.66000029507636E-17));
#6400=DIRECTION('',(0.377964473009227,-0.654653670707978,0.654653670707976));
#6401=DIRECTION('center_axis',(8.5641406837297E-17,0.707106781186546,0.707106781186549));
#6402=DIRECTION('ref_axis',(1.,0.,-1.21115239050017E-16));
#6403=DIRECTION('',(0.377964473009199,0.654653670707986,-0.654653670707984));
#6404=DIRECTION('',(1.,0.,-1.21115239050017E-16));
#6405=DIRECTION('',(-0.840265387573926,0.383375845904017,-0.383375845904016));
#6406=DIRECTION('',(-1.,0.,1.21115239050017E-16));
#6407=DIRECTION('center_axis',(0.526354012893042,0.429766251884738,0.733656882917577));
#6408=DIRECTION('ref_axis',(0.812519920068739,0.,-0.582933426294539));
#6409=DIRECTION('',(-0.789821812460706,0.566648920140808,0.234713667826442));
#6410=DIRECTION('',(0.377964473009228,0.654653670707977,-0.654653670707977));
#6411=DIRECTION('',(0.632455532033659,-0.774596669241497,-7.66000029507624E-17));
#6412=DIRECTION('',(-0.377964473009228,-0.654653670707977,0.654653670707977));
#6413=DIRECTION('center_axis',(-0.866025403784438,0.,-0.500000000000001));
#6414=DIRECTION('ref_axis',(0.500000000000001,0.,-0.866025403784438));
#6415=DIRECTION('',(0.500000000000001,0.,-0.866025403784438));
#6416=DIRECTION('',(0.,-1.,0.));
#6417=DIRECTION('',(0.500000000000001,0.,-0.866025403784438));
#6418=DIRECTION('',(0.,-1.,0.));
#6419=DIRECTION('center_axis',(0.526354012893019,0.429766251884758,-0.733656882917582));
#6420=DIRECTION('ref_axis',(-0.812519920068753,0.,-0.582933426294519));
#6421=DIRECTION('',(0.789821812460702,-0.56664892014084,0.234713667826378));
#6422=DIRECTION('',(0.377964473009222,0.654653670707981,0.654653670707976));
#6423=DIRECTION('',(-0.632455532033693,0.774596669241469,0.));
#6424=DIRECTION('',(-0.377964473009222,-0.654653670707981,-0.654653670707976));
#6425=DIRECTION('center_axis',(0.,0.707106781186545,-0.70710678118655));
#6426=DIRECTION('ref_axis',(-1.,0.,0.));
#6427=DIRECTION('',(-0.377964473009244,0.654653670707975,0.65465367070797));
#6428=DIRECTION('',(-1.,0.,0.));
#6429=DIRECTION('',(0.,0.70710678118655,0.707106781186545));
#6430=DIRECTION('',(1.,0.,0.));
#6431=DIRECTION('center_axis',(-0.526354012893016,0.429766251884757,-0.733656882917585));
#6432=DIRECTION('ref_axis',(-0.812519920068755,0.,0.582933426294515));
#6433=DIRECTION('',(0.789821812460704,0.566648920140838,-0.234713667826377));
#6434=DIRECTION('',(-0.377964473009228,0.654653670707979,0.654653670707975));
#6435=DIRECTION('',(-0.632455532033695,-0.774596669241468,0.));
#6436=DIRECTION('',(0.377964473009228,-0.654653670707979,-0.654653670707975));
#6437=DIRECTION('center_axis',(0.866025403784438,0.,0.500000000000002));
#6438=DIRECTION('ref_axis',(-0.500000000000002,0.,0.866025403784437));
#6439=DIRECTION('',(-0.500000000000002,0.,0.866025403784437));
#6440=DIRECTION('',(0.,-1.,0.));
#6441=DIRECTION('',(-0.500000000000002,0.,0.866025403784437));
#6442=DIRECTION('',(0.,-1.,0.));
#6443=DIRECTION('center_axis',(-0.612372435695808,0.707106781186532,0.353553390593282));
#6444=DIRECTION('ref_axis',(0.500000000000001,0.,0.866025403784438));
#6445=DIRECTION('',(0.500000000000001,0.,0.866025403784438));
#6446=DIRECTION('',(-0.75592894601845,-0.654653670707982,-4.14589362100052E-14));
#6447=DIRECTION('',(-0.500000000000001,0.,-0.866025403784438));
#6448=DIRECTION('center_axis',(0.866025403784438,0.,-0.500000000000001));
#6449=DIRECTION('ref_axis',(0.500000000000001,0.,0.866025403784438));
#6450=DIRECTION('',(0.,-1.,0.));
#6451=DIRECTION('',(0.500000000000001,0.,0.866025403784438));
#6452=DIRECTION('',(0.,-1.,0.));
#6453=DIRECTION('center_axis',(0.612372435695789,0.707106781186554,0.353553390593272));
#6454=DIRECTION('ref_axis',(0.500000000000001,0.,-0.866025403784438));
#6455=DIRECTION('',(-0.75592894601847,0.654653670707959,4.03679115729011E-14));
#6456=DIRECTION('',(0.377964473009238,-0.654653670707974,0.654653670707974));
#6457=DIRECTION('',(-0.500000000000001,0.,0.866025403784438));
#6458=DIRECTION('center_axis',(-0.612372435695788,0.707106781186554,-0.353553390593272));
#6459=DIRECTION('ref_axis',(-0.500000000000002,0.,0.866025403784437));
#6460=DIRECTION('',(0.755928946018461,0.65465367070797,-7.5532474876529E-16));
#6461=DIRECTION('',(-0.377964473009241,-0.654653670707976,-0.654653670707971));
#6462=DIRECTION('',(0.500000000000002,0.,-0.866025403784437));
#6463=DIRECTION('center_axis',(0.612372435695791,0.707106781186554,-0.353553390593268));
#6464=DIRECTION('ref_axis',(-0.499999999999995,0.,-0.866025403784441));
#6465=DIRECTION('',(-0.499999999999995,0.,-0.866025403784441));
#6466=DIRECTION('',(0.755928946018462,-0.654653670707968,1.24208958685847E-14));
#6467=DIRECTION('',(0.499999999999995,0.,0.866025403784441));
#6468=DIRECTION('center_axis',(-0.866025403784441,0.,0.499999999999996));
#6469=DIRECTION('ref_axis',(-0.499999999999995,0.,-0.866025403784441));
#6470=DIRECTION('',(0.,-1.,0.));
#6471=DIRECTION('',(-0.499999999999995,0.,-0.866025403784441));
#6472=DIRECTION('',(0.,-1.,0.));
#6473=DIRECTION('center_axis',(0.,1.,0.));
#6474=DIRECTION('ref_axis',(-1.,0.,0.));
#6475=DIRECTION('center_axis',(0.,1.,0.));
#6476=DIRECTION('ref_axis',(-1.,0.,0.));
#6477=DIRECTION('',(-0.707106781186548,-0.707106781186547,8.65956056235494E-17));
#6478=DIRECTION('center_axis',(0.,-1.,0.));
#6479=DIRECTION('ref_axis',(-1.,0.,0.));
#6480=DIRECTION('center_axis',(0.,-1.,0.));
#6481=DIRECTION('ref_axis',(-1.,0.,0.));
#6482=DIRECTION('center_axis',(0.,-1.,0.));
#6483=DIRECTION('ref_axis',(1.,0.,0.));
#6484=DIRECTION('',(0.,-1.,0.));
#6485=DIRECTION('center_axis',(0.,1.,0.));
#6486=DIRECTION('ref_axis',(1.,0.,0.));
#6487=DIRECTION('center_axis',(0.,-1.,0.));
#6488=DIRECTION('ref_axis',(0.,0.,-1.));
#6489=DIRECTION('',(1.,0.,-5.34156301773212E-16));
#6490=DIRECTION('',(0.5,0.,-0.866025403784439));
#6491=DIRECTION('',(-0.5,0.,-0.866025403784438));
#6492=DIRECTION('',(-1.,0.,5.34156301773212E-16));
#6493=DIRECTION('',(-0.499999999999999,0.,0.866025403784439));
#6494=DIRECTION('',(0.5,0.,0.866025403784438));
#6495=DIRECTION('center_axis',(0.,1.,0.));
#6496=DIRECTION('ref_axis',(-1.,0.,0.));
#6497=DIRECTION('center_axis',(0.,1.,0.));
#6498=DIRECTION('ref_axis',(-1.,0.,0.));
#6499=DIRECTION('',(-0.707106781186548,-0.707106781186547,8.65956056235494E-17));
#6500=DIRECTION('center_axis',(0.,-1.,0.));
#6501=DIRECTION('ref_axis',(-1.,0.,0.));
#6502=DIRECTION('center_axis',(0.,-1.,0.));
#6503=DIRECTION('ref_axis',(-1.,0.,0.));
#6504=DIRECTION('center_axis',(0.,-1.,0.));
#6505=DIRECTION('ref_axis',(1.,0.,0.));
#6506=DIRECTION('',(0.,-1.,0.));
#6507=DIRECTION('center_axis',(0.,1.,0.));
#6508=DIRECTION('ref_axis',(1.,0.,0.));
#6509=DIRECTION('center_axis',(0.,-1.,0.));
#6510=DIRECTION('ref_axis',(0.,0.,-1.));
#6511=DIRECTION('',(1.,0.,1.06831260354642E-15));
#6512=DIRECTION('',(0.5,0.,-0.866025403784439));
#6513=DIRECTION('',(-0.499999999999999,0.,-0.866025403784439));
#6514=DIRECTION('',(-1.,0.,-1.06831260354643E-15));
#6515=DIRECTION('',(-0.500000000000001,0.,0.866025403784438));
#6516=DIRECTION('',(0.499999999999999,0.,0.866025403784439));
#6517=DIRECTION('center_axis',(1.,0.,0.));
#6518=DIRECTION('ref_axis',(0.,0.,1.));
#6519=DIRECTION('center_axis',(1.,0.,0.));
#6520=DIRECTION('ref_axis',(0.,0.,1.));
#6521=DIRECTION('',(-0.70710678118655,-8.6595605623549E-17,0.707106781186545));
#6522=DIRECTION('center_axis',(-1.,0.,0.));
#6523=DIRECTION('ref_axis',(0.,0.,1.));
#6524=DIRECTION('center_axis',(-1.,0.,0.));
#6525=DIRECTION('ref_axis',(0.,0.,1.));
#6526=DIRECTION('center_axis',(-1.,0.,0.));
#6527=DIRECTION('ref_axis',(0.,0.,-1.));
#6528=DIRECTION('',(0.,0.,-1.));
#6529=DIRECTION('',(0.,-1.,0.));
#6530=DIRECTION('',(0.,0.,-1.));
#6531=DIRECTION('',(0.,-1.,0.));
#6532=DIRECTION('center_axis',(-1.,0.,0.));
#6533=DIRECTION('ref_axis',(0.,0.,-1.));
#6534=DIRECTION('',(-1.,0.,0.));
#6535=DIRECTION('center_axis',(1.,0.,0.));
#6536=DIRECTION('ref_axis',(0.,0.,-1.));
#6537=DIRECTION('center_axis',(0.984807753012208,0.173648177666931,0.));
#6538=DIRECTION('ref_axis',(0.,0.,1.));
#6539=DIRECTION('center_axis',(-0.984807753012208,-0.17364817766693,0.));
#6540=DIRECTION('ref_axis',(0.,0.,1.));
#6541=DIRECTION('',(0.696364240320038,0.122787803968977,-0.707106781186528));
#6542=DIRECTION('center_axis',(0.984807753012208,0.17364817766693,0.));
#6543=DIRECTION('ref_axis',(0.,0.,1.));
#6544=DIRECTION('center_axis',(0.984807753012208,0.17364817766693,0.));
#6545=DIRECTION('ref_axis',(0.,0.,1.));
#6546=DIRECTION('center_axis',(0.984807753012208,0.17364817766693,0.));
#6547=DIRECTION('ref_axis',(0.,0.,-1.));
#6548=DIRECTION('center_axis',(0.984807753012208,0.17364817766693,0.));
#6549=DIRECTION('ref_axis',(0.,0.,-1.));
#6550=DIRECTION('',(0.984807753012208,0.17364817766693,0.));
#6551=DIRECTION('center_axis',(-0.984807753012208,-0.17364817766693,0.));
#6552=DIRECTION('ref_axis',(-0.17364817766693,0.984807753012208,2.10314405487301E-17));
#6553=DIRECTION('',(0.,0.,1.));
#6554=DIRECTION('',(0.17364817766693,-0.984807753012208,0.));
#6555=DIRECTION('',(0.,0.,-1.));
#6556=DIRECTION('',(-0.17364817766693,0.984807753012208,2.10314405487301E-17));
#6557=DIRECTION('center_axis',(-0.984807753012209,-0.173648177666927,0.));
#6558=DIRECTION('ref_axis',(0.,0.,-1.));
#6559=DIRECTION('center_axis',(-0.984807753012208,-0.17364817766693,0.));
#6560=DIRECTION('ref_axis',(0.,0.,-1.));
#6561=DIRECTION('',(0.696364240320017,0.12278780396897,-0.70710678118655));
#6562=DIRECTION('center_axis',(0.984807753012208,0.17364817766693,0.));
#6563=DIRECTION('ref_axis',(0.,0.,1.));
#6564=DIRECTION('',(0.,0.,1.));
#6565=DIRECTION('',(0.17364817766693,-0.984807753012208,0.));
#6566=DIRECTION('',(0.,0.,1.));
#6567=DIRECTION('',(0.17364817766693,-0.984807753012208,0.));
#6568=DIRECTION('center_axis',(0.,0.,1.));
#6569=DIRECTION('ref_axis',(-1.,0.,6.54676967837929E-17));
#6570=DIRECTION('center_axis',(1.21115239050017E-16,0.,1.));
#6571=DIRECTION('ref_axis',(-1.,0.,1.21115239050017E-16));
#6572=DIRECTION('',(-0.707106781186542,-8.65956056235487E-17,-0.707106781186553));
#6573=DIRECTION('center_axis',(-1.21115239050017E-16,0.,-1.));
#6574=DIRECTION('ref_axis',(-1.,0.,0.));
#6575=DIRECTION('center_axis',(-1.21115239050017E-16,0.,-1.));
#6576=DIRECTION('ref_axis',(-1.,0.,0.));
#6577=DIRECTION('center_axis',(0.,0.,-1.));
#6578=DIRECTION('ref_axis',(1.,0.,0.));
#6579=DIRECTION('',(0.,0.,-1.));
#6580=DIRECTION('center_axis',(0.,0.,1.));
#6581=DIRECTION('ref_axis',(1.,0.,0.));
#6582=DIRECTION('center_axis',(1.21115239050017E-16,0.,1.));
#6583=DIRECTION('ref_axis',(1.,0.,-1.21115239050017E-16));
#6584=DIRECTION('',(1.,0.,0.));
#6585=DIRECTION('',(0.17364817766693,-0.984807753012208,-2.10314405487301E-17));
#6586=DIRECTION('',(0.984807753012208,0.17364817766693,-1.19275226424384E-16));
#6587=DIRECTION('',(0.,1.,0.));
#6588=DIRECTION('',(-1.,0.,1.21115239050017E-16));
#6589=DIRECTION('center_axis',(0.,0.,-1.));
#6590=DIRECTION('ref_axis',(1.,0.,0.));
#6591=DIRECTION('center_axis',(0.,0.,-1.));
#6592=DIRECTION('ref_axis',(1.,0.,0.));
#6593=DIRECTION('',(0.70710678118654,-8.65956056235484E-17,0.707106781186555));
#6594=DIRECTION('center_axis',(0.,0.,1.));
#6595=DIRECTION('ref_axis',(-0.984807753012208,-0.17364817766693,0.));
#6596=DIRECTION('',(0.,-1.,0.));
#6597=DIRECTION('',(-0.984807753012208,-0.17364817766693,0.));
#6598=DIRECTION('',(0.17364817766693,-0.984807753012208,0.));
#6599=DIRECTION('',(-0.984807753012208,-0.17364817766693,0.));
#6600=DIRECTION('center_axis',(0.,1.,0.));
#6601=DIRECTION('ref_axis',(-1.,0.,0.));
#6602=DIRECTION('center_axis',(0.,1.,0.));
#6603=DIRECTION('ref_axis',(-1.,0.,0.));
#6604=DIRECTION('',(-0.70710678118654,-0.707106781186555,8.65956056235484E-17));
#6605=DIRECTION('center_axis',(0.,-1.,0.));
#6606=DIRECTION('ref_axis',(-1.,0.,0.));
#6607=DIRECTION('center_axis',(0.,-1.,0.));
#6608=DIRECTION('ref_axis',(-1.,0.,0.));
#6609=DIRECTION('center_axis',(0.,-1.,0.));
#6610=DIRECTION('ref_axis',(1.,0.,0.));
#6611=DIRECTION('',(0.,-1.,0.));
#6612=DIRECTION('center_axis',(0.,1.,0.));
#6613=DIRECTION('ref_axis',(1.,0.,0.));
#6614=DIRECTION('center_axis',(0.,-1.,0.));
#6615=DIRECTION('ref_axis',(0.,0.,-1.));
#6616=DIRECTION('',(-0.499999999999998,0.,-0.86602540378444));
#6617=DIRECTION('',(-1.,0.,-6.67695377216512E-17));
#6618=DIRECTION('',(-0.500000000000001,0.,0.866025403784438));
#6619=DIRECTION('center_axis',(0.,1.,0.));
#6620=DIRECTION('ref_axis',(-1.,0.,0.));
#6621=DIRECTION('center_axis',(0.,1.,0.));
#6622=DIRECTION('ref_axis',(-1.,0.,0.));
#6623=DIRECTION('',(-0.70710678118654,-0.707106781186555,8.65956056235484E-17));
#6624=DIRECTION('center_axis',(0.,-1.,0.));
#6625=DIRECTION('ref_axis',(-1.,0.,0.));
#6626=DIRECTION('center_axis',(0.,-1.,0.));
#6627=DIRECTION('ref_axis',(-1.,0.,0.));
#6628=DIRECTION('center_axis',(0.,-1.,0.));
#6629=DIRECTION('ref_axis',(1.,0.,0.));
#6630=DIRECTION('',(0.,-1.,0.));
#6631=DIRECTION('center_axis',(0.,1.,0.));
#6632=DIRECTION('ref_axis',(1.,0.,0.));
#6633=DIRECTION('center_axis',(0.,-1.,0.));
#6634=DIRECTION('ref_axis',(0.,0.,-1.));
#6635=DIRECTION('',(1.,0.,8.5465008283715E-15));
#6636=DIRECTION('',(0.500000000000013,0.,-0.866025403784431));
#6637=DIRECTION('',(-1.,0.,-5.34156301773212E-15));
#6638=DIRECTION('',(0.499999999999998,0.,0.86602540378444));
#6639=DIRECTION('center_axis',(0.,1.,0.));
#6640=DIRECTION('ref_axis',(-1.,0.,0.));
#6641=DIRECTION('center_axis',(0.,1.,0.));
#6642=DIRECTION('ref_axis',(-1.,0.,0.));
#6643=DIRECTION('',(-0.70710678118655,-0.707106781186545,8.65956056235496E-17));
#6644=DIRECTION('center_axis',(0.,-1.,0.));
#6645=DIRECTION('ref_axis',(-1.,0.,0.));
#6646=DIRECTION('center_axis',(0.,-1.,0.));
#6647=DIRECTION('ref_axis',(-1.,0.,0.));
#6648=DIRECTION('center_axis',(0.,1.,0.));
#6649=DIRECTION('ref_axis',(0.,0.,1.));
#6650=DIRECTION('',(0.500000000000001,0.,-0.866025403784438));
#6651=DIRECTION('',(1.,0.,6.67695377216512E-17));
#6652=DIRECTION('',(0.499999999999998,0.,0.86602540378444));
#6653=DIRECTION('',(1.,0.,-1.21115239050017E-16));
#6654=DIRECTION('',(0.,0.,-1.));
#6655=DIRECTION('',(-1.,0.,1.96653359563643E-31));
#6656=DIRECTION('',(1.32960841272474E-16,0.,1.));
#6657=DIRECTION('',(1.,0.,-1.76756271995093E-16));
#6658=DIRECTION('',(0.,0.,-1.));
#6659=DIRECTION('',(1.,0.,-5.67196049545175E-16));
#6660=DIRECTION('',(0.,0.,1.));
#6661=DIRECTION('',(1.,0.,3.48362721984703E-16));
#6662=DIRECTION('',(0.,0.,1.));
#6663=DIRECTION('center_axis',(0.,-1.,0.));
#6664=DIRECTION('ref_axis',(0.129933424532606,0.,0.991522720460419));
#6665=DIRECTION('',(0.,0.,1.));
#6666=DIRECTION('',(-1.,0.,0.));
#6667=DIRECTION('',(0.,0.,1.));
#6668=DIRECTION('',(-1.,0.,0.));
#6669=DIRECTION('',(0.,0.,-1.));
#6670=DIRECTION('',(-1.,0.,0.));
#6671=DIRECTION('',(1.32960841272474E-16,0.,1.));
#6672=DIRECTION('',(1.,0.,3.16302856018563E-17));
#6673=DIRECTION('',(0.,0.,-1.));
#6674=DIRECTION('',(-0.500000000000013,0.,0.866025403784431));
#6675=DIRECTION('',(-1.,0.,-8.5465008283715E-15));
#6676=DIRECTION('',(-0.499999999999998,0.,-0.86602540378444));
#6677=DIRECTION('',(-1.,0.,0.));
#6678=DIRECTION('',(0.,0.,-1.));
#6679=DIRECTION('',(-0.5,0.,0.866025403784439));
#6680=DIRECTION('',(-1.,0.,5.34156301773212E-16));
#6681=DIRECTION('',(-0.5,0.,-0.866025403784438));
#6682=DIRECTION('',(0.499999999999999,0.,-0.866025403784439));
#6683=DIRECTION('',(1.,0.,-5.34156301773212E-16));
#6684=DIRECTION('',(0.5,0.,0.866025403784438));
#6685=DIRECTION('',(-0.5,0.,0.866025403784439));
#6686=DIRECTION('',(-1.,0.,-1.06831260354642E-15));
#6687=DIRECTION('',(-0.499999999999999,0.,-0.866025403784439));
#6688=DIRECTION('',(0.500000000000001,0.,-0.866025403784438));
#6689=DIRECTION('',(1.,0.,1.06831260354643E-15));
#6690=DIRECTION('',(0.499999999999999,0.,0.866025403784439));
#6691=DIRECTION('center_axis',(0.,-1.,0.));
#6692=DIRECTION('ref_axis',(1.,0.,0.));
#6693=DIRECTION('',(0.,-1.,0.));
#6694=DIRECTION('center_axis',(0.,-1.,0.));
#6695=DIRECTION('ref_axis',(1.,0.,0.));
#6696=DIRECTION('center_axis',(-3.77705543197366E-16,0.707106781186547,
-0.707106781186548));
#6697=DIRECTION('ref_axis',(-1.,0.,5.34156301773212E-16));
#6698=DIRECTION('',(-0.377964473009232,-0.654653670707976,-0.654653670707976));
#6699=DIRECTION('',(-1.,0.,5.34156301773212E-16));
#6700=DIRECTION('',(0.377964473009216,-0.65465367070798,-0.65465367070798));
#6701=DIRECTION('center_axis',(-0.612372435695794,0.707106781186549,-0.353553390593273));
#6702=DIRECTION('ref_axis',(-0.499999999999999,0.,0.866025403784439));
#6703=DIRECTION('',(-0.755928946018464,-0.654653670707966,1.33248789368816E-14));
#6704=DIRECTION('',(-0.499999999999999,0.,0.866025403784439));
#6705=DIRECTION('center_axis',(-0.612372435695783,0.707106781186561,0.353553390593267));
#6706=DIRECTION('ref_axis',(0.5,0.,0.866025403784438));
#6707=DIRECTION('',(-0.377964473009257,-0.654653670707967,0.65465367070797));
#6708=DIRECTION('',(0.5,0.,0.866025403784438));
#6709=DIRECTION('center_axis',(0.612372435695791,0.707106781186552,0.353553390593272));
#6710=DIRECTION('ref_axis',(0.5,0.,-0.866025403784439));
#6711=DIRECTION('',(0.5,0.,-0.866025403784439));
#6712=DIRECTION('',(-0.377964473009234,0.654653670707974,-0.654653670707976));
#6713=DIRECTION('',(0.755928946018454,-0.654653670707978,1.57475841981331E-14));
#6714=DIRECTION('center_axis',(3.77705543197365E-16,0.707106781186549,0.707106781186546));
#6715=DIRECTION('ref_axis',(1.,0.,-5.34156301773212E-16));
#6716=DIRECTION('',(1.,0.,-5.34156301773212E-16));
#6717=DIRECTION('center_axis',(0.612372435695799,0.707106781186542,-0.353553390593277));
#6718=DIRECTION('ref_axis',(-0.5,0.,-0.866025403784438));
#6719=DIRECTION('',(-0.5,0.,-0.866025403784438));
#6720=DIRECTION('center_axis',(0.866025403784438,0.,-0.5));
#6721=DIRECTION('ref_axis',(0.5,0.,0.866025403784438));
#6722=DIRECTION('',(0.,-1.,0.));
#6723=DIRECTION('',(0.,-1.,0.));
#6724=DIRECTION('center_axis',(-5.34156301773212E-16,0.,-1.));
#6725=DIRECTION('ref_axis',(1.,0.,-5.34156301773212E-16));
#6726=DIRECTION('',(0.,-1.,0.));
#6727=DIRECTION('center_axis',(-0.866025403784439,0.,-0.5));
#6728=DIRECTION('ref_axis',(0.5,0.,-0.866025403784439));
#6729=DIRECTION('',(0.,-1.,0.));
#6730=DIRECTION('center_axis',(7.55411086394731E-16,0.70710678118655,-0.707106781186545));
#6731=DIRECTION('ref_axis',(-1.,0.,-1.06831260354643E-15));
#6732=DIRECTION('',(-0.377964473009225,-0.654653670707971,-0.654653670707985));
#6733=DIRECTION('',(-1.,0.,-1.06831260354643E-15));
#6734=DIRECTION('',(0.377964473009211,-0.65465367070798,-0.654653670707984));
#6735=DIRECTION('center_axis',(-0.61237243569579,0.707106781186552,-0.353553390593272));
#6736=DIRECTION('ref_axis',(-0.500000000000001,0.,0.866025403784438));
#6737=DIRECTION('',(-0.755928946018458,-0.654653670707973,0.));
#6738=DIRECTION('',(-0.500000000000001,0.,0.866025403784438));
#6739=DIRECTION('center_axis',(-0.612372435695795,0.707106781186548,0.353553390593273));
#6740=DIRECTION('ref_axis',(0.499999999999999,0.,0.866025403784439));
#6741=DIRECTION('',(-0.37796447300924,-0.654653670707981,0.654653670707966));
#6742=DIRECTION('',(0.499999999999999,0.,0.866025403784439));
#6743=DIRECTION('center_axis',(0.612372435695794,0.707106781186548,0.353553390593273));
#6744=DIRECTION('ref_axis',(0.5,0.,-0.866025403784439));
#6745=DIRECTION('',(0.5,0.,-0.866025403784439));
#6746=DIRECTION('',(-0.377964473009236,0.654653670707982,-0.654653670707967));
#6747=DIRECTION('',(0.755928946018452,-0.65465367070798,1.938164209001E-14));
#6748=DIRECTION('center_axis',(-7.55411086394741E-16,0.70710678118654,0.707106781186555));
#6749=DIRECTION('ref_axis',(1.,0.,1.06831260354642E-15));
#6750=DIRECTION('',(1.,0.,1.06831260354642E-15));
#6751=DIRECTION('center_axis',(0.612372435695802,0.70710678118654,-0.353553390593277));
#6752=DIRECTION('ref_axis',(-0.499999999999999,0.,-0.866025403784439));
#6753=DIRECTION('',(-0.499999999999999,0.,-0.866025403784439));
#6754=DIRECTION('center_axis',(0.866025403784439,0.,-0.499999999999999));
#6755=DIRECTION('ref_axis',(0.499999999999999,0.,0.866025403784439));
#6756=DIRECTION('',(0.,-1.,0.));
#6757=DIRECTION('',(0.,-1.,0.));
#6758=DIRECTION('center_axis',(1.06831260354642E-15,0.,-1.));
#6759=DIRECTION('ref_axis',(1.,0.,1.06831260354642E-15));
#6760=DIRECTION('',(0.,-1.,0.));
#6761=DIRECTION('center_axis',(-0.866025403784439,0.,-0.5));
#6762=DIRECTION('ref_axis',(0.5,0.,-0.866025403784439));
#6763=DIRECTION('',(0.,-1.,0.));
#6764=DIRECTION('center_axis',(0.,0.,1.));
#6765=DIRECTION('ref_axis',(-1.,0.,0.));
#6766=DIRECTION('center_axis',(0.,0.,1.));
#6767=DIRECTION('ref_axis',(-1.,0.,0.));
#6768=DIRECTION('',(-0.70710678118655,-8.65956056235497E-17,-0.707106781186545));
#6769=DIRECTION('center_axis',(0.,0.,-1.));
#6770=DIRECTION('ref_axis',(-1.,0.,0.));
#6771=DIRECTION('center_axis',(0.,0.,1.));
#6772=DIRECTION('ref_axis',(-1.,0.,0.));
#6773=DIRECTION('center_axis',(-3.16302856018563E-17,0.,1.));
#6774=DIRECTION('ref_axis',(1.,0.,0.));
#6775=DIRECTION('center_axis',(-3.16302856018563E-17,0.,1.));
#6776=DIRECTION('ref_axis',(1.,0.,0.));
#6777=DIRECTION('',(0.,0.,1.));
#6778=DIRECTION('center_axis',(0.,0.,-1.));
#6779=DIRECTION('ref_axis',(1.,0.,0.));
#6780=DIRECTION('',(1.,0.,0.));
#6781=DIRECTION('',(0.,-1.,0.));
#6782=DIRECTION('',(1.,0.,0.));
#6783=DIRECTION('',(0.,-1.,0.));
#6784=DIRECTION('center_axis',(0.,0.,-1.));
#6785=DIRECTION('ref_axis',(1.,0.,1.70974516766791E-17));
#6786=DIRECTION('center_axis',(3.16302856018563E-17,0.,-1.));
#6787=DIRECTION('ref_axis',(1.,0.,3.16302856018563E-17));
#6788=DIRECTION('',(0.70710678118655,-8.65956056235497E-17,0.707106781186545));
#6789=DIRECTION('center_axis',(3.16302856018563E-17,0.,-1.));
#6790=DIRECTION('ref_axis',(-1.,0.,-3.16302856018563E-17));
#6791=DIRECTION('',(1.,0.,3.16302856018563E-17));
#6792=DIRECTION('',(0.,-1.,0.));
#6793=DIRECTION('',(-1.,0.,-3.16302856018563E-17));
#6794=DIRECTION('',(0.,1.,0.));
#6795=DIRECTION('center_axis',(-0.612372435695789,0.707106781186555,0.353553390593269));
#6796=DIRECTION('ref_axis',(0.499999999999998,0.,0.86602540378444));
#6797=DIRECTION('',(0.499999999999998,0.,0.86602540378444));
#6798=DIRECTION('',(-0.377964473009249,-0.654653670707978,0.654653670707964));
#6799=DIRECTION('center_axis',(0.612372435695782,0.707106781186556,0.353553390593279));
#6800=DIRECTION('ref_axis',(0.500000000000013,0.,-0.866025403784431));
#6801=DIRECTION('',(0.500000000000013,0.,-0.866025403784431));
#6802=DIRECTION('',(-0.377964473009246,0.654653670707974,-0.654653670707969));
#6803=DIRECTION('center_axis',(-6.04328869115796E-15,0.707106781186545,
0.70710678118655));
#6804=DIRECTION('ref_axis',(1.,0.,8.5465008283715E-15));
#6805=DIRECTION('',(1.,0.,8.5465008283715E-15));
#6806=DIRECTION('center_axis',(0.86602540378444,0.,-0.499999999999998));
#6807=DIRECTION('ref_axis',(0.499999999999998,0.,0.86602540378444));
#6808=DIRECTION('',(0.,-1.,0.));
#6809=DIRECTION('center_axis',(8.5465008283715E-15,0.,-1.));
#6810=DIRECTION('ref_axis',(1.,0.,8.5465008283715E-15));
#6811=DIRECTION('',(0.,-1.,0.));
#6812=DIRECTION('center_axis',(-0.866025403784431,0.,-0.500000000000013));
#6813=DIRECTION('ref_axis',(0.500000000000013,0.,-0.866025403784431));
#6814=DIRECTION('center_axis',(0.61237243569577,0.707106781186576,-0.353553390593258));
#6815=DIRECTION('ref_axis',(-0.499999999999998,0.,-0.86602540378444));
#6816=DIRECTION('',(-0.499999999999998,0.,-0.86602540378444));
#6817=DIRECTION('',(0.377964473009279,-0.654653670707963,-0.654653670707962));
#6818=DIRECTION('center_axis',(4.72131928996706E-17,0.707106781186547,-0.707106781186548));
#6819=DIRECTION('ref_axis',(-1.,0.,-6.67695377216512E-17));
#6820=DIRECTION('',(-0.377964473009244,-0.654653670707971,-0.654653670707974));
#6821=DIRECTION('',(-1.,0.,-6.67695377216512E-17));
#6822=DIRECTION('center_axis',(-0.612372435695789,0.707106781186554,-0.353553390593272));
#6823=DIRECTION('ref_axis',(-0.500000000000001,0.,0.866025403784438));
#6824=DIRECTION('',(-0.500000000000001,0.,0.866025403784438));
#6825=DIRECTION('center_axis',(-0.86602540378444,0.,0.499999999999998));
#6826=DIRECTION('ref_axis',(-0.499999999999998,0.,-0.86602540378444));
#6827=DIRECTION('',(0.,-1.,0.));
#6828=DIRECTION('center_axis',(-6.67695377216512E-17,0.,1.));
#6829=DIRECTION('ref_axis',(-1.,0.,-6.67695377216512E-17));
#6830=DIRECTION('',(0.,-1.,0.));
#6831=DIRECTION('center_axis',(0.866025403784438,0.,0.500000000000001));
#6832=DIRECTION('ref_axis',(-0.500000000000001,0.,0.866025403784438));
#6833=DIRECTION('center_axis',(0.,0.707106781186545,0.70710678118655));
#6834=DIRECTION('ref_axis',(1.,0.,0.));
#6835=DIRECTION('',(0.577350269189619,-0.577350269189632,0.577350269189627));
#6836=DIRECTION('',(1.,0.,0.));
#6837=DIRECTION('',(0.57735026918963,-0.577350269189626,0.577350269189622));
#6838=DIRECTION('center_axis',(-0.122787803968973,0.696364240320018,0.707106781186549));
#6839=DIRECTION('ref_axis',(0.985255774317392,0.,0.171087869746035));
#6840=DIRECTION('',(-0.984807753012208,-0.17364817766693,0.));
#6841=DIRECTION('',(-0.468323199181334,-0.66883484342192,0.577350269189628));
#6842=DIRECTION('',(0.984807753012208,0.17364817766693,0.));
#6843=DIRECTION('',(-0.468323199181337,-0.668834843421915,0.577350269189631));
#6844=DIRECTION('center_axis',(0.,-1.,0.));
#6845=DIRECTION('ref_axis',(0.129933424532606,0.,0.991522720460419));
#6846=DIRECTION('center_axis',(0.,1.,0.));
#6847=DIRECTION('ref_axis',(0.129933424532606,0.,0.991522720460419));
#6848=DIRECTION('',(-0.70710678118655,0.707106781186545,0.));
#6849=DIRECTION('center_axis',(-0.819152044288995,0.573576436351042,0.));
#6850=DIRECTION('ref_axis',(0.,0.,1.));
#6851=DIRECTION('',(0.,0.,-1.));
#6852=DIRECTION('',(-0.468323199181337,-0.668834843421915,0.577350269189631));
#6853=DIRECTION('',(0.,0.,1.));
#6854=DIRECTION('center_axis',(0.707106781186534,0.707106781186561,0.));
#6855=DIRECTION('ref_axis',(0.,0.,-1.));
#6856=DIRECTION('',(0.57735026918964,-0.577350269189619,-0.577350269189619));
#6857=DIRECTION('center_axis',(-0.122787803968974,0.696364240320023,0.707106781186544));
#6858=DIRECTION('ref_axis',(0.985255774317392,0.,0.171087869746037));
#6859=DIRECTION('',(-0.984807753012208,-0.17364817766693,0.));
#6860=DIRECTION('',(0.668834843421925,-0.468323199181332,0.577350269189624));
#6861=DIRECTION('',(0.984807753012208,0.17364817766693,0.));
#6862=DIRECTION('center_axis',(2.46329643027987E-16,0.707106781186548,-0.707106781186548));
#6863=DIRECTION('ref_axis',(-1.,0.,-3.48362721984703E-16));
#6864=DIRECTION('',(0.577350269189629,-0.577350269189624,-0.577350269189624));
#6865=DIRECTION('',(-1.,0.,-3.48362721984703E-16));
#6866=DIRECTION('center_axis',(-0.707106781186545,0.70710678118655,0.));
#6867=DIRECTION('ref_axis',(0.,0.,1.));
#6868=DIRECTION('',(0.,0.,1.));
#6869=DIRECTION('',(0.57735026918963,0.577350269189626,-0.577350269189622));
#6870=DIRECTION('',(-0.57735026918963,-0.577350269189626,0.577350269189622));
#6871=DIRECTION('center_axis',(0.573576436351051,0.819152044288988,0.));
#6872=DIRECTION('ref_axis',(0.,0.,-1.));
#6873=DIRECTION('',(0.,0.,1.));
#6874=DIRECTION('',(0.668834843421921,-0.468323199181342,0.577350269189621));
#6875=DIRECTION('',(0.,0.,-1.));
#6876=DIRECTION('center_axis',(0.707106781186545,0.70710678118655,0.));
#6877=DIRECTION('ref_axis',(0.,0.,-1.));
#6878=DIRECTION('',(0.577350269189629,-0.577350269189624,-0.577350269189624));
#6879=DIRECTION('',(0.,0.,-1.));
#6880=DIRECTION('center_axis',(0.577350269189629,0.577350269189622,0.577350269189627));
#6881=DIRECTION('ref_axis',(0.707106781186546,0.,-0.707106781186549));
#6882=DIRECTION('',(-0.707106781186548,0.,0.707106781186547));
#6883=DIRECTION('',(0.707106781186544,-0.707106781186551,0.));
#6884=DIRECTION('',(0.,0.70710678118655,-0.707106781186545));
#6885=DIRECTION('center_axis',(-0.638577754491918,0.535830358272186,0.55236245221952));
#6886=DIRECTION('ref_axis',(0.654205451365872,0.,0.756316882928826));
#6887=DIRECTION('',(0.010673680452289,-0.711530460178612,0.702574178847768));
#6888=DIRECTION('',(0.642787609686541,0.766044443118977,0.));
#6889=DIRECTION('',(-0.702574178847772,-0.113044444501906,-0.702574178847782));
#6890=DIRECTION('center_axis',(-0.904534033733294,0.301511344577758,-0.30151134457776));
#6891=DIRECTION('ref_axis',(-0.316227766016834,0.,0.948683298050515));
#6892=DIRECTION('',(0.408248290463857,0.408248290463867,-0.816496580927727));
#6893=DIRECTION('',(-0.408248290463856,-0.81649658092773,0.408248290463862));
#6894=DIRECTION('center_axis',(0.577350269189625,0.577350269189624,-0.577350269189629));
#6895=DIRECTION('ref_axis',(-0.70710678118655,0.,-0.707106781186545));
#6896=DIRECTION('',(-0.707106781186544,0.707106781186551,0.));
#6897=DIRECTION('',(0.70710678118655,0.,0.707106781186545));
#6898=DIRECTION('',(0.,-0.70710678118655,-0.707106781186545));
#6899=DIRECTION('center_axis',(-4.01068172895614E-16,0.707106781186548,
-0.707106781186548));
#6900=DIRECTION('ref_axis',(-1.,0.,5.67196049545175E-16));
#6901=DIRECTION('',(-0.577350269189623,-0.577350269189627,-0.577350269189627));
#6902=DIRECTION('',(-1.,0.,5.67196049545175E-16));
#6903=DIRECTION('center_axis',(0.707106781186547,0.,0.707106781186548));
#6904=DIRECTION('ref_axis',(0.707106781186548,0.,-0.707106781186547));
#6905=DIRECTION('',(0.,1.,0.));
#6906=DIRECTION('',(0.577350269189625,-0.577350269189628,-0.577350269189624));
#6907=DIRECTION('center_axis',(0.289421769394848,0.915100638545393,-0.280759435699266));
#6908=DIRECTION('ref_axis',(0.,0.293312730366716,0.956016549127065));
#6909=DIRECTION('',(-0.713381449969527,0.010645132641026,-0.700695074900937));
#6910=DIRECTION('',(-0.465847255014484,0.390892259867607,0.793844806099445));
#6911=DIRECTION('',(0.840265387573939,-0.383375845904003,-0.383375845904));
#6912=DIRECTION('center_axis',(-0.638577754491919,0.535830358272187,-0.552362452219517));
#6913=DIRECTION('ref_axis',(-0.654205451365869,0.,0.756316882928828));
#6914=DIRECTION('',(-0.642787609686541,-0.766044443118977,0.));
#6915=DIRECTION('',(-0.010673680452289,0.711530460178612,0.702574178847768));
#6916=DIRECTION('',(0.702574178847771,0.113044444501911,-0.702574178847782));
#6917=DIRECTION('center_axis',(-0.707106781186553,0.,0.707106781186542));
#6918=DIRECTION('ref_axis',(0.707106781186542,0.,0.707106781186553));
#6919=DIRECTION('',(0.,1.,0.));
#6920=DIRECTION('',(0.,-1.,0.));
#6921=DIRECTION('',(0.540716203060915,0.644400477571788,0.540716203060939));
#6922=DIRECTION('',(0.701673843159858,0.123724030206483,0.701673843159869));
#6923=DIRECTION('center_axis',(-0.577350269189633,0.57735026918962,-0.577350269189624));
#6924=DIRECTION('ref_axis',(-0.707106781186542,0.,0.707106781186553));
#6925=DIRECTION('',(0.,0.70710678118655,0.707106781186545));
#6926=DIRECTION('',(0.707106781186542,0.,-0.707106781186553));
#6927=DIRECTION('',(-0.70710678118654,-0.707106781186555,0.));
#6928=DIRECTION('center_axis',(0.577350269189625,-0.577350269189625,-0.577350269189628));
#6929=DIRECTION('ref_axis',(-0.70710678118655,0.,-0.707106781186545));
#6930=DIRECTION('',(0.707106781186549,0.707106781186546,1.04672830578918E-14));
#6931=DIRECTION('',(-1.04672830578919E-14,-0.707106781186555,0.70710678118654));
#6932=DIRECTION('',(-0.70710678118655,0.,-0.707106781186545));
#6933=DIRECTION('center_axis',(-0.70710678118655,0.707106781186545,0.));
#6934=DIRECTION('ref_axis',(0.,0.,1.));
#6935=DIRECTION('',(-0.577350269189624,-0.577350269189629,-0.577350269189624));
#6936=DIRECTION('',(0.,0.,1.));
#6937=DIRECTION('center_axis',(0.289421769394869,0.91510063854539,0.280759435699251));
#6938=DIRECTION('ref_axis',(0.,-0.293312730366702,0.956016549127069));
#6939=DIRECTION('',(0.465847255014483,-0.390892259867605,0.793844806099447));
#6940=DIRECTION('',(0.713381449969484,-0.010645132641024,-0.700695074900981));
#6941=DIRECTION('center_axis',(0.642787609686544,0.766044443118974,0.));
#6942=DIRECTION('ref_axis',(0.,0.,-1.));
#6943=DIRECTION('center_axis',(0.468323199181321,0.668834843421922,-0.577350269189637));
#6944=DIRECTION('ref_axis',(-0.776623226861681,0.,-0.629965366904364));
#6945=DIRECTION('',(-0.819152044288998,0.573576436351037,0.));
#6946=DIRECTION('',(0.696364240320017,0.122787803969001,0.707106781186544));
#6947=DIRECTION('',(0.12278780396898,-0.696364240320024,-0.707106781186541));
#6948=DIRECTION('center_axis',(0.696364240320019,0.122787803968973,-0.707106781186548));
#6949=DIRECTION('ref_axis',(-0.71249829320867,0.,-0.701673843159863));
#6950=DIRECTION('',(-0.17364817766693,0.984807753012208,0.));
#6951=DIRECTION('center_axis',(-0.122787803968972,0.696364240320013,-0.707106781186554));
#6952=DIRECTION('ref_axis',(-0.985255774317393,0.,0.171087869746033));
#6953=DIRECTION('',(-0.984807753012208,-0.17364817766693,0.));
#6954=DIRECTION('',(0.984807753012208,0.17364817766693,0.));
#6955=DIRECTION('center_axis',(0.573576436351051,0.819152044288988,0.));
#6956=DIRECTION('ref_axis',(0.,0.,-1.));
#6957=DIRECTION('',(0.,0.,-1.));
#6958=DIRECTION('',(-0.668834843421921,0.468323199181337,0.577350269189625));
#6959=DIRECTION('',(0.,0.,1.));
#6960=DIRECTION('',(0.668834843421921,-0.468323199181337,-0.577350269189625));
#6961=DIRECTION('center_axis',(-0.577350269189636,-0.577350269189615,-0.577350269189627));
#6962=DIRECTION('ref_axis',(-0.707106781186542,0.,0.707106781186553));
#6963=DIRECTION('',(-0.707106781186542,0.,0.707106781186553));
#6964=DIRECTION('',(0.,0.707106781186555,-0.70710678118654));
#6965=DIRECTION('',(0.70710678118654,-0.707106781186555,-1.04672830578919E-14));
#6966=DIRECTION('center_axis',(2.23659894399401E-17,-0.70710678118654,-0.707106781186555));
#6967=DIRECTION('ref_axis',(-1.,0.,-3.16302856018563E-17));
#6968=DIRECTION('',(-1.,0.,-3.16302856018563E-17));
#6969=DIRECTION('center_axis',(0.577350269189624,-0.577350269189627,0.577350269189626));
#6970=DIRECTION('ref_axis',(0.707106781186549,0.,-0.707106781186546));
#6971=DIRECTION('',(0.70710678118655,0.,-0.707106781186545));
#6972=DIRECTION('',(0.,0.707106781186547,0.707106781186548));
#6973=DIRECTION('',(-0.707106781186549,-0.707106781186546,0.));
#6974=DIRECTION('center_axis',(0.577350269189631,0.577350269189617,-0.57735026918963));
#6975=DIRECTION('ref_axis',(-0.707106781186547,0.,-0.707106781186548));
#6976=DIRECTION('',(-0.707106781186544,0.707106781186551,-5.23364152894594E-15));
#6977=DIRECTION('',(0.707106781186547,0.,0.707106781186548));
#6978=DIRECTION('',(-1.04672830578919E-14,-0.70710678118655,-0.707106781186545));
#6979=DIRECTION('center_axis',(0.707106781186548,0.,-0.707106781186547));
#6980=DIRECTION('ref_axis',(-0.707106781186547,0.,-0.707106781186548));
#6981=DIRECTION('',(0.,1.,0.));
#6982=DIRECTION('',(0.,-1.,0.));
#6983=DIRECTION('',(-0.577350269189627,0.577350269189625,-0.577350269189626));
#6984=DIRECTION('center_axis',(-1.24985558544985E-16,0.707106781186545,
-0.70710678118655));
#6985=DIRECTION('ref_axis',(-1.,0.,1.76756271995093E-16));
#6986=DIRECTION('',(-1.,0.,1.76756271995093E-16));
#6987=DIRECTION('center_axis',(0.468323199181354,0.668834843421944,0.577350269189584));
#6988=DIRECTION('ref_axis',(0.776623226861631,0.,-0.629965366904426));
#6989=DIRECTION('',(0.819152044288998,-0.573576436351037,0.));
#6990=DIRECTION('',(-0.122787803969063,0.696364240320009,-0.707106781186542));
#6991=DIRECTION('',(-0.696364240319974,-0.122787803968977,0.707106781186591));
#6992=DIRECTION('center_axis',(-0.638577754491928,0.535830358272173,-0.552362452219521));
#6993=DIRECTION('ref_axis',(-0.654205451365866,0.,0.756316882928831));
#6994=DIRECTION('',(-0.642787609686541,-0.766044443118977,-4.83097743043407E-15));
#6995=DIRECTION('',(-0.0106736804523307,0.711530460178598,0.702574178847781));
#6996=DIRECTION('',(0.70257417884777,0.113044444501921,-0.702574178847781));
#6997=DIRECTION('center_axis',(-0.122787803968973,0.69636424032002,-0.707106781186546));
#6998=DIRECTION('ref_axis',(-0.985255774317392,0.,0.171087869746036));
#6999=DIRECTION('',(0.984807753012208,0.17364817766693,0.));
#7000=DIRECTION('center_axis',(-0.707106781186553,0.,-0.707106781186542));
#7001=DIRECTION('ref_axis',(-0.707106781186542,0.,0.707106781186553));
#7002=DIRECTION('',(0.,1.,0.));
#7003=DIRECTION('',(-0.701673843159858,-0.123724030206483,0.701673843159869));
#7004=DIRECTION('',(-0.540716203060915,-0.644400477571788,0.540716203060939));
#7005=DIRECTION('center_axis',(-0.577350269189634,-0.577350269189622,0.577350269189621));
#7006=DIRECTION('ref_axis',(0.70710678118654,0.,0.707106781186555));
#7007=DIRECTION('',(0.70710678118654,0.,0.707106781186555));
#7008=DIRECTION('',(-0.70710678118654,0.707106781186555,0.));
#7009=DIRECTION('',(0.,-0.707106781186547,-0.707106781186548));
#7010=DIRECTION('center_axis',(-0.707106781186555,-0.70710678118654,0.));
#7011=DIRECTION('ref_axis',(0.,0.,1.));
#7012=DIRECTION('',(0.,0.,-1.));
#7013=DIRECTION('',(0.,0.,1.));
#7014=DIRECTION('center_axis',(1.39054924090568E-31,-0.707106781186548,
0.707106781186547));
#7015=DIRECTION('ref_axis',(1.,0.,-1.96653359563643E-31));
#7016=DIRECTION('',(-1.,0.,1.96653359563643E-31));
#7017=DIRECTION('',(1.,0.,-1.96653359563643E-31));
#7018=DIRECTION('center_axis',(0.577350269189626,0.57735026918962,0.577350269189631));
#7019=DIRECTION('ref_axis',(0.70710678118655,0.,-0.707106781186545));
#7020=DIRECTION('',(4.18691322315673E-14,0.707106781186548,-0.707106781186548));
#7021=DIRECTION('',(-0.70710678118655,0.,0.707106781186545));
#7022=DIRECTION('',(0.707106781186544,-0.707106781186551,0.));
#7023=DIRECTION('center_axis',(0.707106781186545,0.,0.70710678118655));
#7024=DIRECTION('ref_axis',(0.70710678118655,0.,-0.707106781186545));
#7025=DIRECTION('',(0.,-1.,0.));
#7026=DIRECTION('',(0.,1.,0.));
#7027=DIRECTION('center_axis',(0.707106781186551,0.707106781186544,-9.4017512496035E-17));
#7028=DIRECTION('ref_axis',(-1.32960841272474E-16,0.,-1.));
#7029=DIRECTION('',(-1.32960841272474E-16,0.,-1.));
#7030=DIRECTION('center_axis',(-0.63857775449192,0.535830358272188,0.552362452219514));
#7031=DIRECTION('ref_axis',(0.654205451365866,0.,0.756316882928831));
#7032=DIRECTION('',(-0.702574178847769,-0.113044444501911,-0.702574178847784));
#7033=DIRECTION('',(0.0106736804522889,-0.711530460178609,0.702574178847771));
#7034=DIRECTION('',(0.642787609686541,0.766044443118977,0.));
#7035=DIRECTION('center_axis',(-0.122787803968972,0.696364240320015,0.707106781186551));
#7036=DIRECTION('ref_axis',(0.985255774317392,0.,0.171087869746034));
#7037=DIRECTION('',(-0.984807753012208,-0.17364817766693,1.19275226424384E-16));
#7038=DIRECTION('center_axis',(-0.766044443118977,0.642787609686541,0.));
#7039=DIRECTION('ref_axis',(0.,0.,1.));
#7040=DIRECTION('',(0.,0.,1.));
#7041=DIRECTION('',(0.,0.,-1.));
#7042=DIRECTION('center_axis',(-0.577350269189634,0.577350269189622,0.577350269189622));
#7043=DIRECTION('ref_axis',(0.70710678118654,0.,0.707106781186555));
#7044=DIRECTION('',(0.70710678118654,0.707106781186555,0.));
#7045=DIRECTION('',(-0.70710678118654,0.,-0.707106781186555));
#7046=DIRECTION('',(0.,-0.707106781186548,0.707106781186548));
#7047=DIRECTION('center_axis',(-0.707106781186555,0.,0.70710678118654));
#7048=DIRECTION('ref_axis',(0.70710678118654,0.,0.707106781186555));
#7049=DIRECTION('',(0.,-1.,0.));
#7050=DIRECTION('',(0.,1.,0.));
#7051=DIRECTION('center_axis',(1.39054924090568E-31,0.707106781186548,0.707106781186548));
#7052=DIRECTION('ref_axis',(1.,0.,-1.96653359563643E-31));
#7053=DIRECTION('',(1.,0.,-1.96653359563643E-31));
#7054=DIRECTION('center_axis',(-0.904534033733295,0.301511344577758,0.301511344577758));
#7055=DIRECTION('ref_axis',(0.316227766016832,0.,0.948683298050516));
#7056=DIRECTION('',(0.408248290463855,0.816496580927729,0.408248290463864));
#7057=DIRECTION('',(-0.408248290463855,-0.408248290463865,-0.816496580927729));
#7058=DIRECTION('',(0.,-0.707106781186548,0.707106781186548));
#7059=DIRECTION('center_axis',(-0.707106781186555,0.70710678118654,0.));
#7060=DIRECTION('ref_axis',(0.,0.,1.));
#7061=DIRECTION('',(0.,0.,1.));
#7062=DIRECTION('center_axis',(8.56414068372968E-17,0.707106781186548,0.707106781186548));
#7063=DIRECTION('ref_axis',(1.,0.,-1.21115239050017E-16));
#7064=DIRECTION('center_axis',(-0.707106781186555,0.,0.70710678118654));
#7065=DIRECTION('ref_axis',(0.70710678118654,0.,0.707106781186555));
#7066=DIRECTION('',(0.,-1.,0.));
#7067=DIRECTION('center_axis',(0.696364240320063,0.12278780396898,0.707106781186503));
#7068=DIRECTION('ref_axis',(0.712498293208626,0.,-0.701673843159908));
#7069=DIRECTION('center_axis',(0.573576436351037,0.819152044288998,0.));
#7070=DIRECTION('ref_axis',(0.,0.,-1.));
#7071=DIRECTION('',(0.,0.,1.));
#7072=DIRECTION('center_axis',(0.707106781186546,-0.707106781186549,-9.40175124960342E-17));
#7073=DIRECTION('ref_axis',(-1.32960841272474E-16,0.,-1.));
#7074=DIRECTION('',(1.32960841272474E-16,0.,1.));
#7075=DIRECTION('',(-1.32960841272474E-16,0.,-1.));
#7076=DIRECTION('center_axis',(-0.707106781186553,0.,-0.707106781186542));
#7077=DIRECTION('ref_axis',(-0.707106781186542,0.,0.707106781186553));
#7078=DIRECTION('',(0.,1.,0.));
#7079=DIRECTION('center_axis',(-0.766044443118999,0.642787609686515,0.));
#7080=DIRECTION('ref_axis',(0.,0.,1.));
#7081=DIRECTION('',(0.,0.,1.));
#7082=DIRECTION('',(0.,0.,-1.));
#7083=DIRECTION('center_axis',(0.707106781186543,0.707106781186552,-9.40175124960339E-17));
#7084=DIRECTION('ref_axis',(-1.32960841272474E-16,0.,-1.));
#7085=DIRECTION('',(1.32960841272474E-16,0.,1.));
#7086=DIRECTION('',(-1.32960841272474E-16,0.,-1.));
#7087=DIRECTION('center_axis',(0.707106781186545,0.,-0.70710678118655));
#7088=DIRECTION('ref_axis',(-0.70710678118655,0.,-0.707106781186545));
#7089=DIRECTION('',(0.,-1.,0.));
#7090=DIRECTION('center_axis',(-0.707106781186555,0.70710678118654,0.));
#7091=DIRECTION('ref_axis',(0.,0.,1.));
#7092=DIRECTION('',(0.,0.,1.));
#7093=DIRECTION('center_axis',(2.23659894399399E-17,0.707106781186545,-0.70710678118655));
#7094=DIRECTION('ref_axis',(-1.,0.,-3.16302856018563E-17));
#7095=DIRECTION('center_axis',(-0.122787803968973,0.69636424032002,-0.707106781186546));
#7096=DIRECTION('ref_axis',(-0.985255774317392,0.,0.171087869746036));
#7097=DIRECTION('',(-0.984807753012208,-0.17364817766693,0.));
#7098=DIRECTION('',(0.984807753012208,0.17364817766693,0.));
#7099=DIRECTION('',(-0.468323199181333,-0.668834843421919,-0.577350269189631));
#7100=DIRECTION('center_axis',(-0.707106781186553,0.,-0.707106781186542));
#7101=DIRECTION('ref_axis',(-0.707106781186542,0.,0.707106781186553));
#7102=DIRECTION('',(0.,-1.,0.));
#7103=DIRECTION('',(0.,1.,0.));
#7104=DIRECTION('center_axis',(-0.766044443118977,0.642787609686541,0.));
#7105=DIRECTION('ref_axis',(0.,0.,1.));
#7106=DIRECTION('',(0.,0.,1.));
#7107=DIRECTION('',(0.,0.,-1.));
#7108=DIRECTION('center_axis',(0.,0.707106781186545,-0.70710678118655));
#7109=DIRECTION('ref_axis',(-1.,0.,0.));
#7110=DIRECTION('',(1.,0.,0.));
#7111=DIRECTION('center_axis',(0.707106781186551,0.707106781186544,-9.4017512496035E-17));
#7112=DIRECTION('ref_axis',(-1.32960841272474E-16,0.,-1.));
#7113=DIRECTION('',(-1.32960841272474E-16,0.,-1.));
#7114=DIRECTION('center_axis',(-0.122787803968972,0.696364240320013,0.707106781186554));
#7115=DIRECTION('ref_axis',(0.985255774317393,0.,0.171087869746033));
#7116=DIRECTION('',(-0.984807753012208,-0.17364817766693,0.));
#7117=DIRECTION('',(0.984807753012208,0.17364817766693,0.));
#7118=DIRECTION('center_axis',(-0.819152044288995,0.573576436351042,0.));
#7119=DIRECTION('ref_axis',(0.,0.,1.));
#7120=DIRECTION('',(0.,0.,1.));
#7121=DIRECTION('',(0.,0.,-1.));
#7122=DIRECTION('',(-0.468323199181334,-0.66883484342192,-0.577350269189628));
#7123=DIRECTION('center_axis',(0.,0.707106781186545,0.70710678118655));
#7124=DIRECTION('ref_axis',(1.,0.,0.));
#7125=DIRECTION('center_axis',(-0.122787803968973,0.69636424032002,-0.707106781186546));
#7126=DIRECTION('ref_axis',(-0.985255774317392,0.,0.171087869746036));
#7127=DIRECTION('',(-0.984807753012208,-0.17364817766693,1.02420600507439E-16));
#7128=DIRECTION('',(0.984807753012208,0.17364817766693,-1.02420600507439E-16));
#7129=DIRECTION('',(-0.468323199181333,-0.668834843421919,-0.577350269189631));
#7130=DIRECTION('center_axis',(0.173648177666939,-0.984807753012207,0.));
#7131=DIRECTION('ref_axis',(-0.127959443855137,-0.0225627023881106,-0.991522720460419));
#7132=DIRECTION('center_axis',(-0.17364817766693,0.984807753012208,0.));
#7133=DIRECTION('ref_axis',(-0.127959443855137,-0.0225627023881106,-0.991522720460419));
#7134=DIRECTION('',(0.573576436351037,0.819152044288998,0.));
#7135=DIRECTION('center_axis',(0.17364817766693,-0.984807753012208,0.));
#7136=DIRECTION('ref_axis',(-0.127959443855137,-0.0225627023881106,-0.991522720460419));
#7137=DIRECTION('center_axis',(-0.819152044289005,0.573576436351027,-2.34527679908557E-15));
#7138=DIRECTION('ref_axis',(-2.86305431993542E-15,0.,1.));
#7139=DIRECTION('',(3.2663337930707E-15,5.75942775718184E-16,-1.));
#7140=DIRECTION('',(-3.2663337930707E-15,-5.75942775718184E-16,1.));
#7141=DIRECTION('center_axis',(0.,0.707106781186545,0.70710678118655));
#7142=DIRECTION('ref_axis',(1.,0.,0.));
#7143=DIRECTION('',(1.,0.,0.));
#7144=DIRECTION('',(0.57735026918963,-0.577350269189626,0.577350269189622));
#7145=DIRECTION('center_axis',(-0.819152044288991,0.573576436351047,0.));
#7146=DIRECTION('ref_axis',(0.,0.,1.));
#7147=DIRECTION('',(0.,0.,-1.));
#7148=DIRECTION('center_axis',(0.707106781186545,0.70710678118655,0.));
#7149=DIRECTION('ref_axis',(0.,0.,-1.));
#7150=DIRECTION('',(0.,0.,-1.));
#7151=DIRECTION('center_axis',(0.707106781186555,0.70710678118654,0.));
#7152=DIRECTION('ref_axis',(0.,0.,-1.));
#7153=DIRECTION('',(0.,0.,-1.));
#7154=DIRECTION('center_axis',(0.,-1.,0.));
#7155=DIRECTION('ref_axis',(-0.129933424532606,0.,-0.991522720460419));
#7156=DIRECTION('center_axis',(0.,1.,0.));
#7157=DIRECTION('ref_axis',(-0.129933424532606,0.,-0.991522720460419));
#7158=DIRECTION('',(0.,-1.,0.));
#7159=DIRECTION('center_axis',(-3.48362721984703E-16,0.,1.));
#7160=DIRECTION('ref_axis',(-1.,0.,-3.48362721984703E-16));
#7161=DIRECTION('',(0.,-1.,0.));
#7162=DIRECTION('',(-1.,0.,-3.48362721984703E-16));
#7163=DIRECTION('center_axis',(-1.,0.,0.));
#7164=DIRECTION('ref_axis',(0.,0.,-1.));
#7165=DIRECTION('',(0.,-1.,0.));
#7166=DIRECTION('',(0.,0.,-1.));
#7167=DIRECTION('center_axis',(5.67196049545175E-16,0.,1.));
#7168=DIRECTION('ref_axis',(-1.,0.,5.67196049545175E-16));
#7169=DIRECTION('',(0.,-1.,0.));
#7170=DIRECTION('',(-1.,0.,5.67196049545175E-16));
#7171=DIRECTION('center_axis',(1.,0.,0.));
#7172=DIRECTION('ref_axis',(0.,0.,1.));
#7173=DIRECTION('',(0.,-1.,0.));
#7174=DIRECTION('',(0.,0.,1.));
#7175=DIRECTION('center_axis',(1.76756271995093E-16,0.,1.));
#7176=DIRECTION('ref_axis',(-1.,0.,1.76756271995093E-16));
#7177=DIRECTION('',(-1.,0.,1.76756271995093E-16));
#7178=DIRECTION('center_axis',(-0.984807753012208,-0.17364817766693,0.));
#7179=DIRECTION('ref_axis',(0.,0.,-1.));
#7180=DIRECTION('',(0.17364817766693,-0.984807753012208,0.));
#7181=DIRECTION('',(0.,0.,-1.));
#7182=DIRECTION('center_axis',(0.,0.,1.));
#7183=DIRECTION('ref_axis',(-0.984807753012208,-0.17364817766693,0.));
#7184=DIRECTION('',(0.17364817766693,-0.984807753012208,0.));
#7185=DIRECTION('',(-0.984807753012208,-0.17364817766693,0.));
#7186=DIRECTION('center_axis',(0.984807753012208,0.17364817766693,0.));
#7187=DIRECTION('ref_axis',(0.,0.,1.));
#7188=DIRECTION('',(0.17364817766693,-0.984807753012208,0.));
#7189=DIRECTION('',(0.,0.,1.));
#7190=DIRECTION('center_axis',(1.00864601447892E-16,1.77851506336694E-17,
1.));
#7191=DIRECTION('ref_axis',(-0.984807753012208,-0.17364817766693,1.02420600507439E-16));
#7192=DIRECTION('',(0.17364817766693,-0.984807753012208,0.));
#7193=DIRECTION('',(-0.984807753012208,-0.17364817766693,1.02420600507439E-16));
#7194=DIRECTION('center_axis',(0.984807753012208,0.17364817766693,3.31672225678569E-15));
#7195=DIRECTION('ref_axis',(-3.2663337930707E-15,-5.75942775718184E-16,
1.));
#7196=DIRECTION('',(0.17364817766693,-0.984807753012208,0.));
#7197=DIRECTION('',(-3.2663337930707E-15,-5.75942775718184E-16,1.));
#7198=DIRECTION('center_axis',(0.17364817766693,-0.984807753012208,0.));
#7199=DIRECTION('ref_axis',(0.127959443855137,0.0225627023881106,0.991522720460419));
#7200=DIRECTION('center_axis',(-0.17364817766693,0.984807753012208,3.46944695195361E-18));
#7201=DIRECTION('ref_axis',(0.127959443855137,0.0225627023881106,0.991522720460419));
#7202=DIRECTION('center_axis',(0.,1.,0.));
#7203=DIRECTION('ref_axis',(0.,0.,1.));
#7204=DIRECTION('center_axis',(-1.,0.,0.));
#7205=DIRECTION('ref_axis',(0.,0.,1.));
#7206=DIRECTION('center_axis',(1.96653359563643E-31,0.,1.));
#7207=DIRECTION('ref_axis',(1.,0.,-1.96653359563643E-31));
#7208=DIRECTION('center_axis',(1.,0.,-1.32960841272474E-16));
#7209=DIRECTION('ref_axis',(-1.32960841272474E-16,0.,-1.));
#7210=DIRECTION('center_axis',(0.17364817766693,-0.984807753012208,0.));
#7211=DIRECTION('ref_axis',(-0.984807753012208,-0.17364817766693,1.19275226424384E-16));
#7212=DIRECTION('center_axis',(0.,0.,-1.));
#7213=DIRECTION('ref_axis',(-1.,0.,0.));
#7214=DIRECTION('center_axis',(1.,0.,0.));
#7215=DIRECTION('ref_axis',(0.,0.,1.));
#7216=DIRECTION('',(0.,0.,1.));
#7217=DIRECTION('',(0.,-1.,0.));
#7218=DIRECTION('',(0.,0.,1.));
#7219=DIRECTION('',(0.,-1.,0.));
#7220=DIRECTION('center_axis',(-2.76485572666355E-16,0.,-1.));
#7221=DIRECTION('ref_axis',(1.,0.,-2.76485572666355E-16));
#7222=DIRECTION('',(1.,0.,-2.76485572666355E-16));
#7223=DIRECTION('',(0.,-1.,0.));
#7224=DIRECTION('',(1.,0.,-2.76485572666355E-16));
#7225=DIRECTION('center_axis',(-1.,0.,-1.79068229778251E-16));
#7226=DIRECTION('ref_axis',(1.79068229778251E-16,0.,-1.));
#7227=DIRECTION('',(1.79068229778251E-16,0.,-1.));
#7228=DIRECTION('',(0.,-1.,0.));
#7229=DIRECTION('',(1.79068229778251E-16,0.,-1.));
#7230=DIRECTION('center_axis',(4.60809287777259E-16,0.,1.));
#7231=DIRECTION('ref_axis',(-1.,0.,4.60809287777259E-16));
#7232=DIRECTION('',(-1.,0.,4.60809287777259E-16));
#7233=DIRECTION('',(-1.,0.,4.60809287777259E-16));
#7234=DIRECTION('center_axis',(0.,-1.,0.));
#7235=DIRECTION('ref_axis',(0.,0.,-1.));
#7236=DIRECTION('center_axis',(0.,-1.,0.));
#7237=DIRECTION('ref_axis',(1.,0.,0.));
#7238=DIRECTION('center_axis',(0.,-1.,0.));
#7239=DIRECTION('ref_axis',(1.,0.,0.));
#7240=DIRECTION('',(0.,-1.,0.));
#7241=DIRECTION('center_axis',(0.,-1.,0.));
#7242=DIRECTION('ref_axis',(1.,0.,0.));
#7243=DIRECTION('center_axis',(0.,1.,0.));
#7244=DIRECTION('ref_axis',(0.,0.,1.));
#7245=DIRECTION('center_axis',(0.,0.,-1.));
#7246=DIRECTION('ref_axis',(0.984807753012208,0.17364817766693,0.));
#7247=DIRECTION('',(0.984807753012208,0.17364817766693,0.));
#7248=DIRECTION('',(0.17364817766693,-0.984807753012208,0.));
#7249=DIRECTION('center_axis',(0.,0.,-1.));
#7250=DIRECTION('ref_axis',(0.984807753012208,0.17364817766693,0.));
#7251=DIRECTION('',(0.17364817766693,-0.984807753012208,0.));
#7252=DIRECTION('',(0.984807753012208,0.17364817766693,0.));
#7253=DIRECTION('center_axis',(0.984807753012208,0.17364817766693,0.));
#7254=DIRECTION('ref_axis',(0.,0.,1.));
#7255=DIRECTION('',(0.17364817766693,-0.984807753012208,0.));
#7256=DIRECTION('',(0.,0.,1.));
#7257=DIRECTION('center_axis',(0.,0.,-1.));
#7258=DIRECTION('ref_axis',(0.984807753012208,0.17364817766693,0.));
#7259=DIRECTION('',(0.17364817766693,-0.984807753012208,0.));
#7260=DIRECTION('',(0.984807753012208,0.17364817766693,0.));
#7261=DIRECTION('center_axis',(-0.984807753012208,-0.17364817766693,0.));
#7262=DIRECTION('ref_axis',(0.,0.,-1.));
#7263=DIRECTION('',(0.,0.,-1.));
#7264=DIRECTION('center_axis',(-0.17364817766693,0.984807753012208,0.));
#7265=DIRECTION('ref_axis',(0.,0.,1.));
#7266=DIRECTION('center_axis',(1.,0.,0.));
#7267=DIRECTION('ref_axis',(0.,0.,1.));
#7268=DIRECTION('',(0.,-1.,0.));
#7269=DIRECTION('',(0.,0.,1.));
#7270=DIRECTION('center_axis',(0.,0.,-1.));
#7271=DIRECTION('ref_axis',(1.,0.,0.));
#7272=DIRECTION('',(0.,-1.,0.));
#7273=DIRECTION('',(1.,0.,0.));
#7274=DIRECTION('center_axis',(-1.,0.,0.));
#7275=DIRECTION('ref_axis',(0.,0.,-1.));
#7276=DIRECTION('',(0.,-1.,0.));
#7277=DIRECTION('',(0.,0.,-1.));
#7278=DIRECTION('center_axis',(0.,0.,-1.));
#7279=DIRECTION('ref_axis',(1.,0.,0.));
#7280=DIRECTION('',(0.,-1.,0.));
#7281=DIRECTION('',(1.,0.,0.));
#7282=DIRECTION('center_axis',(-1.,0.,0.));
#7283=DIRECTION('ref_axis',(0.,0.,-1.));
#7284=DIRECTION('',(0.,0.,-1.));
#7285=DIRECTION('center_axis',(0.,1.,0.));
#7286=DIRECTION('ref_axis',(0.,0.,1.));
#7287=DIRECTION('center_axis',(-0.866025403784439,0.,0.499999999999999));
#7288=DIRECTION('ref_axis',(-0.499999999999999,0.,-0.866025403784439));
#7289=DIRECTION('',(0.,-1.,0.));
#7290=DIRECTION('center_axis',(-1.06831260354643E-15,0.,1.));
#7291=DIRECTION('ref_axis',(-1.,0.,-1.06831260354643E-15));
#7292=DIRECTION('',(0.,-1.,0.));
#7293=DIRECTION('center_axis',(0.866025403784438,0.,0.500000000000001));
#7294=DIRECTION('ref_axis',(-0.500000000000001,0.,0.866025403784438));
#7295=DIRECTION('center_axis',(-0.866025403784438,0.,0.5));
#7296=DIRECTION('ref_axis',(-0.5,0.,-0.866025403784438));
#7297=DIRECTION('',(0.,-1.,0.));
#7298=DIRECTION('center_axis',(5.34156301773212E-16,0.,1.));
#7299=DIRECTION('ref_axis',(-1.,0.,5.34156301773212E-16));
#7300=DIRECTION('',(0.,-1.,0.));
#7301=DIRECTION('center_axis',(0.866025403784439,0.,0.5));
#7302=DIRECTION('ref_axis',(-0.499999999999999,0.,0.866025403784439));
#7303=DIRECTION('center_axis',(0.,1.,0.));
#7304=DIRECTION('ref_axis',(0.,0.,1.));
#7305=DIRECTION('axis',(0.,0.,1.));
#7306=DIRECTION('refdir',(1.,0.,0.));
#7307=DIRECTION('center_axis',(0.,1.,0.));
#7308=DIRECTION('ref_axis',(1.,-2.76057147683725E-32,-6.45231582043828E-48));
#7309=DIRECTION('center_axis',(5.18987437645403E-32,1.,2.3373116307898E-16));
#7310=DIRECTION('ref_axis',(1.,-5.18987437645403E-32,-1.2130353742424E-47));
#7311=DIRECTION('',(0.707106781186571,-0.707106781186524,-8.65956056235522E-17));
#7312=DIRECTION('center_axis',(-5.18987437645403E-32,-1.,-2.3373116307898E-16));
#7313=DIRECTION('ref_axis',(1.,0.,0.));
#7314=DIRECTION('center_axis',(5.18987437645403E-32,1.,2.3373116307898E-16));
#7315=DIRECTION('ref_axis',(1.46081976924363E-16,-2.3373116307898E-16,1.));
#7316=DIRECTION('',(-1.46081976924363E-16,2.3373116307898E-16,-1.));
#7317=DIRECTION('',(1.,-5.18987437645403E-32,-1.2130353742424E-47));
#7318=DIRECTION('',(2.22044604925031E-16,-2.3373116307898E-16,1.));
#7319=DIRECTION('',(-1.,5.18987437645403E-32,0.));
#7320=DIRECTION('center_axis',(5.18987437645403E-32,1.,2.3373116307898E-16));
#7321=DIRECTION('ref_axis',(1.,-5.18987437645403E-32,-1.2130353742424E-47));
#7322=DIRECTION('center_axis',(0.,1.,0.));
#7323=DIRECTION('ref_axis',(1.,0.,0.));
#7324=DIRECTION('center_axis',(0.,1.,0.));
#7325=DIRECTION('ref_axis',(-1.,0.,0.));
#7326=DIRECTION('center_axis',(0.,1.,0.));
#7327=DIRECTION('ref_axis',(-1.,0.,0.));
#7328=DIRECTION('',(0.,1.,0.));
#7329=DIRECTION('center_axis',(0.,1.,0.));
#7330=DIRECTION('ref_axis',(1.,-2.76057147683725E-32,-6.45231582043828E-48));
#7331=DIRECTION('',(0.70710678118655,-0.707106781186545,-8.65956056235496E-17));
#7332=DIRECTION('center_axis',(-5.18987437645403E-32,-1.,-2.3373116307898E-16));
#7333=DIRECTION('ref_axis',(1.,0.,0.));
#7334=DIRECTION('center_axis',(0.,1.,0.));
#7335=DIRECTION('ref_axis',(1.,0.,0.));
#7336=DIRECTION('center_axis',(0.,1.,0.));
#7337=DIRECTION('ref_axis',(-1.,0.,0.));
#7338=DIRECTION('center_axis',(0.,1.,0.));
#7339=DIRECTION('ref_axis',(-1.,0.,0.));
#7340=DIRECTION('',(0.,1.,0.));
#7341=DIRECTION('center_axis',(0.,1.,0.));
#7342=DIRECTION('ref_axis',(1.,0.,0.));
#7343=DIRECTION('center_axis',(0.,1.,2.3373116307898E-16));
#7344=DIRECTION('ref_axis',(1.,0.,0.));
#7345=DIRECTION('',(0.707106781186521,-0.707106781186574,-8.65956056235461E-17));
#7346=DIRECTION('center_axis',(0.,-1.,-2.3373116307898E-16));
#7347=DIRECTION('ref_axis',(1.,0.,0.));
#7348=DIRECTION('center_axis',(0.,1.,2.3373116307898E-16));
#7349=DIRECTION('ref_axis',(0.,2.3373116307898E-16,-1.));
#7350=DIRECTION('',(0.,-2.3373116307898E-16,1.));
#7351=DIRECTION('',(-1.,0.,0.));
#7352=DIRECTION('',(1.30614473485313E-16,-2.3373116307898E-16,1.));
#7353=DIRECTION('',(1.,7.46044441615267E-32,-3.19189119579733E-16));
#7354=DIRECTION('center_axis',(0.,1.,2.3373116307898E-16));
#7355=DIRECTION('ref_axis',(1.,0.,0.));
#7356=DIRECTION('center_axis',(0.,1.,0.));
#7357=DIRECTION('ref_axis',(1.,0.,0.));
#7358=DIRECTION('center_axis',(0.,1.,0.));
#7359=DIRECTION('ref_axis',(-1.,0.,0.));
#7360=DIRECTION('center_axis',(0.,1.,0.));
#7361=DIRECTION('ref_axis',(-1.,0.,0.));
#7362=DIRECTION('',(0.,1.,0.));
#7363=DIRECTION('center_axis',(0.,1.,0.));
#7364=DIRECTION('ref_axis',(1.,0.,0.));
#7365=DIRECTION('',(0.707106781186542,-0.707106781186553,-8.65956056235487E-17));
#7366=DIRECTION('center_axis',(0.,-1.,-2.3373116307898E-16));
#7367=DIRECTION('ref_axis',(1.,0.,0.));
#7368=DIRECTION('center_axis',(0.,1.,0.));
#7369=DIRECTION('ref_axis',(1.,0.,0.));
#7370=DIRECTION('center_axis',(0.,1.,0.));
#7371=DIRECTION('ref_axis',(-1.,0.,0.));
#7372=DIRECTION('center_axis',(0.,1.,0.));
#7373=DIRECTION('ref_axis',(-1.,0.,0.));
#7374=DIRECTION('',(0.,1.,0.));
#7375=DIRECTION('center_axis',(0.577350269189626,0.577350269189602,-0.577350269189649));
#7376=DIRECTION('ref_axis',(-0.707106781186561,0.,-0.707106781186533));
#7377=DIRECTION('',(-0.707106781186532,0.707106781186563,0.));
#7378=DIRECTION('',(0.707106781186562,0.,0.707106781186533));
#7379=DIRECTION('',(-4.18691322315669E-14,-0.707106781186556,-0.707106781186539));
#7380=DIRECTION('center_axis',(0.70710678118655,0.,0.707106781186545));
#7381=DIRECTION('ref_axis',(0.707106781186545,0.,-0.70710678118655));
#7382=DIRECTION('',(0.,-1.,0.));
#7383=DIRECTION('',(0.577350269189622,0.577350269189634,-0.577350269189622));
#7384=DIRECTION('',(0.,1.,0.));
#7385=DIRECTION('',(-0.577350269189619,0.577350269189627,0.577350269189631));
#7386=DIRECTION('center_axis',(0.707106781186558,0.707106781186537,1.65272890387763E-16));
#7387=DIRECTION('ref_axis',(2.33731163078973E-16,0.,-1.));
#7388=DIRECTION('',(0.,2.3373116307898E-16,-1.));
#7389=DIRECTION('',(-0.577350269189617,0.577350269189634,0.577350269189626));
#7390=DIRECTION('',(0.577350269189619,-0.577350269189628,0.57735026918963));
#7391=DIRECTION('center_axis',(0.,0.707106781186548,0.707106781186548));
#7392=DIRECTION('ref_axis',(1.,0.,0.));
#7393=DIRECTION('',(1.,0.,0.));
#7394=DIRECTION('',(-0.577350269189623,0.577350269189633,-0.577350269189622));
#7395=DIRECTION('',(-1.,0.,0.));
#7396=DIRECTION('center_axis',(0.577350269189632,0.577350269189623,0.577350269189623));
#7397=DIRECTION('ref_axis',(0.707106781186542,0.,-0.707106781186553));
#7398=DIRECTION('',(0.,0.707106781186547,-0.707106781186547));
#7399=DIRECTION('',(-0.707106781186542,0.,0.707106781186553));
#7400=DIRECTION('',(0.707106781186542,-0.707106781186553,0.));
#7401=DIRECTION('center_axis',(0.707106781186553,0.,0.707106781186542));
#7402=DIRECTION('ref_axis',(0.707106781186542,0.,-0.707106781186553));
#7403=DIRECTION('',(0.,1.,0.));
#7404=DIRECTION('',(0.,-1.,0.));
#7405=DIRECTION('center_axis',(-0.707106781186547,0.,0.707106781186548));
#7406=DIRECTION('ref_axis',(0.707106781186548,0.,0.707106781186547));
#7407=DIRECTION('',(0.,1.,0.));
#7408=DIRECTION('',(-0.577350269189619,-0.577350269189625,-0.577350269189634));
#7409=DIRECTION('',(0.,-1.,0.));
#7410=DIRECTION('center_axis',(-0.707106781186545,0.70710678118655,2.6856844688012E-16));
#7411=DIRECTION('ref_axis',(3.79813140003345E-16,0.,1.));
#7412=DIRECTION('',(-0.577350269189628,-0.577350269189633,-0.577350269189616));
#7413=DIRECTION('',(1.46081976924363E-16,-2.3373116307898E-16,1.));
#7414=DIRECTION('',(0.577350269189626,0.577350269189623,-0.577350269189629));
#7415=DIRECTION('center_axis',(-0.577350269189617,0.577350269189631,0.577350269189631));
#7416=DIRECTION('ref_axis',(0.707106781186556,0.,0.707106781186539));
#7417=DIRECTION('',(0.707106781186556,0.707106781186539,0.));
#7418=DIRECTION('',(-0.707106781186556,0.,-0.707106781186539));
#7419=DIRECTION('',(0.,-0.707106781186547,0.707106781186547));
#7420=DIRECTION('center_axis',(-0.707106781186539,0.,0.707106781186556));
#7421=DIRECTION('ref_axis',(0.707106781186556,0.,0.707106781186539));
#7422=DIRECTION('',(0.,1.,0.));
#7423=DIRECTION('',(0.,-1.,0.));
#7424=DIRECTION('center_axis',(0.57735026918964,0.577350269189632,-0.577350269189606));
#7425=DIRECTION('ref_axis',(-0.707106781186527,0.,-0.707106781186568));
#7426=DIRECTION('',(-0.707106781186542,0.707106781186553,0.));
#7427=DIRECTION('',(0.707106781186527,0.,0.707106781186568));
#7428=DIRECTION('',(0.,-0.707106781186532,-0.707106781186563));
#7429=DIRECTION('center_axis',(0.707106781186568,0.,-0.707106781186527));
#7430=DIRECTION('ref_axis',(-0.707106781186527,0.,-0.707106781186568));
#7431=DIRECTION('',(0.,1.,0.));
#7432=DIRECTION('',(0.,-1.,0.));
#7433=DIRECTION('',(0.577350269189616,0.577350269189629,0.577350269189633));
#7434=DIRECTION('center_axis',(0.70710678118654,0.707106781186555,8.26364451939191E-18));
#7435=DIRECTION('ref_axis',(1.16865581539543E-17,0.,-1.));
#7436=DIRECTION('',(-2.22044604925031E-16,2.3373116307898E-16,-1.));
#7437=DIRECTION('',(-0.577350269189631,0.577350269189627,0.577350269189619));
#7438=DIRECTION('',(-0.577350269189629,0.57735026918962,-0.577350269189629));
#7439=DIRECTION('center_axis',(-0.577350269189621,0.577350269189631,-0.577350269189626));
#7440=DIRECTION('ref_axis',(-0.70710678118655,0.,0.707106781186545));
#7441=DIRECTION('',(5.23364152894593E-15,0.707106781186545,0.70710678118655));
#7442=DIRECTION('',(0.707106781186545,-1.04672830578918E-14,-0.70710678118655));
#7443=DIRECTION('',(-0.707106781186555,-0.70710678118654,2.61682076447299E-15));
#7444=DIRECTION('center_axis',(-0.70710678118655,1.65272890387765E-16,-0.707106781186545));
#7445=DIRECTION('ref_axis',(-0.707106781186545,0.,0.70710678118655));
#7446=DIRECTION('',(3.41439103714081E-32,1.,2.3373116307898E-16));
#7447=DIRECTION('',(-3.41439103714081E-32,-1.,-2.3373116307898E-16));
#7448=DIRECTION('center_axis',(-0.70710678118654,0.707106781186555,2.6856844688012E-16));
#7449=DIRECTION('ref_axis',(3.79813140003348E-16,0.,1.));
#7450=DIRECTION('',(-1.46081976924363E-16,2.3373116307898E-16,-1.));
#7451=DIRECTION('',(1.46081976924363E-16,-2.3373116307898E-16,1.));
#7452=DIRECTION('center_axis',(0.577350269189616,0.577350269189624,0.577350269189637));
#7453=DIRECTION('ref_axis',(0.707106781186561,0.,-0.707106781186534));
#7454=DIRECTION('',(1.57009245868379E-14,0.707106781186547,-0.707106781186547));
#7455=DIRECTION('',(-0.707106781186561,0.,0.707106781186534));
#7456=DIRECTION('',(0.707106781186553,-0.707106781186542,0.));
#7457=DIRECTION('center_axis',(0.707106781186534,0.,0.707106781186561));
#7458=DIRECTION('ref_axis',(0.707106781186561,0.,-0.707106781186534));
#7459=DIRECTION('',(0.,1.,0.));
#7460=DIRECTION('',(0.,-1.,0.));
#7461=DIRECTION('center_axis',(-0.57735026918964,0.577350269189654,-0.577350269189584));
#7462=DIRECTION('ref_axis',(-0.707106781186513,0.,0.707106781186582));
#7463=DIRECTION('',(1.17756934401278E-14,0.707106781186511,0.707106781186584));
#7464=DIRECTION('',(0.707106781186513,0.,-0.707106781186582));
#7465=DIRECTION('',(-0.707106781186556,-0.707106781186539,0.));
#7466=DIRECTION('center_axis',(-0.707106781186582,0.,-0.707106781186513));
#7467=DIRECTION('ref_axis',(-0.707106781186513,0.,0.707106781186582));
#7468=DIRECTION('',(0.,1.,0.));
#7469=DIRECTION('',(0.,-1.,0.));
#7470=DIRECTION('',(-0.577350269189623,0.577350269189625,0.577350269189629));
#7471=DIRECTION('center_axis',(-0.707106781186539,0.707106781186556,1.03295556492352E-16));
#7472=DIRECTION('ref_axis',(1.46081976924363E-16,0.,1.));
#7473=DIRECTION('',(-1.46081976924363E-16,0.,-1.));
#7474=DIRECTION('',(1.46081976924363E-16,0.,1.));
#7475=DIRECTION('center_axis',(-0.57735026918964,0.577350269189632,-0.577350269189606));
#7476=DIRECTION('ref_axis',(-0.707106781186526,0.,0.707106781186568));
#7477=DIRECTION('',(0.,0.707106781186532,0.707106781186563));
#7478=DIRECTION('',(0.707106781186532,1.04672830578918E-14,-0.707106781186563));
#7479=DIRECTION('',(-0.707106781186537,-0.707106781186558,-1.04672830578919E-14));
#7480=DIRECTION('center_axis',(0.577350269189622,0.57735026918963,-0.577350269189626));
#7481=DIRECTION('ref_axis',(-0.70710678118655,0.,-0.707106781186545));
#7482=DIRECTION('',(-0.707106781186553,0.707106781186542,0.));
#7483=DIRECTION('',(0.707106781186545,1.04672830578919E-14,0.70710678118655));
#7484=DIRECTION('',(0.,-0.707106781186545,-0.70710678118655));
#7485=DIRECTION('center_axis',(0.70710678118655,1.65272890387765E-16,-0.707106781186545));
#7486=DIRECTION('ref_axis',(-0.707106781186545,0.,-0.70710678118655));
#7487=DIRECTION('',(5.18987437645403E-32,1.,2.3373116307898E-16));
#7488=DIRECTION('',(-5.18987437645403E-32,-1.,-2.3373116307898E-16));
#7489=DIRECTION('center_axis',(0.,0.70710678118655,-0.707106781186545));
#7490=DIRECTION('ref_axis',(-1.,0.,0.));
#7491=DIRECTION('',(1.,0.,0.));
#7492=DIRECTION('',(-1.,0.,0.));
#7493=DIRECTION('center_axis',(0.577350269189643,0.577350269189651,-0.577350269189583));
#7494=DIRECTION('ref_axis',(-0.707106781186511,0.,-0.707106781186584));
#7495=DIRECTION('',(-0.707106781186553,0.707106781186542,1.04672830578918E-14));
#7496=DIRECTION('',(0.707106781186511,0.,0.707106781186584));
#7497=DIRECTION('',(1.04672830578914E-14,-0.707106781186511,-0.707106781186584));
#7498=DIRECTION('center_axis',(-0.577350269189636,-0.577350269189632,-0.57735026918961));
#7499=DIRECTION('ref_axis',(-0.707106781186531,0.,0.707106781186563));
#7500=DIRECTION('',(-0.707106781186532,0.,0.707106781186563));
#7501=DIRECTION('',(-4.18691322315678E-14,0.707106781186555,-0.70710678118654));
#7502=DIRECTION('',(0.707106781186561,-0.707106781186534,-3.14018491736749E-14));
#7503=DIRECTION('center_axis',(-0.57735026918963,-0.577350269189658,0.577350269189589));
#7504=DIRECTION('ref_axis',(0.707106781186523,0.,0.707106781186572));
#7505=DIRECTION('',(-0.707106781186561,0.707106781186534,5.23364152894581E-15));
#7506=DIRECTION('',(8.37382644631346E-14,-0.707106781186547,-0.707106781186548));
#7507=DIRECTION('',(0.707106781186523,0.,0.707106781186572));
#7508=DIRECTION('center_axis',(0.57735026918967,-0.577350269189598,-0.57735026918961));
#7509=DIRECTION('ref_axis',(-0.707106781186511,0.,-0.707106781186584));
#7510=DIRECTION('',(0.707106781186548,0.707106781186548,8.37382644631346E-14));
#7511=DIRECTION('',(0.,-0.707106781186555,0.70710678118654));
#7512=DIRECTION('',(-0.707106781186511,0.,-0.707106781186584));
#7513=DIRECTION('center_axis',(-9.327281932775E-17,-0.70710678118654,-0.707106781186555));
#7514=DIRECTION('ref_axis',(-1.,0.,1.31907686094078E-16));
#7515=DIRECTION('',(1.,0.,-1.31907686094078E-16));
#7516=DIRECTION('',(-1.,0.,1.31907686094078E-16));
#7517=DIRECTION('center_axis',(0.707106781186584,0.,-0.707106781186511));
#7518=DIRECTION('ref_axis',(-0.707106781186511,0.,-0.707106781186584));
#7519=DIRECTION('',(0.,-1.,0.));
#7520=DIRECTION('',(0.,1.,0.));
#7521=DIRECTION('center_axis',(0.577350269189626,-0.577350269189626,0.577350269189625));
#7522=DIRECTION('ref_axis',(0.707106781186547,0.,-0.707106781186548));
#7523=DIRECTION('',(0.707106781186553,0.,-0.707106781186542));
#7524=DIRECTION('',(0.,0.707106781186547,0.707106781186548));
#7525=DIRECTION('',(-0.707106781186545,-0.70710678118655,-5.23364152894593E-15));
#7526=DIRECTION('center_axis',(0.,-0.707106781186548,0.707106781186547));
#7527=DIRECTION('ref_axis',(1.,0.,0.));
#7528=DIRECTION('',(1.,0.,0.));
#7529=DIRECTION('',(-1.,0.,0.));
#7530=DIRECTION('center_axis',(0.707106781186548,-0.707106781186548,-1.57009245868378E-16));
#7531=DIRECTION('ref_axis',(-2.22044604925031E-16,0.,-1.));
#7532=DIRECTION('',(2.22044604925031E-16,0.,1.));
#7533=DIRECTION('',(-2.22044604925031E-16,0.,-1.));
#7534=DIRECTION('center_axis',(0.707106781186542,0.,0.707106781186553));
#7535=DIRECTION('ref_axis',(0.707106781186553,0.,-0.707106781186542));
#7536=DIRECTION('',(0.,-1.,0.));
#7537=DIRECTION('',(0.,1.,0.));
#7538=DIRECTION('',(-0.577350269189622,0.577350269189622,0.577350269189634));
#7539=DIRECTION('center_axis',(-0.707106781186572,0.,0.707106781186523));
#7540=DIRECTION('ref_axis',(0.707106781186523,0.,0.707106781186572));
#7541=DIRECTION('',(0.,-1.,0.));
#7542=DIRECTION('',(0.,1.,0.));
#7543=DIRECTION('',(-0.577350269189597,-0.577350269189632,-0.577350269189649));
#7544=DIRECTION('center_axis',(-0.707106781186534,-0.707106781186561,0.));
#7545=DIRECTION('ref_axis',(0.,0.,1.));
#7546=DIRECTION('',(0.,0.,-1.));
#7547=DIRECTION('',(0.,0.,1.));
#7548=DIRECTION('center_axis',(0.70710678118654,0.707106781186555,8.26364451939191E-18));
#7549=DIRECTION('ref_axis',(1.16865581539543E-17,0.,-1.));
#7550=DIRECTION('',(-2.22044604925031E-16,2.3373116307898E-16,-1.));
#7551=DIRECTION('',(2.22044604925031E-16,-2.3373116307898E-16,1.));
#7552=DIRECTION('center_axis',(-0.707106781186563,0.,-0.707106781186532));
#7553=DIRECTION('ref_axis',(-0.707106781186532,0.,0.707106781186563));
#7554=DIRECTION('',(0.,-1.,0.));
#7555=DIRECTION('',(0.,1.,0.));
#7556=DIRECTION('center_axis',(-9.32728193277442E-17,0.707106781186584,
-0.707106781186511));
#7557=DIRECTION('ref_axis',(-1.,0.,1.31907686094078E-16));
#7558=DIRECTION('',(1.,0.,-1.31907686094078E-16));
#7559=DIRECTION('',(-1.,0.,1.31907686094078E-16));
#7560=DIRECTION('center_axis',(0.707106781186542,0.707106781186553,-1.57009245868376E-16));
#7561=DIRECTION('ref_axis',(-2.22044604925031E-16,0.,-1.));
#7562=DIRECTION('',(2.22044604925031E-16,0.,1.));
#7563=DIRECTION('',(-2.22044604925031E-16,0.,-1.));
#7564=DIRECTION('center_axis',(-0.707106781186558,0.707106781186537,0.));
#7565=DIRECTION('ref_axis',(0.,0.,1.));
#7566=DIRECTION('',(0.,0.,-1.));
#7567=DIRECTION('',(0.,0.,1.));
#7568=DIRECTION('center_axis',(-9.3272819327747E-17,0.707106781186563,-0.707106781186532));
#7569=DIRECTION('ref_axis',(-1.,0.,1.31907686094078E-16));
#7570=DIRECTION('',(1.,0.,-1.31907686094078E-16));
#7571=DIRECTION('',(-1.,0.,1.31907686094078E-16));
#7572=DIRECTION('center_axis',(0.,0.707106781186548,0.707106781186548));
#7573=DIRECTION('ref_axis',(1.,0.,0.));
#7574=DIRECTION('',(-1.,0.,0.));
#7575=DIRECTION('',(1.,0.,0.));
#7576=DIRECTION('center_axis',(0.707106781186553,0.707106781186542,0.));
#7577=DIRECTION('ref_axis',(0.,0.,-1.));
#7578=DIRECTION('',(0.,0.,1.));
#7579=DIRECTION('',(0.,0.,-1.));
#7580=DIRECTION('center_axis',(-9.32728193277487E-17,0.70710678118655,-0.707106781186545));
#7581=DIRECTION('ref_axis',(-1.,0.,1.31907686094078E-16));
#7582=DIRECTION('',(1.,0.,-1.31907686094078E-16));
#7583=DIRECTION('',(-1.,0.,1.31907686094078E-16));
#7584=DIRECTION('center_axis',(0.,0.707106781186548,0.707106781186548));
#7585=DIRECTION('ref_axis',(1.,0.,0.));
#7586=DIRECTION('',(1.,0.,0.));
#7587=DIRECTION('',(-1.,0.,0.));
#7588=DIRECTION('',(0.57735026918962,-0.577350269189629,0.577350269189629));
#7589=DIRECTION('center_axis',(0.707106781186558,0.707106781186537,-9.23583799225764E-17));
#7590=DIRECTION('ref_axis',(-1.30614473485313E-16,0.,-1.));
#7591=DIRECTION('',(-1.30614473485313E-16,0.,-1.));
#7592=DIRECTION('',(1.30614473485313E-16,0.,1.));
#7593=DIRECTION('',(0.577350269189616,-0.577350269189633,-0.577350269189628));
#7594=DIRECTION('center_axis',(0.707106781186533,0.,-0.707106781186562));
#7595=DIRECTION('ref_axis',(-0.707106781186562,0.,-0.707106781186533));
#7596=DIRECTION('',(0.,1.,0.));
#7597=DIRECTION('',(0.,-1.,0.));
#7598=DIRECTION('center_axis',(-2.25700790935795E-16,0.707106781186539,
-0.707106781186556));
#7599=DIRECTION('ref_axis',(-1.,0.,3.19189119579733E-16));
#7600=DIRECTION('',(1.,0.,-3.19189119579733E-16));
#7601=DIRECTION('',(-1.,0.,3.19189119579733E-16));
#7602=DIRECTION('center_axis',(0.707106781186563,0.707106781186532,0.));
#7603=DIRECTION('ref_axis',(0.,0.,-1.));
#7604=DIRECTION('',(0.,0.,-1.));
#7605=DIRECTION('',(0.,0.,1.));
#7606=DIRECTION('center_axis',(-3.19189119579733E-16,0.,-1.));
#7607=DIRECTION('ref_axis',(-1.,-7.46044441615267E-32,3.19189119579733E-16));
#7608=DIRECTION('',(0.,1.,0.));
#7609=DIRECTION('center_axis',(0.,2.3373116307898E-16,-1.));
#7610=DIRECTION('ref_axis',(-1.,0.,0.));
#7611=DIRECTION('center_axis',(1.,0.,-1.46081976924363E-16));
#7612=DIRECTION('ref_axis',(-1.46081976924363E-16,0.,-1.));
#7613=DIRECTION('',(-1.46081976924363E-16,0.,-1.));
#7614=DIRECTION('center_axis',(0.,1.,0.));
#7615=DIRECTION('ref_axis',(0.,0.,1.));
#7616=DIRECTION('',(0.,0.,1.));
#7617=DIRECTION('center_axis',(0.,1.,0.));
#7618=DIRECTION('ref_axis',(0.,0.,1.));
#7619=DIRECTION('',(1.,0.,0.));
#7620=DIRECTION('center_axis',(0.,1.,0.));
#7621=DIRECTION('ref_axis',(0.,0.,1.));
#7622=DIRECTION('center_axis',(-1.31907686094078E-16,0.,-1.));
#7623=DIRECTION('ref_axis',(-1.,0.,1.31907686094078E-16));
#7624=DIRECTION('center_axis',(1.,0.,-2.22044604925031E-16));
#7625=DIRECTION('ref_axis',(-2.22044604925031E-16,0.,-1.));
#7626=DIRECTION('center_axis',(0.,1.,0.));
#7627=DIRECTION('ref_axis',(0.,0.,1.));
#7628=DIRECTION('center_axis',(0.,-1.,0.));
#7629=DIRECTION('ref_axis',(-1.,0.,0.));
#7630=DIRECTION('center_axis',(0.,-1.,0.));
#7631=DIRECTION('ref_axis',(-1.,0.,0.));
#7632=DIRECTION('center_axis',(0.,-1.,0.));
#7633=DIRECTION('ref_axis',(-1.,0.,0.));
#7634=DIRECTION('center_axis',(0.,-1.,0.));
#7635=DIRECTION('ref_axis',(-1.,0.,0.));
#7636=DIRECTION('center_axis',(-1.,0.,0.));
#7637=DIRECTION('ref_axis',(0.,0.,1.));
#7638=DIRECTION('center_axis',(0.,-1.,0.));
#7639=DIRECTION('ref_axis',(-1.,0.,0.));
#7640=DIRECTION('',(-0.707106781186548,0.707106781186547,-8.65956056235494E-17));
#7641=DIRECTION('center_axis',(0.,1.,0.));
#7642=DIRECTION('ref_axis',(-1.,0.,0.));
#7643=DIRECTION('center_axis',(0.,1.,0.));
#7644=DIRECTION('ref_axis',(-1.,0.,0.));
#7645=DIRECTION('center_axis',(0.,1.,0.));
#7646=DIRECTION('ref_axis',(1.,0.,0.));
#7647=DIRECTION('',(0.,1.,0.));
#7648=DIRECTION('center_axis',(0.,1.,0.));
#7649=DIRECTION('ref_axis',(1.,0.,0.));
#7650=DIRECTION('center_axis',(0.,-1.,0.));
#7651=DIRECTION('ref_axis',(-1.,0.,0.));
#7652=DIRECTION('',(0.707106781186548,-0.707106781186548,-8.65956056235493E-17));
#7653=DIRECTION('center_axis',(0.,-1.,0.));
#7654=DIRECTION('ref_axis',(-1.,0.,0.));
#7655=DIRECTION('center_axis',(0.,-1.,0.));
#7656=DIRECTION('ref_axis',(0.,0.,-1.));
#7657=DIRECTION('center_axis',(0.,-1.,0.));
#7658=DIRECTION('ref_axis',(-1.,0.,0.));
#7659=DIRECTION('',(-0.707106781186548,0.707106781186547,-8.65956056235494E-17));
#7660=DIRECTION('center_axis',(0.,1.,0.));
#7661=DIRECTION('ref_axis',(-1.,0.,0.));
#7662=DIRECTION('center_axis',(0.,1.,0.));
#7663=DIRECTION('ref_axis',(-1.,0.,0.));
#7664=DIRECTION('center_axis',(0.,1.,0.));
#7665=DIRECTION('ref_axis',(1.,0.,0.));
#7666=DIRECTION('',(0.,1.,0.));
#7667=DIRECTION('center_axis',(0.,1.,0.));
#7668=DIRECTION('ref_axis',(1.,0.,0.));
#7669=DIRECTION('center_axis',(0.,-1.,0.));
#7670=DIRECTION('ref_axis',(-1.,0.,0.));
#7671=DIRECTION('',(0.707106781186548,-0.707106781186548,-8.65956056235493E-17));
#7672=DIRECTION('center_axis',(0.,-1.,0.));
#7673=DIRECTION('ref_axis',(-1.,0.,0.));
#7674=DIRECTION('center_axis',(0.,-1.,0.));
#7675=DIRECTION('ref_axis',(0.,0.,-1.));
#7676=DIRECTION('center_axis',(0.,-1.,0.));
#7677=DIRECTION('ref_axis',(-1.,0.,0.));
#7678=DIRECTION('',(0.70710678118654,-0.707106781186555,-8.65956056235484E-17));
#7679=DIRECTION('center_axis',(0.,-1.,0.));
#7680=DIRECTION('ref_axis',(-1.,0.,0.));
#7681=DIRECTION('center_axis',(0.,-1.,0.));
#7682=DIRECTION('ref_axis',(0.,0.,-1.));
#7683=DIRECTION('center_axis',(0.,1.,0.));
#7684=DIRECTION('ref_axis',(1.,0.,0.));
#7685=DIRECTION('center_axis',(0.,-1.,0.));
#7686=DIRECTION('ref_axis',(-1.,0.,0.));
#7687=DIRECTION('',(-0.70710678118654,0.707106781186555,-8.65956056235484E-17));
#7688=DIRECTION('center_axis',(0.,1.,0.));
#7689=DIRECTION('ref_axis',(-1.,0.,0.));
#7690=DIRECTION('center_axis',(0.,1.,0.));
#7691=DIRECTION('ref_axis',(-1.,0.,0.));
#7692=DIRECTION('center_axis',(0.,1.,0.));
#7693=DIRECTION('ref_axis',(1.,0.,0.));
#7694=DIRECTION('',(0.,1.,0.));
#7695=DIRECTION('center_axis',(0.,-1.,0.));
#7696=DIRECTION('ref_axis',(-1.,0.,0.));
#7697=DIRECTION('',(0.70710678118654,-0.707106781186555,-8.65956056235484E-17));
#7698=DIRECTION('center_axis',(0.,-1.,0.));
#7699=DIRECTION('ref_axis',(-1.,0.,0.));
#7700=DIRECTION('center_axis',(0.,-1.,0.));
#7701=DIRECTION('ref_axis',(0.,0.,-1.));
#7702=DIRECTION('center_axis',(0.,1.,0.));
#7703=DIRECTION('ref_axis',(1.,0.,0.));
#7704=DIRECTION('center_axis',(0.,-1.,0.));
#7705=DIRECTION('ref_axis',(-1.,0.,0.));
#7706=DIRECTION('',(-0.70710678118654,0.707106781186555,-8.65956056235484E-17));
#7707=DIRECTION('center_axis',(0.,1.,0.));
#7708=DIRECTION('ref_axis',(-1.,0.,0.));
#7709=DIRECTION('center_axis',(0.,1.,0.));
#7710=DIRECTION('ref_axis',(-1.,0.,0.));
#7711=DIRECTION('center_axis',(0.,1.,0.));
#7712=DIRECTION('ref_axis',(1.,0.,0.));
#7713=DIRECTION('',(0.,1.,0.));
#7714=DIRECTION('center_axis',(0.,1.,2.3373116307898E-16));
#7715=DIRECTION('ref_axis',(0.,-2.3373116307898E-16,1.));
#7716=DIRECTION('',(1.,2.45836154674138E-32,-1.05179023385541E-16));
#7717=DIRECTION('center_axis',(0.,0.,1.));
#7718=DIRECTION('ref_axis',(1.,0.,0.));
#7719=DIRECTION('center_axis',(0.,0.,1.));
#7720=DIRECTION('ref_axis',(1.,0.,0.));
#7721=DIRECTION('',(0.,1.,0.));
#7722=DIRECTION('center_axis',(1.,0.,-1.30614473485313E-16));
#7723=DIRECTION('ref_axis',(-1.30614473485313E-16,2.3373116307898E-16,-1.));
#7724=DIRECTION('center_axis',(-1.,0.,0.));
#7725=DIRECTION('ref_axis',(0.,0.,1.));
#7726=DIRECTION('center_axis',(0.,0.,1.));
#7727=DIRECTION('ref_axis',(1.,0.,0.));
#7728=DIRECTION('axis',(0.,0.,1.));
#7729=DIRECTION('refdir',(1.,0.,0.));
#7730=DIRECTION('center_axis',(0.,1.,0.));
#7731=DIRECTION('ref_axis',(1.,0.,0.));
#7732=DIRECTION('center_axis',(0.,-1.,0.));
#7733=DIRECTION('ref_axis',(1.,0.,0.));
#7734=DIRECTION('center_axis',(0.,-1.,0.));
#7735=DIRECTION('ref_axis',(1.,0.,0.));
#7736=DIRECTION('',(0.707106781186548,-0.707106781186547,-8.65956056235494E-17));
#7737=DIRECTION('center_axis',(0.,1.,0.));
#7738=DIRECTION('ref_axis',(1.,0.,0.));
#7739=DIRECTION('center_axis',(0.,1.,0.));
#7740=DIRECTION('ref_axis',(-1.,0.,0.));
#7741=DIRECTION('center_axis',(0.,1.,0.));
#7742=DIRECTION('ref_axis',(1.,0.,0.));
#7743=DIRECTION('center_axis',(0.,1.,0.));
#7744=DIRECTION('ref_axis',(1.,0.,0.));
#7745=DIRECTION('',(0.,-1.,0.));
#7746=DIRECTION('center_axis',(0.,1.,0.));
#7747=DIRECTION('ref_axis',(0.,0.,1.));
#7748=DIRECTION('center_axis',(0.,-1.,0.));
#7749=DIRECTION('ref_axis',(1.,0.,0.));
#7750=DIRECTION('center_axis',(0.,-1.,0.));
#7751=DIRECTION('ref_axis',(1.,0.,0.));
#7752=DIRECTION('',(-0.707106781186548,-0.707106781186547,8.65956056235494E-17));
#7753=DIRECTION('center_axis',(0.,1.,0.));
#7754=DIRECTION('ref_axis',(0.,0.,1.));
#7755=DIRECTION('axis',(0.,0.,1.));
#7756=DIRECTION('refdir',(1.,0.,0.));
#7757=DIRECTION('center_axis',(0.,1.,0.));
#7758=DIRECTION('ref_axis',(0.,0.,1.));
#7759=DIRECTION('',(0.,0.,1.));
#7760=DIRECTION('',(-1.,0.,0.));
#7761=DIRECTION('',(0.,0.,-1.));
#7762=DIRECTION('',(1.,0.,0.));
#7763=DIRECTION('center_axis',(0.,0.,1.));
#7764=DIRECTION('ref_axis',(1.,0.,0.));
#7765=DIRECTION('',(0.,1.,0.));
#7766=DIRECTION('',(1.,0.,0.));
#7767=DIRECTION('',(0.,-1.,0.));
#7768=DIRECTION('',(-1.,0.,0.));
#7769=DIRECTION('center_axis',(0.,-0.707106781186548,-0.707106781186548));
#7770=DIRECTION('ref_axis',(0.,0.707106781186548,-0.707106781186548));
#7771=DIRECTION('',(-1.,0.,0.));
#7772=DIRECTION('',(0.,-0.707106781186547,0.707106781186547));
#7773=DIRECTION('',(1.,0.,0.));
#7774=DIRECTION('',(0.,0.707106781186547,-0.707106781186547));
#7775=DIRECTION('center_axis',(1.,0.,0.));
#7776=DIRECTION('ref_axis',(0.,0.,-1.));
#7777=DIRECTION('',(0.,1.,0.));
#7778=DIRECTION('',(0.,-0.707106781186547,0.707106781186547));
#7779=DIRECTION('',(0.,0.,-1.));
#7780=DIRECTION('center_axis',(1.,0.,0.));
#7781=DIRECTION('ref_axis',(0.,0.,-1.));
#7782=DIRECTION('',(0.,0.,1.));
#7783=DIRECTION('',(0.,0.707106781186547,-0.707106781186547));
#7784=DIRECTION('',(0.,-1.,0.));
#7785=DIRECTION('center_axis',(0.707106781186546,-0.707106781186549,0.));
#7786=DIRECTION('ref_axis',(0.,0.,1.));
#7787=DIRECTION('',(0.451100166003605,0.451100166003603,-0.770076152379128));
#7788=DIRECTION('',(-0.707106781186549,-0.707106781186546,-9.1854331828414E-17));
#7789=DIRECTION('center_axis',(0.,0.,-1.));
#7790=DIRECTION('ref_axis',(-1.,0.,0.));
#7791=DIRECTION('',(0.,1.,0.));
#7792=DIRECTION('',(-2.45326946669341E-15,-1.,0.));
#7793=DIRECTION('center_axis',(0.707106781186549,0.707106781186546,0.));
#7794=DIRECTION('ref_axis',(0.,0.,-1.));
#7795=DIRECTION('',(-0.707106781186546,0.707106781186549,-9.18543318284139E-17));
#7796=DIRECTION('',(0.451100166003603,-0.451100166003604,0.770076152379129));
#7797=DIRECTION('center_axis',(0.,0.707106781186546,0.707106781186549));
#7798=DIRECTION('ref_axis',(-1.,0.,0.));
#7799=DIRECTION('',(9.61481343191785E-17,0.707106781186549,-0.707106781186546));
#7800=DIRECTION('',(-2.472095916683E-15,-0.707106781186549,0.707106781186546));
#7801=DIRECTION('center_axis',(0.577350269189624,-0.577350269189626,-0.577350269189628));
#7802=DIRECTION('ref_axis',(-2.77555756156289E-17,0.707106781186549,-0.707106781186546));
#7803=DIRECTION('',(-0.707106781186549,2.37594778236383E-15,-0.707106781186546));
#7804=DIRECTION('center_axis',(0.862856209461017,-2.11681879281752E-15,
0.505449465124424));
#7805=DIRECTION('ref_axis',(0.505449465124424,-1.97215226305253E-31,-0.862856209461017));
#7806=DIRECTION('',(0.500000000000001,0.146446609406727,-0.853553390593273));
#7807=DIRECTION('center_axis',(-0.862856209461017,0.,0.505449465124423));
#7808=DIRECTION('ref_axis',(0.505449465124423,0.,0.862856209461017));
#7809=DIRECTION('',(0.499999999999999,-0.146446609406726,0.853553390593274));
#7810=DIRECTION('center_axis',(-0.577350269189626,-0.577350269189624,-0.577350269189628));
#7811=DIRECTION('ref_axis',(-0.707106781186549,-2.77555756156289E-17,0.707106781186546));
#7812=DIRECTION('',(-0.707106781186549,-2.77555756156289E-17,0.707106781186546));
#7813=DIRECTION('center_axis',(0.707106781186546,0.,-0.707106781186549));
#7814=DIRECTION('ref_axis',(0.,-1.,0.));
#7815=DIRECTION('',(-0.500000000000001,0.707106781186547,-0.499999999999999));
#7816=DIRECTION('center_axis',(0.707106781186546,0.500000000000001,0.500000000000001));
#7817=DIRECTION('ref_axis',(0.,0.707106781186548,-0.707106781186548));
#7818=DIRECTION('',(0.451100166003605,-0.863502055752851,0.225550083001801));
#7819=DIRECTION('center_axis',(0.707106781186548,-0.5,-0.5));
#7820=DIRECTION('ref_axis',(0.,-0.707106781186548,0.707106781186548));
#7821=DIRECTION('',(0.451100166003604,0.863502055752852,-0.2255500830018));
#7822=DIRECTION('center_axis',(0.707106781186546,0.,0.707106781186549));
#7823=DIRECTION('ref_axis',(0.,1.,0.));
#7824=DIRECTION('',(-0.500000000000001,-0.707106781186547,0.499999999999999));
#7825=DIRECTION('center_axis',(0.862856209461016,0.357406744336596,-0.357406744336592));
#7826=DIRECTION('ref_axis',(-0.382683432365093,0.923879532511286,1.38777878078145E-17));
#7827=DIRECTION('',(-2.44469903983822E-15,-0.70710678118654,-0.707106781186555));
#7828=DIRECTION('center_axis',(-0.862856209461016,0.357406744336595,-0.357406744336593));
#7829=DIRECTION('ref_axis',(-0.382683432365091,-0.923879532511286,0.));
#7830=DIRECTION('',(-4.95373226493535E-15,0.70710678118654,0.707106781186555));
#7831=DIRECTION('center_axis',(0.,-0.707106781186555,0.70710678118654));
#7832=DIRECTION('ref_axis',(-1.,0.,0.));
#7833=DIRECTION('axis',(0.,0.,1.));
#7834=DIRECTION('refdir',(1.,0.,0.));
#7835=DIRECTION('center_axis',(0.,0.,1.));
#7836=DIRECTION('ref_axis',(0.,1.,0.));
#7837=DIRECTION('',(0.,1.,0.));
#7838=DIRECTION('',(-1.,0.,0.));
#7839=DIRECTION('',(0.,1.,0.));
#7840=DIRECTION('',(-1.,0.,0.));
#7841=DIRECTION('center_axis',(0.,-1.,0.));
#7842=DIRECTION('ref_axis',(0.,0.,1.));
#7843=DIRECTION('',(0.,0.,1.));
#7844=DIRECTION('',(-1.,0.,0.));
#7845=DIRECTION('',(0.,0.,1.));
#7846=DIRECTION('center_axis',(0.,0.,-1.));
#7847=DIRECTION('ref_axis',(0.,-1.,0.));
#7848=DIRECTION('',(0.,-1.,0.));
#7849=DIRECTION('',(-1.,0.,0.));
#7850=DIRECTION('',(0.,-1.,0.));
#7851=DIRECTION('center_axis',(0.,1.,0.));
#7852=DIRECTION('ref_axis',(0.,0.,-1.));
#7853=DIRECTION('',(0.,0.,-1.));
#7854=DIRECTION('',(0.,0.,-1.));
#7855=DIRECTION('center_axis',(1.,0.,0.));
#7856=DIRECTION('ref_axis',(0.,0.,-1.));
#7857=DIRECTION('center_axis',(1.,0.,0.));
#7858=DIRECTION('ref_axis',(0.,0.,1.));
#7859=DIRECTION('center_axis',(0.,0.,1.));
#7860=DIRECTION('ref_axis',(0.,-1.,0.));
#7861=DIRECTION('',(0.,-1.,0.));
#7862=DIRECTION('',(1.,0.,0.));
#7863=DIRECTION('',(0.,-1.,0.));
#7864=DIRECTION('',(1.,0.,0.));
#7865=DIRECTION('center_axis',(0.,1.,0.));
#7866=DIRECTION('ref_axis',(0.,0.,1.));
#7867=DIRECTION('',(0.,0.,1.));
#7868=DIRECTION('',(1.,0.,0.));
#7869=DIRECTION('',(0.,0.,1.));
#7870=DIRECTION('center_axis',(0.,0.,-1.));
#7871=DIRECTION('ref_axis',(0.,1.,0.));
#7872=DIRECTION('',(0.,1.,0.));
#7873=DIRECTION('',(1.,0.,0.));
#7874=DIRECTION('',(0.,1.,0.));
#7875=DIRECTION('center_axis',(0.,-1.,0.));
#7876=DIRECTION('ref_axis',(0.,0.,-1.));
#7877=DIRECTION('',(0.,0.,-1.));
#7878=DIRECTION('',(0.,0.,-1.));
#7879=DIRECTION('center_axis',(-1.,0.,0.));
#7880=DIRECTION('ref_axis',(0.,0.,1.));
#7881=DIRECTION('center_axis',(-1.,0.,0.));
#7882=DIRECTION('ref_axis',(0.,0.,1.));
#7883=DIRECTION('center_axis',(1.,0.,0.));
#7884=DIRECTION('ref_axis',(0.,0.,1.));
#7885=DIRECTION('',(1.,0.,0.));
#7886=DIRECTION('center_axis',(0.,1.,0.));
#7887=DIRECTION('ref_axis',(-1.,0.,0.));
#7888=DIRECTION('',(-1.,0.,0.));
#7889=DIRECTION('',(0.,0.,1.));
#7890=DIRECTION('',(-1.,0.,0.));
#7891=DIRECTION('',(0.,0.,1.));
#7892=DIRECTION('center_axis',(1.,0.,0.));
#7893=DIRECTION('ref_axis',(0.,1.,0.));
#7894=DIRECTION('',(0.,1.,0.));
#7895=DIRECTION('',(0.,1.,0.));
#7896=DIRECTION('',(0.,0.,1.));
#7897=DIRECTION('center_axis',(0.,1.,0.));
#7898=DIRECTION('ref_axis',(-1.,0.,0.));
#7899=DIRECTION('',(-1.,0.,0.));
#7900=DIRECTION('',(-1.,0.,0.));
#7901=DIRECTION('',(0.,0.,1.));
#7902=DIRECTION('center_axis',(1.,0.,0.));
#7903=DIRECTION('ref_axis',(0.,1.,0.));
#7904=DIRECTION('',(0.,1.,0.));
#7905=DIRECTION('',(0.,1.,0.));
#7906=DIRECTION('',(0.,0.,1.));
#7907=DIRECTION('',(0.,0.,1.));
#7908=DIRECTION('center_axis',(1.,0.,0.));
#7909=DIRECTION('ref_axis',(0.,1.,0.));
#7910=DIRECTION('',(0.,1.,0.));
#7911=DIRECTION('',(0.,1.,0.));
#7912=DIRECTION('',(0.,0.,1.));
#7913=DIRECTION('center_axis',(0.,-1.,0.));
#7914=DIRECTION('ref_axis',(1.,0.,0.));
#7915=DIRECTION('',(1.,0.,0.));
#7916=DIRECTION('',(1.,0.,0.));
#7917=DIRECTION('',(0.,0.,1.));
#7918=DIRECTION('center_axis',(1.,0.,0.));
#7919=DIRECTION('ref_axis',(0.,1.,0.));
#7920=DIRECTION('',(0.,1.,0.));
#7921=DIRECTION('',(0.,1.,0.));
#7922=DIRECTION('',(0.,0.,1.));
#7923=DIRECTION('center_axis',(0.,-1.,0.));
#7924=DIRECTION('ref_axis',(1.,0.,0.));
#7925=DIRECTION('',(1.,0.,0.));
#7926=DIRECTION('',(1.,0.,0.));
#7927=DIRECTION('',(0.,0.,1.));
#7928=DIRECTION('center_axis',(-1.,0.,0.));
#7929=DIRECTION('ref_axis',(0.,-1.,0.));
#7930=DIRECTION('',(0.,-1.,0.));
#7931=DIRECTION('',(0.,-1.,0.));
#7932=DIRECTION('',(0.,0.,1.));
#7933=DIRECTION('center_axis',(0.,-1.,0.));
#7934=DIRECTION('ref_axis',(1.,0.,0.));
#7935=DIRECTION('',(1.,0.,0.));
#7936=DIRECTION('',(1.,0.,0.));
#7937=DIRECTION('',(0.,0.,1.));
#7938=DIRECTION('center_axis',(-1.,0.,0.));
#7939=DIRECTION('ref_axis',(0.,-1.,0.));
#7940=DIRECTION('',(0.,-1.,0.));
#7941=DIRECTION('',(0.,-1.,0.));
#7942=DIRECTION('',(0.,0.,1.));
#7943=DIRECTION('',(0.,0.,1.));
#7944=DIRECTION('center_axis',(-1.,0.,0.));
#7945=DIRECTION('ref_axis',(0.,-1.,0.));
#7946=DIRECTION('',(0.,-1.,0.));
#7947=DIRECTION('',(0.,-1.,0.));
#7948=DIRECTION('',(0.,0.,1.));
#7949=DIRECTION('center_axis',(0.,1.,0.));
#7950=DIRECTION('ref_axis',(-1.,0.,0.));
#7951=DIRECTION('',(-1.,0.,0.));
#7952=DIRECTION('',(-1.,0.,0.));
#7953=DIRECTION('',(0.,0.,1.));
#7954=DIRECTION('center_axis',(-1.,0.,0.));
#7955=DIRECTION('ref_axis',(0.,-1.,0.));
#7956=DIRECTION('',(0.,-1.,0.));
#7957=DIRECTION('',(0.,-1.,0.));
#7958=DIRECTION('center_axis',(0.,0.,1.));
#7959=DIRECTION('ref_axis',(1.,0.,0.));
#7960=DIRECTION('center_axis',(0.,0.,1.));
#7961=DIRECTION('ref_axis',(1.,0.,0.));
#7962=DIRECTION('',(3.85513874701126E-16,-2.69292994336505E-16,1.));
#7963=DIRECTION('',(1.,9.43689570931384E-16,-3.85513874701126E-16));
#7964=DIRECTION('',(3.53883589099269E-16,1.94631603940722E-17,1.));
#7965=DIRECTION('',(1.,4.44089209850062E-16,-3.53883589099269E-16));
#7966=DIRECTION('',(-4.76614034612415E-32,-2.11083397988961E-16,1.));
#7967=DIRECTION('',(1.,-3.75242609616432E-49,4.76614034612415E-32));
#7968=DIRECTION('',(1.,2.08333942935568E-16,-8.46323162478386E-16));
#7969=DIRECTION('',(-8.46323162478386E-16,2.1108339798896E-16,-1.));
#7970=DIRECTION('',(0.173648177666931,-0.984807753012208,-1.62569930072405E-16));
#7971=DIRECTION('',(0.984807753012208,0.173648177666931,-3.32894814974441E-16));
#7972=DIRECTION('',(2.35848994307397E-31,1.,2.11083397988961E-16));
#7973=DIRECTION('',(1.,-1.54473415663593E-31,-3.85513874701126E-16));
#7974=CARTESIAN_POINT('',(0.,0.,0.));
#7975=CARTESIAN_POINT('',(0.,0.,0.));
#7976=CARTESIAN_POINT('Origin',(-130.970281504436,4.25610561964771,-4.85453696797756));
#7977=CARTESIAN_POINT('',(-133.004257654151,7.30000000000001,-8.09686269665969));
#7978=CARTESIAN_POINT('',(-132.613110351943,7.58062430400808,-7.98062430400807));
#7979=CARTESIAN_POINT('',(-129.882018651197,9.54001582576416,-7.1690177616979));
#7980=CARTESIAN_POINT('',(-132.797501995997,7.9,-8.29999999999999));
#7981=CARTESIAN_POINT('',(-130.782309464167,4.40958414783734,-4.80958414783735));
#7982=CARTESIAN_POINT('',(-133.121539030917,7.50313730334034,-8.30000000000002));
#7983=CARTESIAN_POINT('',(-134.918610381615,5.30218338304895,-8.29999999999999));
#7984=CARTESIAN_POINT('',(-131.158253544705,4.10262709145808,-4.89948978811777));
#7985=CARTESIAN_POINT('Origin',(-105.3,7.75,-8.15));
#7986=CARTESIAN_POINT('',(-132.601923788647,7.6,-7.99999999999999));
#7987=CARTESIAN_POINT('',(-131.478462290855,9.54589239452222,-9.9458923945222));
#7988=CARTESIAN_POINT('',(-85.1,7.6,-8.));
#7989=CARTESIAN_POINT('',(-105.3,7.6,-7.99999999999999));
#7990=CARTESIAN_POINT('',(-85.7575260777782,7.9,-8.3));
#7991=CARTESIAN_POINT('',(-85.1,7.6,-8.));
#7992=CARTESIAN_POINT('',(-105.3,7.9,-8.29999999999999));
#7993=CARTESIAN_POINT('Origin',(-135.752135915302,10.6258654976919,-11.2242968460218));
#7994=CARTESIAN_POINT('',(-137.786889648057,7.58062430400802,-7.98062430400801));
#7995=CARTESIAN_POINT('',(-137.395742345849,7.3,-8.09686269665968));
#7996=CARTESIAN_POINT('',(-133.019488095074,4.1603048100973,-9.39736702603522));
#7997=CARTESIAN_POINT('',(-137.278460969083,7.50313730334033,-8.30000000000002));
#7998=CARTESIAN_POINT('',(-135.564163875033,10.4723869695023,-11.269249666162));
#7999=CARTESIAN_POINT('',(-137.602498004003,7.9,-8.29999999999999));
#8000=CARTESIAN_POINT('',(-138.386139250859,8.85976059809775,-8.29999999999999));
#8001=CARTESIAN_POINT('',(-135.940107955571,10.7793440258816,-11.1793440258815));
#8002=CARTESIAN_POINT('Origin',(-139.356921938165,7.6,-4.70000000000001));
#8003=CARTESIAN_POINT('',(-139.356921938165,7.3,-4.70000000000001));
#8004=CARTESIAN_POINT('',(-128.114230484541,7.3,-24.1729128114972));
#8005=CARTESIAN_POINT('',(-139.356921938165,4.,-4.70000000000001));
#8006=CARTESIAN_POINT('',(-139.356921938165,7.6,-4.70000000000001));
#8007=CARTESIAN_POINT('',(-137.278460969083,4.,-8.30000000000002));
#8008=CARTESIAN_POINT('',(-137.278460969083,4.,-8.30000000000002));
#8009=CARTESIAN_POINT('',(-137.278460969083,7.6,-8.30000000000002));
#8010=CARTESIAN_POINT('Origin',(-133.19400420985,15.0566795839879,-17.7448890676823));
#8011=CARTESIAN_POINT('',(-137.395742345849,7.3,-25.3031373033403));
#8012=CARTESIAN_POINT('',(-137.786889648057,7.58062430400807,-25.4193756959919));
#8013=CARTESIAN_POINT('',(-132.311406389187,3.6522994249807,-23.7922102536914));
#8014=CARTESIAN_POINT('',(-137.602498004003,7.9,-25.1));
#8015=CARTESIAN_POINT('',(-133.381976250119,15.2101581121775,-17.7898418878226));
#8016=CARTESIAN_POINT('',(-137.278460969083,7.50313730334029,-25.1));
#8017=CARTESIAN_POINT('',(-127.959836275424,-3.90980049864051,-25.1));
#8018=CARTESIAN_POINT('',(-133.006032169581,14.9032010557982,-17.6999362475421));
#8019=CARTESIAN_POINT('Origin',(-77.8,7.75,-25.25));
#8020=CARTESIAN_POINT('',(-137.798076211353,7.6,-25.4));
#8021=CARTESIAN_POINT('',(-135.007251994859,2.7661506620382,-30.2338493379618));
#8022=CARTESIAN_POINT('',(-140.1,7.6,-25.4));
#8023=CARTESIAN_POINT('',(-77.8,7.6,-25.4));
#8024=CARTESIAN_POINT('',(-140.1,7.9,-25.1));
#8025=CARTESIAN_POINT('',(-140.1,7.6,-25.4));
#8026=CARTESIAN_POINT('',(-77.8,7.9,-25.1));
#8027=CARTESIAN_POINT('Origin',(-128.412149798984,-0.174708466648339,-32.9762771183184));
#8028=CARTESIAN_POINT('',(-132.613110351943,7.58062430400807,-25.4193756959919));
#8029=CARTESIAN_POINT('',(-133.004257654151,7.30000000000001,-25.3031373033403));
#8030=CARTESIAN_POINT('',(-129.173936945309,10.048021210881,-26.441404958576));
#8031=CARTESIAN_POINT('',(-133.121539030917,7.50313730334031,-25.1));
#8032=CARTESIAN_POINT('',(-128.600121839253,-0.328186994837972,-32.9313242981782));
#8033=CARTESIAN_POINT('',(-132.797501995997,7.9,-25.1));
#8034=CARTESIAN_POINT('',(-124.49230740618,18.0717444797872,-25.1));
#8035=CARTESIAN_POINT('',(-128.224177758715,-0.0212299384587054,-33.0212299384586));
#8036=CARTESIAN_POINT('Origin',(-131.043078061835,7.6,-28.7));
#8037=CARTESIAN_POINT('',(-131.043078061835,7.3,-28.7));
#8038=CARTESIAN_POINT('',(-126.035769515459,7.3,-37.3729128114972));
#8039=CARTESIAN_POINT('',(-131.043078061835,4.,-28.7));
#8040=CARTESIAN_POINT('',(-131.043078061835,7.6,-28.7));
#8041=CARTESIAN_POINT('',(-133.121539030917,4.,-25.1));
#8042=CARTESIAN_POINT('',(-133.121539030917,4.,-25.1));
#8043=CARTESIAN_POINT('',(-133.121539030917,7.6,-25.1));
#8044=CARTESIAN_POINT('Origin',(-126.945096189432,7.45,2.09791281149714));
#8045=CARTESIAN_POINT('',(-131.043078061835,7.3,-4.70000000000001));
#8046=CARTESIAN_POINT('',(-127.075,7.3,2.17291281149713));
#8047=CARTESIAN_POINT('',(-130.696667900321,7.6,-4.69999999999999));
#8048=CARTESIAN_POINT('',(-126.845605412353,10.9351179461419,-4.69999999999977));
#8049=CARTESIAN_POINT('',(-126.815192378865,7.6,2.02291281149714));
#8050=CARTESIAN_POINT('Origin',(-133.121539030917,7.6,-8.30000000000002));
#8051=CARTESIAN_POINT('',(-133.121539030917,4.,-8.30000000000002));
#8052=CARTESIAN_POINT('',(-133.121539030917,7.6,-8.30000000000002));
#8053=CARTESIAN_POINT('',(-131.043078061835,4.,-4.70000000000001));
#8054=CARTESIAN_POINT('',(-131.043078061835,4.,-4.70000000000001));
#8055=CARTESIAN_POINT('',(-131.043078061835,7.6,-4.70000000000001));
#8056=CARTESIAN_POINT('Origin',(-128.244134295109,7.45,-24.2479128114972));
#8057=CARTESIAN_POINT('',(-139.703332099679,7.6,-4.69999999999999));
#8058=CARTESIAN_POINT('',(-134.268680301933,2.89345348242933,-4.70000000000027));
#8059=CARTESIAN_POINT('',(-137.798076211353,7.6,-7.99999999999999));
#8060=CARTESIAN_POINT('',(-136.823076211353,5.91125046262018,-6.31125046262017));
#8061=CARTESIAN_POINT('',(-128.374038105677,7.6,-24.3229128114972));
#8062=CARTESIAN_POINT('Origin',(-125.905865704891,7.45,-37.2979128114972));
#8063=CARTESIAN_POINT('',(-130.696667900321,7.6,-28.7));
#8064=CARTESIAN_POINT('',(-126.845605412352,10.935117946142,-28.7));
#8065=CARTESIAN_POINT('',(-132.601923788647,7.6,-25.4));
#8066=CARTESIAN_POINT('',(-129.662638074361,12.6909921951045,-20.3090078048955));
#8067=CARTESIAN_POINT('',(-125.775961894323,7.6,-37.2229128114972));
#8068=CARTESIAN_POINT('Origin',(-127.204903810568,7.45,-7.35208718850294));
#8069=CARTESIAN_POINT('',(-139.356921938165,7.3,-28.7000000000001));
#8070=CARTESIAN_POINT('',(-127.075,7.3,-7.42708718850295));
#8071=CARTESIAN_POINT('',(-139.703332099679,7.6,-28.7000000000001));
#8072=CARTESIAN_POINT('',(-134.268680301933,2.89345348242931,-28.7));
#8073=CARTESIAN_POINT('',(-127.334807621136,7.6,-7.27708718850294));
#8074=CARTESIAN_POINT('Origin',(-137.278460969083,7.6,-25.1));
#8075=CARTESIAN_POINT('',(-137.278460969083,4.,-25.1));
#8076=CARTESIAN_POINT('',(-137.278460969083,7.6,-25.1));
#8077=CARTESIAN_POINT('',(-139.356921938165,4.,-28.7000000000001));
#8078=CARTESIAN_POINT('',(-139.356921938165,4.,-28.7000000000001));
#8079=CARTESIAN_POINT('',(-139.356921938165,7.6,-28.7000000000001));
#8080=CARTESIAN_POINT('Origin',(-5.2,3.85,-4.70000000000001));
#8081=CARTESIAN_POINT('',(-2.7,4.,-4.70000000000001));
#8082=CARTESIAN_POINT('Origin',(-5.2,4.,-4.70000000000001));
#8083=CARTESIAN_POINT('',(-3.,3.7,-4.70000000000001));
#8084=CARTESIAN_POINT('',(-2.85,3.85,-4.70000000000001));
#8085=CARTESIAN_POINT('',(-7.4,3.7,-4.70000000000001));
#8086=CARTESIAN_POINT('Origin',(-5.2,3.7,-4.70000000000001));
#8087=CARTESIAN_POINT('Origin',(-5.2,3.7,-4.70000000000001));
#8088=CARTESIAN_POINT('Origin',(-5.2,4.,-4.70000000000001));
#8089=CARTESIAN_POINT('',(-7.4,0.,-4.70000000000001));
#8090=CARTESIAN_POINT('',(-7.4,4.,-4.70000000000001));
#8091=CARTESIAN_POINT('Origin',(-5.2,0.,-4.70000000000001));
#8092=CARTESIAN_POINT('Origin',(-5.2,4.,-4.70000000000001));
#8093=CARTESIAN_POINT('',(-7.27846096908265,4.,-8.3));
#8094=CARTESIAN_POINT('',(-3.12153903091734,4.,-8.30000000000001));
#8095=CARTESIAN_POINT('',(-3.12153903091734,4.,-8.30000000000001));
#8096=CARTESIAN_POINT('',(-9.3569219381653,4.,-4.70000000000001));
#8097=CARTESIAN_POINT('',(-7.27846096908265,4.,-8.3));
#8098=CARTESIAN_POINT('',(-7.27846096908265,4.,-1.10000000000001));
#8099=CARTESIAN_POINT('',(-9.3569219381653,4.,-4.70000000000001));
#8100=CARTESIAN_POINT('',(-3.12153903091734,4.,-1.10000000000001));
#8101=CARTESIAN_POINT('',(-7.27846096908265,4.,-1.10000000000001));
#8102=CARTESIAN_POINT('',(-1.04307806183469,4.,-4.70000000000001));
#8103=CARTESIAN_POINT('',(-3.12153903091734,4.,-1.10000000000001));
#8104=CARTESIAN_POINT('',(-1.04307806183469,4.,-4.70000000000001));
#8105=CARTESIAN_POINT('Origin',(-5.2,3.85,-28.7));
#8106=CARTESIAN_POINT('',(-2.7,4.,-28.7));
#8107=CARTESIAN_POINT('Origin',(-5.2,4.,-28.7));
#8108=CARTESIAN_POINT('',(-3.,3.7,-28.7));
#8109=CARTESIAN_POINT('',(-2.85,3.85,-28.7));
#8110=CARTESIAN_POINT('',(-7.4,3.7,-28.7));
#8111=CARTESIAN_POINT('Origin',(-5.2,3.7,-28.7));
#8112=CARTESIAN_POINT('Origin',(-5.2,3.7,-28.7));
#8113=CARTESIAN_POINT('Origin',(-5.2,4.,-28.7));
#8114=CARTESIAN_POINT('',(-7.4,0.,-28.7));
#8115=CARTESIAN_POINT('',(-7.4,4.,-28.7));
#8116=CARTESIAN_POINT('Origin',(-5.2,0.,-28.7));
#8117=CARTESIAN_POINT('Origin',(-5.2,4.,-28.7));
#8118=CARTESIAN_POINT('',(-7.27846096908266,4.,-32.3));
#8119=CARTESIAN_POINT('',(-3.12153903091735,4.,-32.3));
#8120=CARTESIAN_POINT('',(-3.12153903091735,4.,-32.3));
#8121=CARTESIAN_POINT('',(-9.3569219381653,4.,-28.7));
#8122=CARTESIAN_POINT('',(-7.27846096908266,4.,-32.3));
#8123=CARTESIAN_POINT('',(-7.27846096908266,4.,-25.1));
#8124=CARTESIAN_POINT('',(-9.3569219381653,4.,-28.7));
#8125=CARTESIAN_POINT('',(-3.12153903091736,4.,-25.1));
#8126=CARTESIAN_POINT('',(-7.27846096908266,4.,-25.1));
#8127=CARTESIAN_POINT('',(-1.04307806183471,4.,-28.7));
#8128=CARTESIAN_POINT('',(-3.12153903091736,4.,-25.1));
#8129=CARTESIAN_POINT('',(-1.04307806183471,4.,-28.7));
#8130=CARTESIAN_POINT('Origin',(-41.937056,4.129,-16.7));
#8131=CARTESIAN_POINT('',(-41.787056,4.129,-17.9));
#8132=CARTESIAN_POINT('Origin',(-41.787056,4.129,-16.7));
#8133=CARTESIAN_POINT('',(-42.087056,4.129,-17.6));
#8134=CARTESIAN_POINT('',(-41.937056,4.129,-17.75));
#8135=CARTESIAN_POINT('',(-42.087056,4.129,-15.8));
#8136=CARTESIAN_POINT('Origin',(-42.087056,4.129,-16.7));
#8137=CARTESIAN_POINT('Origin',(-42.087056,4.129,-16.7));
#8138=CARTESIAN_POINT('Origin',(-41.787056,7.6,-12.5614));
#8139=CARTESIAN_POINT('',(-41.787056,7.3,-12.5614));
#8140=CARTESIAN_POINT('',(-41.787056,7.3,-20.7995906740303));
#8141=CARTESIAN_POINT('',(-41.787056,7.3,-14.6307));
#8142=CARTESIAN_POINT('',(-41.787056,0.7,-12.5614));
#8143=CARTESIAN_POINT('',(-41.787056,7.6,-12.5614));
#8144=CARTESIAN_POINT('',(-41.787056,0.7,-20.7995906740303));
#8145=CARTESIAN_POINT('',(-41.787056,0.7,-20.7995906740303));
#8146=CARTESIAN_POINT('',(-41.787056,7.6,-20.7995906740303));
#8147=CARTESIAN_POINT('Origin',(-41.787056,4.129,-16.7));
#8148=CARTESIAN_POINT('',(-68.725444,4.129,-15.8));
#8149=CARTESIAN_POINT('',(-41.787056,4.129,-15.8));
#8150=CARTESIAN_POINT('Origin',(-68.725444,4.129,-16.7));
#8151=CARTESIAN_POINT('Origin',(-87.9715218399601,21.3200094872441,-18.43717));
#8152=CARTESIAN_POINT('',(-88.119243002912,21.2939622605941,-19.33717));
#8153=CARTESIAN_POINT('Origin',(-88.119243002912,21.2939622605941,-18.43717));
#8154=CARTESIAN_POINT('',(-87.8238006770083,21.3460567138942,-19.63717));
#8155=CARTESIAN_POINT('',(-87.9715218399601,21.3200094872441,-19.48717));
#8156=CARTESIAN_POINT('Origin',(-87.8238006770083,21.3460567138942,-18.43717));
#8157=CARTESIAN_POINT('Origin',(-98.6450504509628,19.4379784137606,-18.43717));
#8158=CARTESIAN_POINT('',(-98.3496081250591,19.4900728670607,-17.53717));
#8159=CARTESIAN_POINT('',(-98.3496081250591,19.4900728670607,-19.33717));
#8160=CARTESIAN_POINT('Origin',(-98.3496081250591,19.4900728670607,-18.43717));
#8161=CARTESIAN_POINT('Origin',(-98.3496081250591,19.4900728670607,-18.43717));
#8162=CARTESIAN_POINT('',(-98.6450504509628,19.4379784137606,-19.33717));
#8163=CARTESIAN_POINT('Origin',(-85.4,7.59999999999999,-8.3));
#8164=CARTESIAN_POINT('',(-85.4520944533001,7.89544232590366,-24.8));
#8165=CARTESIAN_POINT('',(-85.4520944533001,7.89544232590366,-8.6));
#8166=CARTESIAN_POINT('',(-85.4520944533001,7.89544232590366,-12.5));
#8167=CARTESIAN_POINT('',(-88.3744390483901,24.4688820986959,-24.8));
#8168=CARTESIAN_POINT('',(-85.4,7.59999999999999,-24.8));
#8169=CARTESIAN_POINT('',(-88.3744390483901,24.4688820986959,-8.6));
#8170=CARTESIAN_POINT('',(-88.3744390483901,24.4688820986959,-8.3));
#8171=CARTESIAN_POINT('',(-86.2292264641938,12.3027769707279,-8.6));
#8172=CARTESIAN_POINT('Origin',(-98.497329288011,19.4640256404106,-18.43717));
#8173=CARTESIAN_POINT('',(-98.6450504509628,19.4379784137606,-17.23717));
#8174=CARTESIAN_POINT('Origin',(-98.6450504509628,19.4379784137606,-18.43717));
#8175=CARTESIAN_POINT('',(-98.497329288011,19.4640256404106,-17.38717));
#8176=CARTESIAN_POINT('Origin',(-99.2477832756447,22.856246124466,-22.57577));
#8177=CARTESIAN_POINT('',(-99.1956888223446,22.5608037985623,-22.57577));
#8178=CARTESIAN_POINT('',(-99.1956888223446,22.5608037985623,-14.3375793259697));
#8179=CARTESIAN_POINT('',(-99.1956888223446,22.5608037985623,-15.437885));
#8180=CARTESIAN_POINT('',(-98.0496108497429,16.0610726286817,-22.57577));
#8181=CARTESIAN_POINT('',(-99.2477832756447,22.856246124466,-22.57577));
#8182=CARTESIAN_POINT('',(-98.0496108497429,16.0610726286817,-14.3375793259697));
#8183=CARTESIAN_POINT('',(-98.0496108497429,16.0610726286817,-14.3375793259697));
#8184=CARTESIAN_POINT('',(-99.2477832756447,22.856246124466,-14.3375793259697));
#8185=CARTESIAN_POINT('Origin',(-127.519613769281,14.3466138445662,-8.44999999999999));
#8186=CARTESIAN_POINT('',(-125.519613769281,14.3466138445662,-8.29999999999999));
#8187=CARTESIAN_POINT('Origin',(-127.519613769281,14.3466138445662,-8.29999999999999));
#8188=CARTESIAN_POINT('',(-125.819613769281,14.3466138445662,-8.59999999999999));
#8189=CARTESIAN_POINT('',(-125.669613769281,14.3466138445662,-8.44999999999999));
#8190=CARTESIAN_POINT('',(-129.219613769281,14.3466138445662,-8.59999999999999));
#8191=CARTESIAN_POINT('Origin',(-127.519613769281,14.3466138445662,-8.59999999999999));
#8192=CARTESIAN_POINT('Origin',(-127.519613769281,14.3466138445662,-8.59999999999999));
#8193=CARTESIAN_POINT('Origin',(-127.519613769281,14.3466138445662,-8.29999999999999));
#8194=CARTESIAN_POINT('',(-129.219613769281,14.3466138445662,-10.52423));
#8195=CARTESIAN_POINT('',(-129.219613769281,14.3466138445662,-8.29999999999999));
#8196=CARTESIAN_POINT('Origin',(-127.519613769281,14.3466138445662,-10.52423));
#8197=CARTESIAN_POINT('Origin',(-140.4,7.6,-8.29999999999999));
#8198=CARTESIAN_POINT('',(-133.121539030917,4.,-8.30000000000002));
#8199=CARTESIAN_POINT('',(-88.6698813742938,24.4167876453958,-8.3));
#8200=CARTESIAN_POINT('',(-86.5246687900974,12.2506825174279,-8.3));
#8201=CARTESIAN_POINT('',(-140.1,15.3482701106468,-8.29999999999999));
#8202=CARTESIAN_POINT('',(-106.563674477924,21.2616291340107,-8.29999999999999));
#8203=CARTESIAN_POINT('',(-140.1,7.9,-8.29999999999999));
#8204=CARTESIAN_POINT('',(-140.1,3.8,-8.29999999999999));
#8205=CARTESIAN_POINT('',(-105.3,7.9,-8.29999999999999));
#8206=CARTESIAN_POINT('Origin',(-127.519613769281,14.3466138445662,-10.67423));
#8207=CARTESIAN_POINT('',(-129.519613769281,14.3466138445662,-10.82423));
#8208=CARTESIAN_POINT('Origin',(-127.519613769281,14.3466138445662,-10.82423));
#8209=CARTESIAN_POINT('',(-129.369613769281,14.3466138445662,-10.67423));
#8210=CARTESIAN_POINT('Origin',(-115.65731381676,19.9628031493078,-10.82423));
#8211=CARTESIAN_POINT('',(-140.1,15.3482701106468,-10.82423));
#8212=CARTESIAN_POINT('',(-140.1,8.6464544722009,-10.82423));
#8213=CARTESIAN_POINT('',(-140.1,9.98140157465391,-10.82423));
#8214=CARTESIAN_POINT('',(-115.60521936346,19.6673608234042,-10.82423));
#8215=CARTESIAN_POINT('',(-93.5082910996525,23.5636454670928,-10.82423));
#8216=CARTESIAN_POINT('',(-114.459141390858,13.1676296535236,-10.82423));
#8217=CARTESIAN_POINT('',(-115.65731381676,19.9628031493078,-10.82423));
#8218=CARTESIAN_POINT('',(-144.125866339159,7.93658561588111,-10.82423));
#8219=CARTESIAN_POINT('Origin',(-135.2,3.85,-4.70000000000001));
#8220=CARTESIAN_POINT('',(-132.7,4.,-4.70000000000001));
#8221=CARTESIAN_POINT('Origin',(-135.2,4.,-4.70000000000001));
#8222=CARTESIAN_POINT('',(-133.,3.7,-4.70000000000001));
#8223=CARTESIAN_POINT('',(-132.85,3.85,-4.70000000000001));
#8224=CARTESIAN_POINT('',(-137.4,3.7,-4.70000000000001));
#8225=CARTESIAN_POINT('Origin',(-135.2,3.7,-4.70000000000001));
#8226=CARTESIAN_POINT('Origin',(-135.2,3.7,-4.70000000000001));
#8227=CARTESIAN_POINT('Origin',(-135.2,4.,-4.70000000000001));
#8228=CARTESIAN_POINT('',(-137.4,0.,-4.70000000000001));
#8229=CARTESIAN_POINT('',(-137.4,4.,-4.70000000000001));
#8230=CARTESIAN_POINT('Origin',(-135.2,0.,-4.70000000000001));
#8231=CARTESIAN_POINT('Origin',(-135.2,4.,-4.70000000000001));
#8232=CARTESIAN_POINT('',(-137.278460969083,4.,-1.1));
#8233=CARTESIAN_POINT('',(-139.356921938165,4.,-4.70000000000001));
#8234=CARTESIAN_POINT('',(-133.121539030917,4.,-1.1));
#8235=CARTESIAN_POINT('',(-137.278460969083,4.,-1.1));
#8236=CARTESIAN_POINT('',(-133.121539030917,4.,-1.1));
#8237=CARTESIAN_POINT('Origin',(-135.2,3.85,-28.7));
#8238=CARTESIAN_POINT('',(-132.7,4.,-28.7));
#8239=CARTESIAN_POINT('Origin',(-135.2,4.,-28.7));
#8240=CARTESIAN_POINT('',(-133.,3.7,-28.7));
#8241=CARTESIAN_POINT('',(-132.85,3.85,-28.7));
#8242=CARTESIAN_POINT('',(-137.4,3.7,-28.7));
#8243=CARTESIAN_POINT('Origin',(-135.2,3.7,-28.7));
#8244=CARTESIAN_POINT('Origin',(-135.2,3.7,-28.7));
#8245=CARTESIAN_POINT('Origin',(-135.2,4.,-28.7));
#8246=CARTESIAN_POINT('',(-137.4,0.,-28.7));
#8247=CARTESIAN_POINT('',(-137.4,4.,-28.7));
#8248=CARTESIAN_POINT('Origin',(-135.2,0.,-28.7));
#8249=CARTESIAN_POINT('Origin',(-135.2,4.,-28.7));
#8250=CARTESIAN_POINT('',(-137.278460969083,4.,-32.3));
#8251=CARTESIAN_POINT('',(-133.121539030917,4.,-32.3));
#8252=CARTESIAN_POINT('',(-133.121539030917,4.,-32.3));
#8253=CARTESIAN_POINT('',(-137.278460969083,4.,-32.3));
#8254=CARTESIAN_POINT('',(-137.278460969083,4.,-25.1));
#8255=CARTESIAN_POINT('',(-131.043078061835,4.,-28.7));
#8256=CARTESIAN_POINT('Origin',(-70.2,7.45,-16.7));
#8257=CARTESIAN_POINT('',(-63.45,7.6,-16.7));
#8258=CARTESIAN_POINT('Origin',(-70.2,7.6,-16.7));
#8259=CARTESIAN_POINT('',(-63.75,7.3,-16.7));
#8260=CARTESIAN_POINT('',(-63.6,7.45,-16.7));
#8261=CARTESIAN_POINT('',(-76.65,7.3,-16.7));
#8262=CARTESIAN_POINT('Origin',(-70.2,7.3,-16.7));
#8263=CARTESIAN_POINT('Origin',(-70.2,7.3,-16.7));
#8264=CARTESIAN_POINT('Origin',(-70.2,7.6,-16.7));
#8265=CARTESIAN_POINT('',(-132.94833395016,7.6,-0.800000000000001));
#8266=CARTESIAN_POINT('',(-120.579809471617,7.6,-22.2229128114971));
#8267=CARTESIAN_POINT('',(-137.45166604984,7.6,-0.800000000000003));
#8268=CARTESIAN_POINT('',(-101.660769515459,7.6,-0.800000000000001));
#8269=CARTESIAN_POINT('',(-132.530960043842,7.6,7.72291281149706));
#8270=CARTESIAN_POINT('',(-140.1,7.6,-7.99999999999999));
#8271=CARTESIAN_POINT('',(-105.3,7.6,-7.99999999999999));
#8272=CARTESIAN_POINT('',(-140.1,7.6,-0.299999999999998));
#8273=CARTESIAN_POINT('',(-140.1,7.6,-25.05));
#8274=CARTESIAN_POINT('',(-0.299999999999994,7.6,-0.3));
#8275=CARTESIAN_POINT('',(-105.3,7.6,-0.3));
#8276=CARTESIAN_POINT('',(-0.299999999999999,7.6,-12.2614));
#8277=CARTESIAN_POINT('',(-0.299999999999998,7.6,-8.35));
#8278=CARTESIAN_POINT('',(-24.824382,7.6,-12.2614));
#8279=CARTESIAN_POINT('',(-35.1,7.6,-12.2614));
#8280=CARTESIAN_POINT('',(-24.824382,7.6,-11.485036));
#8281=CARTESIAN_POINT('',(-24.824382,7.6,-14.6307));
#8282=CARTESIAN_POINT('',(-29.339159,7.6,-11.485036));
#8283=CARTESIAN_POINT('',(-47.662191,7.6,-11.485036));
#8284=CARTESIAN_POINT('',(-29.339159,7.6,-12.2614));
#8285=CARTESIAN_POINT('',(-29.339159,7.6,-14.242518));
#8286=CARTESIAN_POINT('',(-42.087056,7.6,-12.2614));
#8287=CARTESIAN_POINT('',(-49.6195795,7.6,-12.2614));
#8288=CARTESIAN_POINT('',(-42.087056,7.6,-21.0810598749923));
#8289=CARTESIAN_POINT('',(-42.087056,7.6,-14.6307));
#8290=CARTESIAN_POINT('',(-40.179,7.6,-22.974));
#8291=CARTESIAN_POINT('Origin',(-42.072,7.6,-22.974));
#8292=CARTESIAN_POINT('',(-40.179,7.6,-24.612945));
#8293=CARTESIAN_POINT('',(-40.179,7.6,-19.837));
#8294=CARTESIAN_POINT('',(-29.339159,7.6,-24.612945));
#8295=CARTESIAN_POINT('',(-55.0395,7.6,-24.612945));
#8296=CARTESIAN_POINT('',(-29.339159,7.6,-25.389309));
#8297=CARTESIAN_POINT('',(-29.339159,7.6,-20.5064725));
#8298=CARTESIAN_POINT('',(-24.824382,7.6,-25.389309));
#8299=CARTESIAN_POINT('',(-49.6195795,7.6,-25.389309));
#8300=CARTESIAN_POINT('',(-24.824382,7.6,-24.612945));
#8301=CARTESIAN_POINT('',(-24.824382,7.6,-20.8946545));
#8302=CARTESIAN_POINT('',(-0.300000000000002,7.6,-24.612945));
#8303=CARTESIAN_POINT('',(-47.662191,7.6,-24.612945));
#8304=CARTESIAN_POINT('',(-0.300000000000001,7.6,-33.1));
#8305=CARTESIAN_POINT('',(-0.299999999999998,7.6,-8.35));
#8306=CARTESIAN_POINT('',(-140.1,7.6,-33.1));
#8307=CARTESIAN_POINT('',(-35.1,7.6,-33.1));
#8308=CARTESIAN_POINT('',(-140.1,7.6,-25.05));
#8309=CARTESIAN_POINT('',(-137.45166604984,7.6,-32.6));
#8310=CARTESIAN_POINT('',(-133.570190528383,7.6,-39.3229128114975));
#8311=CARTESIAN_POINT('',(-132.94833395016,7.6,-32.6));
#8312=CARTESIAN_POINT('',(-103.739230484541,7.6,-32.5999999999998));
#8313=CARTESIAN_POINT('',(-121.619039956158,7.6,-12.9770871885029));
#8314=CARTESIAN_POINT('',(-85.1,7.6,-25.4));
#8315=CARTESIAN_POINT('',(-77.8,7.6,-25.4));
#8316=CARTESIAN_POINT('',(-85.1,7.6,-12.5));
#8317=CARTESIAN_POINT('',(-7.45166604983954,7.6,-8.60000000000001));
#8318=CARTESIAN_POINT('',(-9.70333209967908,7.6,-4.70000000000001));
#8319=CARTESIAN_POINT('',(-14.6240381056767,7.6,3.82291281149712));
#8320=CARTESIAN_POINT('',(-2.94833395016044,7.6,-8.60000000000001));
#8321=CARTESIAN_POINT('',(-38.7392304845413,7.6,-8.59999999999999));
#8322=CARTESIAN_POINT('',(-0.696667900320902,7.6,-4.70000000000001));
#8323=CARTESIAN_POINT('',(-13.0651923788647,7.6,-26.1229128114971));
#8324=CARTESIAN_POINT('',(-2.94833395016045,7.6,-0.80000000000001));
#8325=CARTESIAN_POINT('',(-6.82980947161669,7.6,5.92291281149711));
#8326=CARTESIAN_POINT('',(-7.45166604983953,7.6,-0.800000000000005));
#8327=CARTESIAN_POINT('',(-36.6607695154587,7.6,-0.79999999999999));
#8328=CARTESIAN_POINT('',(-18.780960043842,7.6,-20.4229128114971));
#8329=CARTESIAN_POINT('',(-7.45166604983955,7.6,-32.6));
#8330=CARTESIAN_POINT('',(-9.70333209967908,7.6,-28.7));
#8331=CARTESIAN_POINT('',(-19.8201905283833,7.6,-11.1770871885029));
#8332=CARTESIAN_POINT('',(-2.94833395016046,7.6,-32.6));
#8333=CARTESIAN_POINT('',(-38.7392304845413,7.6,-32.6));
#8334=CARTESIAN_POINT('',(-0.696667900320926,7.6,-28.7));
#8335=CARTESIAN_POINT('',(-7.869039956158,7.6,-41.1229128114971));
#8336=CARTESIAN_POINT('',(-2.94833395016047,7.6,-24.8));
#8337=CARTESIAN_POINT('',(-12.0259618943234,7.6,-9.07708718850285));
#8338=CARTESIAN_POINT('',(-7.45166604983954,7.6,-24.8));
#8339=CARTESIAN_POINT('',(-36.6607695154587,7.6,-24.8));
#8340=CARTESIAN_POINT('',(-13.5848076211353,7.6,-35.4229128114971));
#8341=CARTESIAN_POINT('Origin',(-70.2,7.6,-16.7));
#8342=CARTESIAN_POINT('',(-76.65,5.5,-16.7));
#8343=CARTESIAN_POINT('',(-76.65,7.6,-16.7));
#8344=CARTESIAN_POINT('Origin',(-70.2,5.5,-16.7));
#8345=CARTESIAN_POINT('Origin',(-36.6607695154587,7.45,-0.94999999999999));
#8346=CARTESIAN_POINT('',(-3.12153903091734,7.3,-1.10000000000001));
#8347=CARTESIAN_POINT('',(-2.94833395016045,7.6,-0.800000000000007));
#8348=CARTESIAN_POINT('',(-7.27846096908265,7.3,-1.10000000000001));
#8349=CARTESIAN_POINT('',(-36.6607695154587,7.3,-1.09999999999999));
#8350=CARTESIAN_POINT('',(-7.45166604983953,7.6,-0.800000000000005));
#8351=CARTESIAN_POINT('Origin',(-6.95971328218435,7.45,5.84791281149711));
#8352=CARTESIAN_POINT('',(-1.04307806183469,7.3,-4.70000000000001));
#8353=CARTESIAN_POINT('',(-0.696667900320904,7.6,-4.70000000000002));
#8354=CARTESIAN_POINT('',(-7.08961709275202,7.3,5.77291281149711));
#8355=CARTESIAN_POINT('Origin',(-13.1950961894323,7.45,-26.0479128114971));
#8356=CARTESIAN_POINT('',(-3.12153903091734,7.3,-8.30000000000001));
#8357=CARTESIAN_POINT('',(-2.94833395016044,7.6,-8.60000000000001));
#8358=CARTESIAN_POINT('',(-13.325,7.3,-25.9729128114971));
#8359=CARTESIAN_POINT('Origin',(-14.494134295109,7.45,3.89791281149712));
#8360=CARTESIAN_POINT('',(-9.3569219381653,7.3,-4.70000000000001));
#8361=CARTESIAN_POINT('',(-7.27846096908265,7.3,-8.3));
#8362=CARTESIAN_POINT('',(-14.3642304845413,7.3,3.97291281149712));
#8363=CARTESIAN_POINT('',(-7.27846096908265,7.3,-8.3));
#8364=CARTESIAN_POINT('',(-9.70333209967908,7.6,-4.70000000000001));
#8365=CARTESIAN_POINT('Origin',(-38.7392304845413,7.45,-8.44999999999999));
#8366=CARTESIAN_POINT('',(-38.7392304845413,7.3,-8.29999999999999));
#8367=CARTESIAN_POINT('Origin',(-18.6510562332743,7.45,-20.4979128114971));
#8368=CARTESIAN_POINT('',(-18.5211524227066,7.3,-20.5729128114971));
#8369=CARTESIAN_POINT('Origin',(-3.12153903091734,7.6,-8.30000000000001));
#8370=CARTESIAN_POINT('',(-3.12153903091734,7.6,-8.30000000000001));
#8371=CARTESIAN_POINT('',(-1.04307806183469,7.6,-4.70000000000001));
#8372=CARTESIAN_POINT('Origin',(-7.27846096908265,7.6,-8.3));
#8373=CARTESIAN_POINT('',(-7.27846096908265,7.6,-8.3));
#8374=CARTESIAN_POINT('Origin',(-9.3569219381653,7.6,-4.70000000000001));
#8375=CARTESIAN_POINT('',(-9.3569219381653,7.6,-4.70000000000001));
#8376=CARTESIAN_POINT('Origin',(-36.6607695154587,7.45,-24.95));
#8377=CARTESIAN_POINT('',(-3.12153903091736,7.3,-25.1));
#8378=CARTESIAN_POINT('',(-2.94833395016047,7.6,-24.8));
#8379=CARTESIAN_POINT('',(-7.27846096908266,7.3,-25.1));
#8380=CARTESIAN_POINT('',(-36.6607695154587,7.3,-25.1));
#8381=CARTESIAN_POINT('',(-7.45166604983954,7.6,-24.8));
#8382=CARTESIAN_POINT('Origin',(-12.1558657048911,7.45,-9.15208718850285));
#8383=CARTESIAN_POINT('',(-1.04307806183471,7.3,-28.7));
#8384=CARTESIAN_POINT('',(-0.696667900320926,7.6,-28.7));
#8385=CARTESIAN_POINT('',(-12.2857695154587,7.3,-9.22708718850286));
#8386=CARTESIAN_POINT('Origin',(-7.99894376672567,7.45,-41.0479128114971));
#8387=CARTESIAN_POINT('',(-3.12153903091735,7.3,-32.3));
#8388=CARTESIAN_POINT('',(-2.94833395016046,7.6,-32.6));
#8389=CARTESIAN_POINT('',(-8.12884757729334,7.3,-40.9729128114971));
#8390=CARTESIAN_POINT('Origin',(-19.6902867178156,7.45,-11.1020871885029));
#8391=CARTESIAN_POINT('',(-9.3569219381653,7.3,-28.7));
#8392=CARTESIAN_POINT('',(-7.27846096908266,7.3,-32.3));
#8393=CARTESIAN_POINT('',(-19.5603829072479,7.3,-11.0270871885029));
#8394=CARTESIAN_POINT('',(-7.27846096908266,7.3,-32.3));
#8395=CARTESIAN_POINT('',(-9.70333209967908,7.6,-28.7));
#8396=CARTESIAN_POINT('Origin',(-38.7392304845413,7.45,-32.45));
#8397=CARTESIAN_POINT('',(-38.7392304845413,7.3,-32.3));
#8398=CARTESIAN_POINT('Origin',(-13.4549038105676,7.45,-35.4979128114971));
#8399=CARTESIAN_POINT('',(-13.325,7.3,-35.5729128114971));
#8400=CARTESIAN_POINT('Origin',(-3.12153903091735,7.6,-32.3));
#8401=CARTESIAN_POINT('',(-3.12153903091735,7.6,-32.3));
#8402=CARTESIAN_POINT('',(-1.04307806183471,7.6,-28.7));
#8403=CARTESIAN_POINT('Origin',(-7.27846096908266,7.6,-32.3));
#8404=CARTESIAN_POINT('',(-7.27846096908266,7.6,-32.3));
#8405=CARTESIAN_POINT('Origin',(-9.3569219381653,7.6,-28.7));
#8406=CARTESIAN_POINT('',(-9.3569219381653,7.6,-28.7));
#8407=CARTESIAN_POINT('Origin',(-12.467056,4.129,-24.462945));
#8408=CARTESIAN_POINT('',(-10.467056,4.129,-24.312945));
#8409=CARTESIAN_POINT('Origin',(-12.467056,4.129,-24.312945));
#8410=CARTESIAN_POINT('',(-10.767056,4.129,-24.612945));
#8411=CARTESIAN_POINT('',(-10.617056,4.129,-24.462945));
#8412=CARTESIAN_POINT('Origin',(-12.467056,4.129,-24.612945));
#8413=CARTESIAN_POINT('Origin',(-12.467056,4.129,-33.4));
#8414=CARTESIAN_POINT('',(-14.167056,4.129,-33.1));
#8415=CARTESIAN_POINT('',(-10.767056,4.129,-33.1));
#8416=CARTESIAN_POINT('Origin',(-12.467056,4.129,-33.1));
#8417=CARTESIAN_POINT('Origin',(-12.467056,4.129,-33.1));
#8418=CARTESIAN_POINT('',(-10.767056,4.129,-33.4));
#8419=CARTESIAN_POINT('Origin',(-25.124382,7.6,-24.312945));
#8420=CARTESIAN_POINT('',(-25.124382,7.3,-24.312945));
#8421=CARTESIAN_POINT('',(-0.300000000000002,7.3,-24.312945));
#8422=CARTESIAN_POINT('',(-47.662191,7.3,-24.312945));
#8423=CARTESIAN_POINT('',(-25.124382,0.7,-24.312945));
#8424=CARTESIAN_POINT('',(-25.124382,7.6,-24.312945));
#8425=CARTESIAN_POINT('',(-0.300000000000007,0.7,-24.312945));
#8426=CARTESIAN_POINT('',(5.9521190006038E-17,0.7,-24.312945));
#8427=CARTESIAN_POINT('',(-0.300000000000002,3.8,-24.312945));
#8428=CARTESIAN_POINT('Origin',(-12.467056,4.129,-33.25));
#8429=CARTESIAN_POINT('',(-14.467056,4.129,-33.4));
#8430=CARTESIAN_POINT('Origin',(-12.467056,4.129,-33.4));
#8431=CARTESIAN_POINT('',(-14.317056,4.129,-33.25));
#8432=CARTESIAN_POINT('Origin',(-4.44089209850063E-15,0.,-33.4));
#8433=CARTESIAN_POINT('',(-140.1,0.3,-33.4));
#8434=CARTESIAN_POINT('',(-0.300000000000004,0.3,-33.4));
#8435=CARTESIAN_POINT('',(-35.1,0.3,-33.4));
#8436=CARTESIAN_POINT('',(-140.1,7.3,-33.4));
#8437=CARTESIAN_POINT('',(-140.1,0.,-33.4));
#8438=CARTESIAN_POINT('',(-0.300000000000002,7.3,-33.4));
#8439=CARTESIAN_POINT('',(-35.1,7.3,-33.4));
#8440=CARTESIAN_POINT('',(-0.300000000000004,0.,-33.4));
#8441=CARTESIAN_POINT('Origin',(-121.748943766726,7.45,-12.9020871885029));
#8442=CARTESIAN_POINT('',(-133.121539030917,7.3,-32.3));
#8443=CARTESIAN_POINT('',(-121.878847577293,7.3,-12.8270871885029));
#8444=CARTESIAN_POINT('',(-132.94833395016,7.6,-32.6));
#8445=CARTESIAN_POINT('Origin',(-133.440286717815,7.45,-39.2479128114975));
#8446=CARTESIAN_POINT('',(-137.278460969083,7.3,-32.3));
#8447=CARTESIAN_POINT('',(-133.310382907248,7.3,-39.1729128114975));
#8448=CARTESIAN_POINT('',(-137.278460969083,7.3,-32.3));
#8449=CARTESIAN_POINT('Origin',(-103.739230484541,7.45,-32.4499999999998));
#8450=CARTESIAN_POINT('',(-103.739230484541,7.3,-32.2999999999997));
#8451=CARTESIAN_POINT('Origin',(-133.121539030917,7.6,-32.3));
#8452=CARTESIAN_POINT('',(-133.121539030917,7.6,-32.3));
#8453=CARTESIAN_POINT('Origin',(-137.278460969083,7.6,-32.3));
#8454=CARTESIAN_POINT('',(-137.278460969083,7.6,-32.3));
#8455=CARTESIAN_POINT('Origin',(-139.356921938165,7.6,-28.7000000000001));
#8456=CARTESIAN_POINT('Origin',(-132.401056233274,7.45,7.64791281149706));
#8457=CARTESIAN_POINT('',(-137.278460969083,7.3,-1.1));
#8458=CARTESIAN_POINT('',(-132.271152422707,7.3,7.57291281149706));
#8459=CARTESIAN_POINT('',(-137.45166604984,7.6,-0.800000000000003));
#8460=CARTESIAN_POINT('Origin',(-101.660769515459,7.45,-0.950000000000001));
#8461=CARTESIAN_POINT('',(-133.121539030917,7.3,-1.1));
#8462=CARTESIAN_POINT('',(-132.94833395016,7.6,-0.800000000000001));
#8463=CARTESIAN_POINT('',(-101.660769515459,7.3,-1.1));
#8464=CARTESIAN_POINT('Origin',(-120.709713282184,7.45,-22.2979128114971));
#8465=CARTESIAN_POINT('',(-120.839617092752,7.3,-22.3729128114972));
#8466=CARTESIAN_POINT('Origin',(-137.278460969083,7.6,-1.1));
#8467=CARTESIAN_POINT('',(-137.278460969083,7.6,-1.1));
#8468=CARTESIAN_POINT('Origin',(-133.121539030917,7.6,-1.1));
#8469=CARTESIAN_POINT('',(-133.121539030917,7.6,-1.1));
#8470=CARTESIAN_POINT('Origin',(-131.043078061835,7.6,-4.70000000000001));
#8471=CARTESIAN_POINT('Origin',(-55.0395,7.45,-24.462945));
#8472=CARTESIAN_POINT('',(-39.879,7.3,-24.312945));
#8473=CARTESIAN_POINT('',(-40.179,7.6,-24.612945));
#8474=CARTESIAN_POINT('',(-29.039159,7.3,-24.312945));
#8475=CARTESIAN_POINT('',(-55.0395,7.3,-24.312945));
#8476=CARTESIAN_POINT('',(-29.339159,7.6,-24.612945));
#8477=CARTESIAN_POINT('Origin',(-91.6066869558456,24.0512635760559,-22.72577));
#8478=CARTESIAN_POINT('',(-98.9523409497411,22.908340577766,-22.87577));
#8479=CARTESIAN_POINT('',(-111.506568749942,20.6946914946303,-22.87577));
#8480=CARTESIAN_POINT('',(-91.6327341824956,24.1989847390077,-22.87577));
#8481=CARTESIAN_POINT('',(-111.749916622546,20.3471547154266,-22.57577));
#8482=CARTESIAN_POINT('',(-111.506568749942,20.6946914946303,-22.87577));
#8483=CARTESIAN_POINT('',(-91.5806397291955,23.903542413104,-22.57577));
#8484=CARTESIAN_POINT('',(-98.9523409497411,22.908340577766,-22.87577));
#8485=CARTESIAN_POINT('Origin',(-42.072,7.45,-22.974));
#8486=CARTESIAN_POINT('',(-39.879,7.3,-22.974));
#8487=CARTESIAN_POINT('Origin',(-42.072,7.3,-22.974));
#8488=CARTESIAN_POINT('',(-39.879,7.3,-22.974));
#8489=CARTESIAN_POINT('Ctrl Pts',(-42.087056,7.6,-21.0810598749923));
#8490=CARTESIAN_POINT('Ctrl Pts',(-41.98956196146,7.50250596145995,-20.9827873080247));
#8491=CARTESIAN_POINT('Ctrl Pts',(-41.8887792881979,7.40172328819792,-20.8888534122221));
#8492=CARTESIAN_POINT('Ctrl Pts',(-41.787056,7.3,-20.7995906740303));
#8493=CARTESIAN_POINT('Origin',(-111.628242686244,20.5209231050284,-15.826067));
#8494=CARTESIAN_POINT('',(-111.506568749942,20.6946914946303,-23.652134));
#8495=CARTESIAN_POINT('',(-111.506568749942,20.6946914946303,-15.826067));
#8496=CARTESIAN_POINT('',(-111.749916622546,20.3471547154266,-23.352134));
#8497=CARTESIAN_POINT('',(-111.506568749942,20.6946914946303,-23.652134));
#8498=CARTESIAN_POINT('',(-111.749916622546,20.3471547154266,-15.826067));
#8499=CARTESIAN_POINT('Origin',(-41.937056,7.45,-14.6307));
#8500=CARTESIAN_POINT('',(-42.087056,7.6,-12.2614));
#8501=CARTESIAN_POINT('Origin',(-93.5343383263025,23.7113666300446,-23.502134));
#8502=CARTESIAN_POINT('',(-115.952756142663,19.9107086960077,-23.652134));
#8503=CARTESIAN_POINT('',(-93.5603855529526,23.8590877929965,-23.652134));
#8504=CARTESIAN_POINT('',(-115.60521936346,19.6673608234042,-23.352134));
#8505=CARTESIAN_POINT('',(-115.952756142663,19.9107086960077,-23.652134));
#8506=CARTESIAN_POINT('',(-93.5082910996525,23.5636454670928,-23.352134));
#8507=CARTESIAN_POINT('Origin',(-49.6195795,7.45,-12.4114));
#8508=CARTESIAN_POINT('',(-29.039159,7.3,-12.5614));
#8509=CARTESIAN_POINT('',(-29.339159,7.6,-12.2614));
#8510=CARTESIAN_POINT('',(-49.6195795,7.3,-12.5614));
#8511=CARTESIAN_POINT('Origin',(-24.974382,7.45,-20.8946545));
#8512=CARTESIAN_POINT('',(-25.124382,7.3,-25.089309));
#8513=CARTESIAN_POINT('',(-25.124382,7.3,-20.8946545));
#8514=CARTESIAN_POINT('',(-25.124382,7.3,-24.312945));
#8515=CARTESIAN_POINT('',(-24.824382,7.6,-25.389309));
#8516=CARTESIAN_POINT('Origin',(-115.778987753061,19.7890347597059,-15.437885));
#8517=CARTESIAN_POINT('',(-115.952756142663,19.9107086960077,-22.87577));
#8518=CARTESIAN_POINT('',(-115.952756142663,19.9107086960077,-15.437885));
#8519=CARTESIAN_POINT('',(-115.60521936346,19.6673608234042,-22.57577));
#8520=CARTESIAN_POINT('',(-115.952756142663,19.9107086960077,-22.87577));
#8521=CARTESIAN_POINT('',(-115.60521936346,19.6673608234042,-15.437885));
#8522=CARTESIAN_POINT('Origin',(-29.189159,7.45,-14.242518));
#8523=CARTESIAN_POINT('',(-29.039159,7.3,-11.785036));
#8524=CARTESIAN_POINT('',(-29.339159,7.6,-11.485036));
#8525=CARTESIAN_POINT('',(-29.039159,7.3,-14.242518));
#8526=CARTESIAN_POINT('Origin',(-0.3,7.6,-24.612945));
#8527=CARTESIAN_POINT('',(-3.27255787339313E-15,7.3,-24.612945));
#8528=CARTESIAN_POINT('',(-3.2612801348364E-15,7.3,-24.612945));
#8529=CARTESIAN_POINT('',(-0.3,7.6,-24.612945));
#8530=CARTESIAN_POINT('',(-0.300000000000002,7.3,-24.312945));
#8531=CARTESIAN_POINT('Origin',(-140.4,15.3,-22.87577));
#8532=CARTESIAN_POINT('',(-140.104557674096,15.6520944533001,-22.87577));
#8533=CARTESIAN_POINT('',(-140.1,15.3482701106468,-22.57577));
#8534=CARTESIAN_POINT('',(-140.104557674096,15.6520944533001,-22.87577));
#8535=CARTESIAN_POINT('',(-140.4,15.3,-22.87577));
#8536=CARTESIAN_POINT('',(-140.4,15.3,-22.87577));
#8537=CARTESIAN_POINT('',(-140.1,15.3482701106468,-22.57577));
#8538=CARTESIAN_POINT('Origin',(-140.4,7.3,-24.8));
#8539=CARTESIAN_POINT('',(-140.4,7.3,-24.8));
#8540=CARTESIAN_POINT('',(-140.4,7.3,-24.8));
#8541=CARTESIAN_POINT('',(-140.1,7.9,-25.1));
#8542=CARTESIAN_POINT('Origin',(-0.300000000000004,7.3,-33.4));
#8543=CARTESIAN_POINT('',(-4.40619762898109E-15,7.3,-33.1));
#8544=CARTESIAN_POINT('',(-4.40100384611888E-15,7.3,-33.1));
#8545=CARTESIAN_POINT('',(-0.300000000000004,7.3,-33.4));
#8546=CARTESIAN_POINT('',(-0.300000000000002,7.6,-33.1));
#8547=CARTESIAN_POINT('Origin',(-47.662191,7.45,-11.635036));
#8548=CARTESIAN_POINT('',(-25.124382,7.3,-11.785036));
#8549=CARTESIAN_POINT('',(-24.824382,7.6,-11.485036));
#8550=CARTESIAN_POINT('',(-47.662191,7.3,-11.785036));
#8551=CARTESIAN_POINT('Origin',(-0.150000000000003,3.8,-24.462945));
#8552=CARTESIAN_POINT('',(-3.2612801348364E-15,0.399999999999999,-24.612945));
#8553=CARTESIAN_POINT('',(-3.2612801348364E-15,3.8,-24.612945));
#8554=CARTESIAN_POINT('',(-0.300000000000002,0.7,-24.312945));
#8555=CARTESIAN_POINT('Origin',(-85.1,7.6,-25.4));
#8556=CARTESIAN_POINT('',(-85.7575260777783,7.9,-25.1));
#8557=CARTESIAN_POINT('',(-85.4520944533001,7.89544232590366,-24.8));
#8558=CARTESIAN_POINT('',(-85.1,7.6,-25.4));
#8559=CARTESIAN_POINT('',(-85.7575260777783,7.9,-25.1));
#8560=CARTESIAN_POINT('Origin',(-140.1,15.3482701106468,-25.1));
#8561=CARTESIAN_POINT('',(-140.104557674096,15.6520944533001,-24.8));
#8562=CARTESIAN_POINT('',(-140.4,15.3,-24.8));
#8563=CARTESIAN_POINT('',(-140.104557674096,15.6520944533001,-24.8));
#8564=CARTESIAN_POINT('',(-140.1,15.3482701106468,-25.1));
#8565=CARTESIAN_POINT('',(-140.1,15.3482701106468,-25.1));
#8566=CARTESIAN_POINT('',(-140.4,15.3,-24.8));
#8567=CARTESIAN_POINT('Origin',(-140.25,7.36587955583267,-22.72577));
#8568=CARTESIAN_POINT('',(-140.1,8.6464544722009,-22.57577));
#8569=CARTESIAN_POINT('',(-140.1,7.36587955583267,-22.57577));
#8570=CARTESIAN_POINT('',(-140.4,8.29355637798836,-22.87577));
#8571=CARTESIAN_POINT('',(-140.4,7.36587955583267,-22.87577));
#8572=CARTESIAN_POINT('',(-140.104557674096,8.64565083128844,-22.5803276740963));
#8573=CARTESIAN_POINT('',(-140.4,8.29355637798836,-22.87577));
#8574=CARTESIAN_POINT('',(-133.957157781359,9.72960329358229,-16.4329277813593));
#8575=CARTESIAN_POINT('Origin',(-140.4,7.3,-33.1));
#8576=CARTESIAN_POINT('',(-140.1,7.3,-33.4));
#8577=CARTESIAN_POINT('',(-140.4,7.3,-33.1));
#8578=CARTESIAN_POINT('',(-140.4,7.3,-33.1));
#8579=CARTESIAN_POINT('',(-140.1,7.6,-33.1));
#8580=CARTESIAN_POINT('Origin',(-0.300000000000002,0.3,-33.4));
#8581=CARTESIAN_POINT('',(-0.300000000000007,0.,-33.1));
#8582=CARTESIAN_POINT('',(-4.40100384611888E-15,0.3,-33.1));
#8583=CARTESIAN_POINT('',(-0.300000000000006,0.,-33.1));
#8584=CARTESIAN_POINT('',(-0.300000000000002,0.3,-33.4));
#8585=CARTESIAN_POINT('',(-4.40619762898109E-15,0.3,-33.1));
#8586=CARTESIAN_POINT('Origin',(-24.974382,7.45,-14.6307));
#8587=CARTESIAN_POINT('',(-25.124382,7.3,-12.5614));
#8588=CARTESIAN_POINT('',(-24.824382,7.6,-12.2614));
#8589=CARTESIAN_POINT('',(-25.124382,7.3,-14.6307));
#8590=CARTESIAN_POINT('Origin',(-85.4520944533001,7.89544232590366,-8.6));
#8591=CARTESIAN_POINT('',(-85.4520944533001,7.89544232590366,-8.6));
#8592=CARTESIAN_POINT('',(-85.7575260777782,7.9,-8.3));
#8593=CARTESIAN_POINT('Origin',(-85.27604722665,7.74772116295183,-12.5));
#8594=CARTESIAN_POINT('Origin',(-88.6698813742938,24.4167876453958,-25.1));
#8595=CARTESIAN_POINT('',(-88.7219758275939,24.7122299712994,-24.8));
#8596=CARTESIAN_POINT('',(-88.3744390483901,24.4688820986959,-24.8));
#8597=CARTESIAN_POINT('',(-88.6698813742938,24.4167876453958,-25.1));
#8598=CARTESIAN_POINT('',(-88.6698813742938,24.4167876453958,-25.1));
#8599=CARTESIAN_POINT('',(-88.7219758275939,24.7122299712994,-24.8));
#8600=CARTESIAN_POINT('Origin',(-85.5477211629518,7.57395277334995,-24.95));
#8601=CARTESIAN_POINT('',(-85.6954423259037,7.54790554669992,-25.1));
#8602=CARTESIAN_POINT('Origin',(-79.9189481687678,26.1121272676905,-24.95));
#8603=CARTESIAN_POINT('',(-79.8929009421177,25.9644061047387,-25.1));
#8604=CARTESIAN_POINT('',(-79.9449953954178,26.2598484306423,-24.8));
#8605=CARTESIAN_POINT('Origin',(-115.778987753061,19.7890347597059,-9.173933));
#8606=CARTESIAN_POINT('',(-115.60521936346,19.6673608234042,-10.047866));
#8607=CARTESIAN_POINT('',(-115.60521936346,19.6673608234042,-9.173933));
#8608=CARTESIAN_POINT('',(-115.952756142663,19.9107086960077,-10.52423));
#8609=CARTESIAN_POINT('',(-115.60521936346,19.6673608234042,-10.82423));
#8610=CARTESIAN_POINT('',(-115.952756142663,19.9107086960077,-9.747866));
#8611=CARTESIAN_POINT('',(-115.952756142663,19.9107086960077,-9.173933));
#8612=CARTESIAN_POINT('',(-115.952756142663,19.9107086960077,-9.747866));
#8613=CARTESIAN_POINT('Origin',(-140.1,0.,-33.1));
#8614=CARTESIAN_POINT('',(-140.4,0.3,-33.1));
#8615=CARTESIAN_POINT('',(-140.1,0.3,-33.4));
#8616=CARTESIAN_POINT('',(-140.1,0.,-33.1));
#8617=CARTESIAN_POINT('',(-140.1,0.,-33.1));
#8618=CARTESIAN_POINT('',(-140.4,0.3,-33.1));
#8619=CARTESIAN_POINT('Origin',(-35.1,0.15,-33.25));
#8620=CARTESIAN_POINT('',(-35.1,0.,-33.1));
#8621=CARTESIAN_POINT('Origin',(-0.300000000000011,0.,-0.3));
#8622=CARTESIAN_POINT('',(-0.300000000000011,0.3,-2.06486027541825E-29));
#8623=CARTESIAN_POINT('',(-3.46944695195361E-17,0.3,-0.3));
#8624=CARTESIAN_POINT('',(-0.300000000000002,0.3,0.));
#8625=CARTESIAN_POINT('',(-0.300000000000001,0.,-0.3));
#8626=CARTESIAN_POINT('',(-0.300000000000011,0.,-0.3));
#8627=CARTESIAN_POINT('',(-3.98882523817414E-17,0.3,-0.3));
#8628=CARTESIAN_POINT('Origin',(-0.300000000000002,7.3,-12.5614));
#8629=CARTESIAN_POINT('',(-1.6306400674182E-15,7.3,-12.2614));
#8630=CARTESIAN_POINT('',(-1.63028605917831E-15,7.3,-12.2614));
#8631=CARTESIAN_POINT('',(-0.300000000000002,7.3,-12.5614));
#8632=CARTESIAN_POINT('',(-0.300000000000002,7.3,-12.5614));
#8633=CARTESIAN_POINT('',(-0.299999999999998,7.6,-12.2614));
#8634=CARTESIAN_POINT('Origin',(-0.150000000000002,3.8,-12.4114));
#8635=CARTESIAN_POINT('',(-0.300000000000002,0.7,-12.5614));
#8636=CARTESIAN_POINT('',(-0.300000000000002,3.8,-12.5614));
#8637=CARTESIAN_POINT('',(-1.61888150921922E-15,0.4,-12.2614));
#8638=CARTESIAN_POINT('',(-1.6306400674182E-15,3.8,-12.2614));
#8639=CARTESIAN_POINT('',(-1.61888150921922E-15,0.4,-12.2614));
#8640=CARTESIAN_POINT('Origin',(-35.1,7.45,-12.4114));
#8641=CARTESIAN_POINT('',(-35.1,7.3,-12.5614));
#8642=CARTESIAN_POINT('Origin',(-88.6698813742938,24.4167876453958,-8.3));
#8643=CARTESIAN_POINT('',(-88.7219758275939,24.7122299712995,-8.6));
#8644=CARTESIAN_POINT('',(-88.7219758275939,24.7122299712994,-8.6));
#8645=CARTESIAN_POINT('',(-88.6698813742938,24.4167876453958,-8.3));
#8646=CARTESIAN_POINT('',(-88.3744390483901,24.4688820986959,-8.6));
#8647=CARTESIAN_POINT('Origin',(-140.1,15.3482701106468,-10.82423));
#8648=CARTESIAN_POINT('',(-140.104557674096,15.6520944533001,-10.52423));
#8649=CARTESIAN_POINT('',(-140.4,15.3,-10.52423));
#8650=CARTESIAN_POINT('',(-140.104557674096,15.6520944533001,-10.52423));
#8651=CARTESIAN_POINT('',(-140.1,15.3482701106468,-10.82423));
#8652=CARTESIAN_POINT('',(-140.4,15.3,-10.52423));
#8653=CARTESIAN_POINT('Origin',(-93.5343383263025,23.7113666300446,-10.67423));
#8654=CARTESIAN_POINT('',(-93.5603855529526,23.8590877929965,-10.52423));
#8655=CARTESIAN_POINT('Origin',(-140.25,9.98140157465391,-10.67423));
#8656=CARTESIAN_POINT('',(-140.4,8.29355637798836,-10.52423));
#8657=CARTESIAN_POINT('',(-140.4,9.98140157465391,-10.52423));
#8658=CARTESIAN_POINT('',(-140.104557674096,8.64565083128844,-10.8196723259037));
#8659=CARTESIAN_POINT('',(-133.843625927246,9.74962202263233,-17.080604072754));
#8660=CARTESIAN_POINT('',(-140.104557674096,8.64565083128844,-10.8196723259037));
#8661=CARTESIAN_POINT('Origin',(-140.1,0.,-0.299999999999998));
#8662=CARTESIAN_POINT('',(-140.4,0.3,-0.299999999999998));
#8663=CARTESIAN_POINT('',(-140.1,0.3,0.));
#8664=CARTESIAN_POINT('',(-140.4,0.3,-0.3));
#8665=CARTESIAN_POINT('',(-140.1,0.,-0.3));
#8666=CARTESIAN_POINT('',(-140.1,0.,-0.299999999999998));
#8667=CARTESIAN_POINT('',(-140.1,0.3,6.84353691281476E-30));
#8668=CARTESIAN_POINT('Origin',(-140.25,0.15,-25.05));
#8669=CARTESIAN_POINT('',(-140.4,0.3,-25.05));
#8670=CARTESIAN_POINT('',(-140.1,0.,-25.05));
#8671=CARTESIAN_POINT('Origin',(-105.3,0.15,-0.15));
#8672=CARTESIAN_POINT('',(-105.3,0.3,0.));
#8673=CARTESIAN_POINT('',(-105.3,0.,-0.3));
#8674=CARTESIAN_POINT('Origin',(-3.46944695195361E-17,7.3,-0.3));
#8675=CARTESIAN_POINT('',(-0.300000000000002,7.3,0.));
#8676=CARTESIAN_POINT('',(-0.300000000000011,7.3,-2.06486027541825E-29));
#8677=CARTESIAN_POINT('',(-3.98882523817414E-17,7.3,-0.3));
#8678=CARTESIAN_POINT('',(-3.46944695195361E-17,7.3,-0.3));
#8679=CARTESIAN_POINT('',(-0.299999999999997,7.6,-0.3));
#8680=CARTESIAN_POINT('Origin',(-0.150000000000001,0.,-0.15));
#8681=CARTESIAN_POINT('',(-0.300000000000002,0.,0.));
#8682=CARTESIAN_POINT('',(-3.46944695195361E-17,0.,-0.3));
#8683=CARTESIAN_POINT('Origin',(-0.15,7.45,-8.35));
#8684=CARTESIAN_POINT('',(-1.11022302462516E-15,7.3,-8.35));
#8685=CARTESIAN_POINT('Origin',(-140.104557674096,15.6520944533001,-8.59999999999999));
#8686=CARTESIAN_POINT('',(-140.4,15.3,-8.59999999999999));
#8687=CARTESIAN_POINT('',(-140.1,15.3482701106468,-8.29999999999999));
#8688=CARTESIAN_POINT('',(-140.104557674096,15.6520944533001,-8.59999999999999));
#8689=CARTESIAN_POINT('',(-140.104557674096,15.6520944533001,-8.59999999999999));
#8690=CARTESIAN_POINT('',(-140.4,15.3,-8.59999999999999));
#8691=CARTESIAN_POINT('Origin',(-106.589721704574,21.4093502969626,-8.44999999999999));
#8692=CARTESIAN_POINT('',(-106.615768931224,21.5570714599144,-8.59999999999999));
#8693=CARTESIAN_POINT('Origin',(-140.252278837048,15.47604722665,-20.85));
#8694=CARTESIAN_POINT('',(-140.4,15.3,-20.85));
#8695=CARTESIAN_POINT('',(-140.104557674096,15.6520944533001,-20.85));
#8696=CARTESIAN_POINT('Origin',(-140.1,7.3,0.));
#8697=CARTESIAN_POINT('',(-140.4,7.3,-0.3));
#8698=CARTESIAN_POINT('',(-140.4,7.3,-0.299999999999998));
#8699=CARTESIAN_POINT('',(-140.1,7.3,6.84353691281476E-30));
#8700=CARTESIAN_POINT('',(-140.1,7.3,0.));
#8701=CARTESIAN_POINT('',(-140.1,7.6,-0.3));
#8702=CARTESIAN_POINT('Origin',(-140.25,0.,-0.15));
#8703=CARTESIAN_POINT('',(-140.4,0.,-0.3));
#8704=CARTESIAN_POINT('',(-140.1,0.,0.));
#8705=CARTESIAN_POINT('Origin',(-105.3,7.45,-0.15));
#8706=CARTESIAN_POINT('',(-105.3,7.3,0.));
#8707=CARTESIAN_POINT('Origin',(-140.1,7.6,-7.99999999999999));
#8708=CARTESIAN_POINT('',(-140.4,7.3,-8.59999999999999));
#8709=CARTESIAN_POINT('',(-140.4,7.3,-8.59999999999999));
#8710=CARTESIAN_POINT('',(-140.1,7.6,-7.99999999999999));
#8711=CARTESIAN_POINT('',(-140.1,7.9,-8.29999999999999));
#8712=CARTESIAN_POINT('Origin',(-140.25,7.45,-25.05));
#8713=CARTESIAN_POINT('',(-140.4,7.3,-25.05));
#8714=CARTESIAN_POINT('Origin',(-105.3,7.75,-8.14999999999999));
#8715=CARTESIAN_POINT('Origin',(-140.25,3.8,-8.44999999999999));
#8716=CARTESIAN_POINT('',(-140.4,3.8,-8.59999999999999));
#8717=CARTESIAN_POINT('Origin',(-86.3769476271456,12.2767297440779,-8.45));
#8718=CARTESIAN_POINT('Origin',(-88.548207437992,24.5905560349977,-8.3));
#8719=CARTESIAN_POINT('',(-88.7219758275939,24.7122299712994,-8.3));
#8720=CARTESIAN_POINT('Origin',(-0.150000000000002,0.15,-8.35));
#8721=CARTESIAN_POINT('',(-1.11022302462516E-15,0.3,-8.35));
#8722=CARTESIAN_POINT('',(-0.300000000000002,0.,-8.35));
#8723=CARTESIAN_POINT('Origin',(-140.25,0.,-33.25));
#8724=CARTESIAN_POINT('',(-140.4,0.,-33.1));
#8725=CARTESIAN_POINT('Origin',(-140.252278837048,8.4696036046384,-25.05));
#8726=CARTESIAN_POINT('',(-140.4,8.29355637798836,-25.05));
#8727=CARTESIAN_POINT('',(-140.104557674096,8.64565083128844,-25.05));
#8728=CARTESIAN_POINT('Origin',(-0.150000000000003,0.549999999999999,-9.21858625));
#8729=CARTESIAN_POINT('',(-0.300000000000005,0.7,-9.21858625));
#8730=CARTESIAN_POINT('',(-1.21430643318376E-15,0.4,-9.21858625));
#8731=CARTESIAN_POINT('Origin',(-0.150000000000004,0.,-33.25));
#8732=CARTESIAN_POINT('',(-4.40619762898109E-15,0.,-33.1));
#8733=CARTESIAN_POINT('Origin',(-140.25,7.45,-25.05));
#8734=CARTESIAN_POINT('',(-140.4,7.3,-25.05));
#8735=CARTESIAN_POINT('Origin',(-35.1,7.45,-33.25));
#8736=CARTESIAN_POINT('Origin',(-91.6066869558456,24.0512635760559,-9.897866));
#8737=CARTESIAN_POINT('',(-111.749916622546,20.3471547154266,-10.047866));
#8738=CARTESIAN_POINT('',(-91.5806397291955,23.903542413104,-10.047866));
#8739=CARTESIAN_POINT('',(-111.506568749942,20.6946914946303,-9.747866));
#8740=CARTESIAN_POINT('',(-91.6327341824956,24.1989847390077,-9.747866));
#8741=CARTESIAN_POINT('',(-111.506568749942,20.6946914946303,-9.747866));
#8742=CARTESIAN_POINT('Origin',(-140.25,3.8,-24.95));
#8743=CARTESIAN_POINT('',(-140.1,3.8,-25.1));
#8744=CARTESIAN_POINT('',(-140.4,3.8,-24.8));
#8745=CARTESIAN_POINT('Origin',(-140.252278837048,15.47604722665,-20.85));
#8746=CARTESIAN_POINT('',(-140.4,15.3,-20.85));
#8747=CARTESIAN_POINT('',(-140.104557674096,15.6520944533001,-20.85));
#8748=CARTESIAN_POINT('Origin',(-77.8,7.75,-25.25));
#8749=CARTESIAN_POINT('',(-77.8,7.9,-25.1));
#8750=CARTESIAN_POINT('Origin',(-0.15,7.45,-8.35));
#8751=CARTESIAN_POINT('',(-1.11022302462516E-15,7.3,-8.35));
#8752=CARTESIAN_POINT('Origin',(-108.367700800453,21.0958446112234,-22.72577));
#8753=CARTESIAN_POINT('',(-108.393748027103,21.2435657741752,-22.87577));
#8754=CARTESIAN_POINT('',(-108.341653573803,20.9481234482716,-22.57577));
#8755=CARTESIAN_POINT('Origin',(-111.628242686244,20.5209231050284,-9.562115));
#8756=CARTESIAN_POINT('',(-111.749916622546,20.3471547154266,-10.82423));
#8757=CARTESIAN_POINT('',(-111.749916622546,20.3471547154266,-9.562115));
#8758=CARTESIAN_POINT('',(-111.506568749942,20.6946914946303,-10.52423));
#8759=CARTESIAN_POINT('',(-111.506568749942,20.6946914946303,-9.562115));
#8760=CARTESIAN_POINT('',(-111.506568749942,20.6946914946303,-10.52423));
#8761=CARTESIAN_POINT('Origin',(-47.662191,7.45,-24.462945));
#8762=CARTESIAN_POINT('Origin',(-86.2691072267357,24.9924228939805,-10.67423));
#8763=CARTESIAN_POINT('',(-101.074757164326,22.2294733512759,-10.82423));
#8764=CARTESIAN_POINT('',(-86.2430600000857,24.8447017310287,-10.82423));
#8765=CARTESIAN_POINT('',(-100.831409291723,22.5770101304796,-10.52423));
#8766=CARTESIAN_POINT('',(-86.2951544533858,25.1401440569323,-10.52423));
#8767=CARTESIAN_POINT('',(-100.831409291723,22.5770101304796,-10.52423));
#8768=CARTESIAN_POINT('Origin',(-98.9411209886204,22.7580049678513,-12.16317));
#8769=CARTESIAN_POINT('',(-101.074757164326,22.2294733512758,-12.16317));
#8770=CARTESIAN_POINT('Origin',(-98.9150737619703,22.6102838048994,-12.16317));
#8771=CARTESIAN_POINT('',(-100.831409291723,22.5770101304796,-12.16317));
#8772=CARTESIAN_POINT('',(-101.074757164326,22.2294733512758,-12.16317));
#8773=CARTESIAN_POINT('',(-98.9523409497411,22.908340577766,-14.0561101250077));
#8774=CARTESIAN_POINT('Origin',(-98.9671682152704,22.9057261308031,-12.16317));
#8775=CARTESIAN_POINT('Ctrl Pts',(-98.9523409497411,22.908340577766,-14.0561101250077));
#8776=CARTESIAN_POINT('Ctrl Pts',(-99.0314241726419,22.7953980306135,-14.1543826919753));
#8777=CARTESIAN_POINT('Ctrl Pts',(-99.1131750030873,22.6786457450633,-14.2483165877779));
#8778=CARTESIAN_POINT('Ctrl Pts',(-99.1956888223446,22.5608037985623,-14.3375793259697));
#8779=CARTESIAN_POINT('Origin',(-100.953083228024,22.4032417408777,-10.231585));
#8780=CARTESIAN_POINT('',(-100.831409291723,22.5770101304796,-10.231585));
#8781=CARTESIAN_POINT('',(-101.074757164326,22.2294733512758,-10.231585));
#8782=CARTESIAN_POINT('Origin',(-49.6195795,7.45,-25.239309));
#8783=CARTESIAN_POINT('',(-29.039159,7.3,-25.089309));
#8784=CARTESIAN_POINT('',(-49.6195795,7.3,-25.089309));
#8785=CARTESIAN_POINT('',(-29.339159,7.6,-25.389309));
#8786=CARTESIAN_POINT('Origin',(-99.0740148860428,22.7345721881642,-15.437885));
#8787=CARTESIAN_POINT('',(-98.9523409497411,22.908340577766,-15.437885));
#8788=CARTESIAN_POINT('Origin',(-29.189159,7.45,-20.5064725));
#8789=CARTESIAN_POINT('',(-29.039159,7.3,-20.5064725));
#8790=CARTESIAN_POINT('Origin',(-40.029,7.45,-19.837));
#8791=CARTESIAN_POINT('',(-39.879,7.3,-19.837));
#8792=CARTESIAN_POINT('Origin',(-42.072,7.6,-22.974));
#8793=CARTESIAN_POINT('',(-39.879,0.7,-22.974));
#8794=CARTESIAN_POINT('Origin',(-42.072,0.7,-22.974));
#8795=CARTESIAN_POINT('',(-39.879,7.6,-22.974));
#8796=CARTESIAN_POINT('Origin',(-29.039159,7.6,-12.5614));
#8797=CARTESIAN_POINT('',(-29.039159,0.7,-12.5614));
#8798=CARTESIAN_POINT('',(-29.039159,7.6,-12.5614));
#8799=CARTESIAN_POINT('',(-41.787056,0.7,-12.5614));
#8800=CARTESIAN_POINT('Origin',(-29.039159,7.6,-11.785036));
#8801=CARTESIAN_POINT('',(-29.039159,0.7,-11.785036));
#8802=CARTESIAN_POINT('',(-29.039159,7.6,-11.785036));
#8803=CARTESIAN_POINT('',(-29.039159,0.7,-12.5614));
#8804=CARTESIAN_POINT('Origin',(-25.124382,7.6,-11.785036));
#8805=CARTESIAN_POINT('',(-25.124382,0.7,-11.785036));
#8806=CARTESIAN_POINT('',(-25.124382,7.6,-11.785036));
#8807=CARTESIAN_POINT('',(-29.039159,0.7,-11.785036));
#8808=CARTESIAN_POINT('Origin',(-25.124382,7.6,-12.5614));
#8809=CARTESIAN_POINT('',(-25.124382,0.7,-12.5614));
#8810=CARTESIAN_POINT('',(-25.124382,7.6,-12.5614));
#8811=CARTESIAN_POINT('',(-25.124382,0.7,-11.785036));
#8812=CARTESIAN_POINT('Origin',(0.,7.6,-12.5614));
#8813=CARTESIAN_POINT('',(-25.124382,0.7,-12.5614));
#8814=CARTESIAN_POINT('Origin',(-115.65731381676,19.9628031493078,-10.047866));
#8815=CARTESIAN_POINT('',(-114.459141390858,13.1676296535236,-10.047866));
#8816=CARTESIAN_POINT('',(-115.65731381676,19.9628031493078,-10.047866));
#8817=CARTESIAN_POINT('',(-114.459141390858,13.1676296535236,-10.82423));
#8818=CARTESIAN_POINT('Origin',(-111.802011075846,20.6425970413302,-10.047866));
#8819=CARTESIAN_POINT('',(-110.603838649944,13.847423545546,-10.047866));
#8820=CARTESIAN_POINT('',(-111.802011075846,20.6425970413302,-10.047866));
#8821=CARTESIAN_POINT('',(-114.459141390858,13.1676296535236,-10.047866));
#8822=CARTESIAN_POINT('Origin',(-111.802011075846,20.6425970413302,-10.82423));
#8823=CARTESIAN_POINT('',(-110.603838649944,13.847423545546,-10.82423));
#8824=CARTESIAN_POINT('',(-111.802011075846,20.6425970413302,-10.82423));
#8825=CARTESIAN_POINT('',(-110.603838649944,13.847423545546,-10.047866));
#8826=CARTESIAN_POINT('Origin',(-101.126851617626,22.5249156771795,-10.82423));
#8827=CARTESIAN_POINT('',(-99.9286791917243,15.7297421813953,-10.82423));
#8828=CARTESIAN_POINT('',(-101.126851617626,22.5249156771795,-10.82423));
#8829=CARTESIAN_POINT('',(-110.603838649944,13.847423545546,-10.82423));
#8830=CARTESIAN_POINT('Origin',(-101.126851617626,22.5249156771795,-12.16317));
#8831=CARTESIAN_POINT('',(-99.9286791917243,15.7297421813953,-12.16317));
#8832=CARTESIAN_POINT('',(-101.126851617626,22.5249156771795,-12.16317));
#8833=CARTESIAN_POINT('',(-99.9286791917243,15.7297421813953,-10.82423));
#8834=CARTESIAN_POINT('Origin',(-98.9671682152704,22.9057261308031,-12.16317));
#8835=CARTESIAN_POINT('Origin',(-97.7689957893686,16.1105526350189,-12.16317));
#8836=CARTESIAN_POINT('Origin',(-70.2,0.,-16.7));
#8837=CARTESIAN_POINT('Origin',(-140.4,0.,-33.4));
#8838=CARTESIAN_POINT('Origin',(-140.4,0.,2.76101316827354E-29));
#8839=CARTESIAN_POINT('Origin',(0.,0.,0.));
#8840=CARTESIAN_POINT('Origin',(-71.4634572891454,27.7553724366851,-8.3));
#8841=CARTESIAN_POINT('Origin',(-85.4,7.6,-25.1));
#8842=CARTESIAN_POINT('Origin',(-68.725444,5.2,-18.25));
#8843=CARTESIAN_POINT('',(-68.725444,5.2,-18.25));
#8844=CARTESIAN_POINT('',(-68.725444,5.2,-15.15));
#8845=CARTESIAN_POINT('',(-68.725444,5.2,-17.475));
#8846=CARTESIAN_POINT('',(-68.725444,2.6,-18.25));
#8847=CARTESIAN_POINT('',(-68.725444,5.2,-18.25));
#8848=CARTESIAN_POINT('',(-68.725444,2.6,-15.15));
#8849=CARTESIAN_POINT('',(-68.725444,2.6,-15.15));
#8850=CARTESIAN_POINT('',(-68.725444,5.2,-15.15));
#8851=CARTESIAN_POINT('Origin',(-71.737056,5.2,-18.25));
#8852=CARTESIAN_POINT('',(-71.737056,5.2,-18.25));
#8853=CARTESIAN_POINT('',(-70.968528,5.2,-18.25));
#8854=CARTESIAN_POINT('',(-71.737056,2.6,-18.25));
#8855=CARTESIAN_POINT('',(-71.737056,5.2,-18.25));
#8856=CARTESIAN_POINT('',(-68.725444,2.6,-18.25));
#8857=CARTESIAN_POINT('Origin',(-71.737056,5.2,-15.15));
#8858=CARTESIAN_POINT('',(-71.737056,5.2,-15.15));
#8859=CARTESIAN_POINT('',(-71.737056,5.2,-15.925));
#8860=CARTESIAN_POINT('',(-71.737056,2.6,-15.15));
#8861=CARTESIAN_POINT('',(-71.737056,5.2,-15.15));
#8862=CARTESIAN_POINT('',(-71.737056,2.6,-18.25));
#8863=CARTESIAN_POINT('Origin',(-68.725444,5.2,-15.15));
#8864=CARTESIAN_POINT('',(-69.462722,5.2,-15.15));
#8865=CARTESIAN_POINT('',(-71.737056,2.6,-15.15));
#8866=CARTESIAN_POINT('Origin',(-70.23125,2.6,-16.7));
#8867=CARTESIAN_POINT('Origin',(-70.2,5.5,-16.7));
#8868=CARTESIAN_POINT('',(-75.65,5.5,-16.7));
#8869=CARTESIAN_POINT('Origin',(-70.2,5.5,-16.7));
#8870=CARTESIAN_POINT('',(-75.65,5.2,-16.7));
#8871=CARTESIAN_POINT('',(-75.65,5.5,-16.7));
#8872=CARTESIAN_POINT('Origin',(-70.2,5.2,-16.7));
#8873=CARTESIAN_POINT('Origin',(-70.2,5.2,-16.7));
#8874=CARTESIAN_POINT('Origin',(-145.324038765061,14.7317591116653,-22.57577));
#8875=CARTESIAN_POINT('',(-114.459141390858,13.1676296535236,-22.57577));
#8876=CARTESIAN_POINT('',(-114.459141390858,13.1676296535236,-22.57577));
#8877=CARTESIAN_POINT('',(-115.65731381676,19.9628031493078,-22.57577));
#8878=CARTESIAN_POINT('Origin',(-111.802011075846,20.6425970413302,-22.57577));
#8879=CARTESIAN_POINT('',(-110.603838649944,13.847423545546,-22.57577));
#8880=CARTESIAN_POINT('',(-111.802011075846,20.6425970413302,-22.57577));
#8881=CARTESIAN_POINT('',(-98.0496108497429,16.0610726286817,-22.57577));
#8882=CARTESIAN_POINT('Origin',(-111.802011075846,20.6425970413302,-23.352134));
#8883=CARTESIAN_POINT('',(-110.603838649944,13.847423545546,-23.352134));
#8884=CARTESIAN_POINT('',(-111.802011075846,20.6425970413302,-23.352134));
#8885=CARTESIAN_POINT('',(-110.603838649944,13.847423545546,-22.57577));
#8886=CARTESIAN_POINT('Origin',(-115.65731381676,19.9628031493078,-23.352134));
#8887=CARTESIAN_POINT('',(-114.459141390858,13.1676296535236,-23.352134));
#8888=CARTESIAN_POINT('',(-115.65731381676,19.9628031493078,-23.352134));
#8889=CARTESIAN_POINT('',(-110.603838649944,13.847423545546,-23.352134));
#8890=CARTESIAN_POINT('Origin',(-115.65731381676,19.9628031493078,-22.57577));
#8891=CARTESIAN_POINT('',(-114.459141390858,13.1676296535236,-23.352134));
#8892=CARTESIAN_POINT('Origin',(-121.087738594451,11.9988291222814,-16.7));
#8893=CARTESIAN_POINT('Origin',(-25.124382,7.6,-25.089309));
#8894=CARTESIAN_POINT('',(-25.124382,0.7,-25.089309));
#8895=CARTESIAN_POINT('',(-25.124382,7.6,-25.089309));
#8896=CARTESIAN_POINT('',(-25.124382,0.7,-24.312945));
#8897=CARTESIAN_POINT('Origin',(-29.039159,7.6,-25.089309));
#8898=CARTESIAN_POINT('',(-29.039159,0.7,-25.089309));
#8899=CARTESIAN_POINT('',(-29.039159,7.6,-25.089309));
#8900=CARTESIAN_POINT('',(-25.124382,0.7,-25.089309));
#8901=CARTESIAN_POINT('Origin',(-29.039159,7.6,-24.312945));
#8902=CARTESIAN_POINT('',(-29.039159,0.7,-24.312945));
#8903=CARTESIAN_POINT('',(-29.039159,7.6,-24.312945));
#8904=CARTESIAN_POINT('',(-29.039159,0.7,-25.089309));
#8905=CARTESIAN_POINT('Origin',(-39.879,7.6,-24.312945));
#8906=CARTESIAN_POINT('',(-39.879,0.7,-24.312945));
#8907=CARTESIAN_POINT('',(-39.879,7.6,-24.312945));
#8908=CARTESIAN_POINT('',(-29.039159,0.7,-24.312945));
#8909=CARTESIAN_POINT('Origin',(-39.879,7.6,-22.974));
#8910=CARTESIAN_POINT('',(-39.879,0.7,-24.312945));
#8911=CARTESIAN_POINT('Origin',(-20.893528,0.7,-18.4371725));
#8912=CARTESIAN_POINT('Origin',(-7.27846096908266,7.6,-25.1));
#8913=CARTESIAN_POINT('',(-7.27846096908266,7.6,-25.1));
#8914=CARTESIAN_POINT('Origin',(-3.12153903091736,7.6,-25.1));
#8915=CARTESIAN_POINT('',(-3.12153903091736,7.6,-25.1));
#8916=CARTESIAN_POINT('Origin',(-1.04307806183471,7.6,-28.7));
#8917=CARTESIAN_POINT('Origin',(-7.27846096908265,7.6,-1.1));
#8918=CARTESIAN_POINT('',(-7.27846096908265,7.6,-1.10000000000001));
#8919=CARTESIAN_POINT('Origin',(-3.12153903091734,7.6,-1.10000000000001));
#8920=CARTESIAN_POINT('',(-3.12153903091734,7.6,-1.10000000000001));
#8921=CARTESIAN_POINT('Origin',(-1.04307806183469,7.6,-4.70000000000001));
#8922=CARTESIAN_POINT('Origin',(-70.2,5.5,-16.7));
#8923=CARTESIAN_POINT('',(0.,0.,0.));
#8924=CARTESIAN_POINT('Origin',(14.5,27.85,-7.00000000000001));
#8925=CARTESIAN_POINT('',(12.,28.,-7.00000000000001));
#8926=CARTESIAN_POINT('Origin',(14.5,28.,-7.00000000000001));
#8927=CARTESIAN_POINT('',(12.3,27.7,-7.00000000000001));
#8928=CARTESIAN_POINT('',(12.15,27.85,-7.00000000000001));
#8929=CARTESIAN_POINT('Origin',(14.5,27.7,-7.00000000000001));
#8930=CARTESIAN_POINT('Origin',(-5.55111512312578E-15,28.,-38.));
#8931=CARTESIAN_POINT('',(0.299999999999999,28.,-1.99999999999999));
#8932=CARTESIAN_POINT('',(0.3,28.,-36.));
#8933=CARTESIAN_POINT('',(0.299999999999996,28.,-28.5));
#8934=CARTESIAN_POINT('',(19.7,28.,-1.99999999999999));
#8935=CARTESIAN_POINT('',(10.,28.,-1.99999999999999));
#8936=CARTESIAN_POINT('',(19.7,28.,-36.));
#8937=CARTESIAN_POINT('',(19.7,28.,-28.5));
#8938=CARTESIAN_POINT('',(-2.77555756156289E-15,28.,-36.));
#8939=CARTESIAN_POINT('',(12.,28.,-31.));
#8940=CARTESIAN_POINT('Origin',(14.5,28.,-31.));
#8941=CARTESIAN_POINT('Origin',(14.5,0.,-7.00000000000001));
#8942=CARTESIAN_POINT('',(16.7,5.3,-7.00000000000001));
#8943=CARTESIAN_POINT('',(12.3,5.3,-7.00000000000001));
#8944=CARTESIAN_POINT('Origin',(14.5,5.3,-7.00000000000001));
#8945=CARTESIAN_POINT('Origin',(14.5,5.3,-7.00000000000001));
#8946=CARTESIAN_POINT('',(12.3,0.,-7.00000000000001));
#8947=CARTESIAN_POINT('Origin',(14.5,27.85,-31.));
#8948=CARTESIAN_POINT('',(12.3,27.7,-31.));
#8949=CARTESIAN_POINT('',(12.15,27.85,-31.));
#8950=CARTESIAN_POINT('Origin',(14.5,27.7,-31.));
#8951=CARTESIAN_POINT('Origin',(14.5,0.,-31.));
#8952=CARTESIAN_POINT('',(16.7,5.3,-31.));
#8953=CARTESIAN_POINT('',(12.3,5.3,-31.));
#8954=CARTESIAN_POINT('Origin',(14.5,5.3,-31.));
#8955=CARTESIAN_POINT('Origin',(14.5,5.3,-31.));
#8956=CARTESIAN_POINT('',(12.3,0.,-31.));
#8957=CARTESIAN_POINT('Origin',(-115.5,27.85,-31.));
#8958=CARTESIAN_POINT('',(-118.,28.,-31.));
#8959=CARTESIAN_POINT('Origin',(-115.5,28.,-31.));
#8960=CARTESIAN_POINT('',(-117.7,27.7,-31.));
#8961=CARTESIAN_POINT('',(-117.85,27.85,-31.));
#8962=CARTESIAN_POINT('Origin',(-115.5,27.7,-31.));
#8963=CARTESIAN_POINT('Origin',(-101.,28.,4.44089209850063E-15));
#8964=CARTESIAN_POINT('',(-101.3,28.,-36.));
#8965=CARTESIAN_POINT('',(-101.3,28.,-2.));
#8966=CARTESIAN_POINT('',(-101.3,28.,-9.49999999999999));
#8967=CARTESIAN_POINT('',(-121.,28.,-36.));
#8968=CARTESIAN_POINT('',(-111.,28.,-36.));
#8969=CARTESIAN_POINT('',(-121.,28.,-1.99999999999999));
#8970=CARTESIAN_POINT('',(-121.,28.,-0.999999999999993));
#8971=CARTESIAN_POINT('',(-101.,28.,-2.));
#8972=CARTESIAN_POINT('',(-118.,28.,-7.));
#8973=CARTESIAN_POINT('Origin',(-115.5,28.,-7.));
#8974=CARTESIAN_POINT('Origin',(-115.5,0.,-31.));
#8975=CARTESIAN_POINT('',(-113.3,5.3,-31.));
#8976=CARTESIAN_POINT('',(-117.7,5.3,-31.));
#8977=CARTESIAN_POINT('Origin',(-115.5,5.3,-31.));
#8978=CARTESIAN_POINT('Origin',(-115.5,5.3,-31.));
#8979=CARTESIAN_POINT('',(-117.7,0.,-31.));
#8980=CARTESIAN_POINT('Origin',(-115.5,27.85,-7.));
#8981=CARTESIAN_POINT('',(-117.7,27.7,-7.));
#8982=CARTESIAN_POINT('',(-117.85,27.85,-7.));
#8983=CARTESIAN_POINT('Origin',(-115.5,27.7,-7.));
#8984=CARTESIAN_POINT('Origin',(-115.5,0.,-7.));
#8985=CARTESIAN_POINT('',(-113.3,5.3,-7.));
#8986=CARTESIAN_POINT('',(-117.7,5.3,-7.));
#8987=CARTESIAN_POINT('Origin',(-115.5,5.3,-7.));
#8988=CARTESIAN_POINT('Origin',(-115.5,5.3,-7.));
#8989=CARTESIAN_POINT('',(-117.7,0.,-7.));
#8990=CARTESIAN_POINT('Origin',(-101.3,35.7,-2.));
#8991=CARTESIAN_POINT('',(-101.,35.7,-1.7));
#8992=CARTESIAN_POINT('',(-101.3,36.,-1.7));
#8993=CARTESIAN_POINT('',(-101.,35.7,-1.7));
#8994=CARTESIAN_POINT('',(-101.3,35.7,-2.));
#8995=CARTESIAN_POINT('',(-101.3,35.7,-2.));
#8996=CARTESIAN_POINT('',(-101.3,36.,-1.7));
#8997=CARTESIAN_POINT('Origin',(-101.15,7.,-0.149999999999998));
#8998=CARTESIAN_POINT('',(-101.3,36.,4.44089209850063E-15));
#8999=CARTESIAN_POINT('',(-101.3,9.7,0.));
#9000=CARTESIAN_POINT('',(-101.3,7.,0.));
#9001=CARTESIAN_POINT('',(-101.,10.,-0.299999999999994));
#9002=CARTESIAN_POINT('',(-101.3,9.7,0.));
#9003=CARTESIAN_POINT('',(-101.,35.7,-0.299999999999996));
#9004=CARTESIAN_POINT('',(-101.,7.,-0.299999999999996));
#9005=CARTESIAN_POINT('',(-101.,35.7,-0.299999999999996));
#9006=CARTESIAN_POINT('Origin',(-101.15,27.85,-9.49999999999999));
#9007=CARTESIAN_POINT('',(-101.,27.7,-1.7));
#9008=CARTESIAN_POINT('',(-101.,27.7,-36.3));
#9009=CARTESIAN_POINT('',(-101.,27.7,-9.49999999999999));
#9010=CARTESIAN_POINT('',(-101.,27.7,-36.3));
#9011=CARTESIAN_POINT('',(-101.3,28.,-2.));
#9012=CARTESIAN_POINT('Origin',(-75.75,9.85,-0.15));
#9013=CARTESIAN_POINT('',(0.299999999999995,9.7,0.));
#9014=CARTESIAN_POINT('',(-75.75,9.7,0.));
#9015=CARTESIAN_POINT('',(-4.38245930773088E-17,10.,-0.3));
#9016=CARTESIAN_POINT('',(0.299999999999995,9.7,0.));
#9017=CARTESIAN_POINT('',(-75.75,10.,-0.3));
#9018=CARTESIAN_POINT('Origin',(-101.,35.7,-36.3));
#9019=CARTESIAN_POINT('',(-101.3,35.7,-36.));
#9020=CARTESIAN_POINT('',(-101.3,36.,-36.3));
#9021=CARTESIAN_POINT('',(-101.3,35.7,-36.));
#9022=CARTESIAN_POINT('',(-101.,35.7,-36.3));
#9023=CARTESIAN_POINT('',(-101.,35.7,-36.3));
#9024=CARTESIAN_POINT('',(-101.3,36.,-36.3));
#9025=CARTESIAN_POINT('Origin',(-101.15,21.,-36.15));
#9026=CARTESIAN_POINT('',(-101.,21.,-36.3));
#9027=CARTESIAN_POINT('',(-101.3,21.,-36.));
#9028=CARTESIAN_POINT('Origin',(0.149999999999997,7.,-0.149999999999997));
#9029=CARTESIAN_POINT('',(0.3,36.,8.38276816382763E-15));
#9030=CARTESIAN_POINT('',(0.299999999999995,7.,0.));
#9031=CARTESIAN_POINT('',(-3.46944695195361E-17,35.7,-0.299999999999995));
#9032=CARTESIAN_POINT('',(0.299999999999995,36.,8.38276816382763E-15));
#9033=CARTESIAN_POINT('',(-3.46944695195361E-17,7.,-0.299999999999995));
#9034=CARTESIAN_POINT('Origin',(0.149999999999996,27.85,-28.5));
#9035=CARTESIAN_POINT('',(-5.30277576235437E-15,27.7,-36.3));
#9036=CARTESIAN_POINT('',(0.299999999999995,28.,-36.));
#9037=CARTESIAN_POINT('',(-2.42861286636753E-16,27.7,-1.69999999999999));
#9038=CARTESIAN_POINT('',(-4.16333634234434E-15,27.7,-28.5));
#9039=CARTESIAN_POINT('',(-2.42861286636753E-16,27.7,-1.69999999999999));
#9040=CARTESIAN_POINT('Origin',(0.3,35.7,-36.));
#9041=CARTESIAN_POINT('',(-5.30825383648903E-15,35.7,-36.3));
#9042=CARTESIAN_POINT('',(0.3,36.,-36.3));
#9043=CARTESIAN_POINT('',(-5.30642781177747E-15,35.7,-36.3));
#9044=CARTESIAN_POINT('',(0.3,35.7,-36.));
#9045=CARTESIAN_POINT('',(0.3,35.7,-36.));
#9046=CARTESIAN_POINT('',(0.3,36.,-36.3));
#9047=CARTESIAN_POINT('Origin',(0.149999999999997,21.,-36.15));
#9048=CARTESIAN_POINT('',(0.3,21.,-36.));
#9049=CARTESIAN_POINT('',(-5.30825383648903E-15,21.,-36.3));
#9050=CARTESIAN_POINT('Origin',(-101.3,35.7,-38.));
#9051=CARTESIAN_POINT('',(-101.,35.7,-37.7));
#9052=CARTESIAN_POINT('',(-101.3,36.,-37.7));
#9053=CARTESIAN_POINT('',(-101.,35.7,-37.7));
#9054=CARTESIAN_POINT('',(-101.3,35.7,-38.));
#9055=CARTESIAN_POINT('',(-101.3,35.7,-38.));
#9056=CARTESIAN_POINT('',(-101.3,36.,-37.7));
#9057=CARTESIAN_POINT('Origin',(-101.15,7.,-37.85));
#9058=CARTESIAN_POINT('',(-101.3,9.7,-38.));
#9059=CARTESIAN_POINT('',(-101.3,7.,-38.));
#9060=CARTESIAN_POINT('',(-101.,10.,-37.7));
#9061=CARTESIAN_POINT('',(-101.,7.,-37.7));
#9062=CARTESIAN_POINT('',(-101.3,9.7,-38.));
#9063=CARTESIAN_POINT('Origin',(19.85,27.85,-28.5));
#9064=CARTESIAN_POINT('',(20.,27.7,-1.69999999999999));
#9065=CARTESIAN_POINT('',(20.,27.7,-36.3));
#9066=CARTESIAN_POINT('',(20.,27.7,-28.5));
#9067=CARTESIAN_POINT('',(20.,27.7,-36.3));
#9068=CARTESIAN_POINT('',(20.,27.7,-1.69999999999999));
#9069=CARTESIAN_POINT('Origin',(-2.42861286636753E-16,35.7,-1.69999999999999));
#9070=CARTESIAN_POINT('',(0.299999999999999,35.7,-1.99999999999999));
#9071=CARTESIAN_POINT('',(0.3,36.,-1.69999999999999));
#9072=CARTESIAN_POINT('',(0.299999999999998,35.7,-1.99999999999999));
#9073=CARTESIAN_POINT('',(-2.44687311348308E-16,35.7,-1.69999999999999));
#9074=CARTESIAN_POINT('',(-2.42861286636753E-16,35.7,-1.69999999999999));
#9075=CARTESIAN_POINT('',(0.3,36.,-1.69999999999999));
#9076=CARTESIAN_POINT('Origin',(0.149999999999999,21.,-1.84999999999999));
#9077=CARTESIAN_POINT('',(-2.42861286636753E-16,21.,-1.69999999999999));
#9078=CARTESIAN_POINT('',(0.299999999999999,21.,-1.99999999999999));
#9079=CARTESIAN_POINT('Origin',(0.149999999999999,35.85,-9.99999999999999));
#9080=CARTESIAN_POINT('',(0.299999999999999,36.,-9.99999999999999));
#9081=CARTESIAN_POINT('',(-1.45716771982052E-15,35.7,-9.99999999999999));
#9082=CARTESIAN_POINT('Origin',(20.,35.7,-36.3));
#9083=CARTESIAN_POINT('',(19.7,35.7,-36.));
#9084=CARTESIAN_POINT('',(19.7,36.,-36.3));
#9085=CARTESIAN_POINT('',(19.7,35.7,-36.));
#9086=CARTESIAN_POINT('',(20.,35.7,-36.3));
#9087=CARTESIAN_POINT('',(20.,35.7,-36.3));
#9088=CARTESIAN_POINT('',(19.7,36.,-36.3));
#9089=CARTESIAN_POINT('Origin',(19.85,21.,-36.15));
#9090=CARTESIAN_POINT('',(20.,21.,-36.3));
#9091=CARTESIAN_POINT('',(19.7,21.,-36.));
#9092=CARTESIAN_POINT('Origin',(-5.51642065360625E-15,35.7,-37.7));
#9093=CARTESIAN_POINT('',(0.299999999999994,35.7,-38.));
#9094=CARTESIAN_POINT('',(0.3,36.,-37.7));
#9095=CARTESIAN_POINT('',(0.299999999999995,35.7,-38.));
#9096=CARTESIAN_POINT('',(-5.51094257947158E-15,35.7,-37.7));
#9097=CARTESIAN_POINT('',(-5.51642065360625E-15,35.7,-37.7));
#9098=CARTESIAN_POINT('',(0.3,36.,-37.7));
#9099=CARTESIAN_POINT('Origin',(0.149999999999994,7.,-37.85));
#9100=CARTESIAN_POINT('',(-5.50729053004847E-15,10.,-37.7));
#9101=CARTESIAN_POINT('',(-5.51642065360625E-15,7.,-37.7));
#9102=CARTESIAN_POINT('',(0.299999999999994,9.7,-38.));
#9103=CARTESIAN_POINT('',(0.299999999999994,7.,-38.));
#9104=CARTESIAN_POINT('',(0.299999999999994,9.7,-38.));
#9105=CARTESIAN_POINT('Origin',(0.149999999999999,35.85,-28.));
#9106=CARTESIAN_POINT('',(0.300000000000001,36.,-28.));
#9107=CARTESIAN_POINT('',(-4.09394740330526E-15,35.7,-28.));
#9108=CARTESIAN_POINT('Origin',(-123.,35.7,-37.7));
#9109=CARTESIAN_POINT('',(-122.7,35.7,-38.));
#9110=CARTESIAN_POINT('',(-122.7,36.,-37.7));
#9111=CARTESIAN_POINT('',(-122.7,35.7,-38.));
#9112=CARTESIAN_POINT('',(-123.,35.7,-37.7));
#9113=CARTESIAN_POINT('',(-123.,35.7,-37.7));
#9114=CARTESIAN_POINT('',(-122.7,36.,-37.7));
#9115=CARTESIAN_POINT('Origin',(19.7,35.7,-1.99999999999999));
#9116=CARTESIAN_POINT('',(20.,35.7,-1.69999999999999));
#9117=CARTESIAN_POINT('',(19.7,36.,-1.69999999999999));
#9118=CARTESIAN_POINT('',(20.,35.7,-1.69999999999999));
#9119=CARTESIAN_POINT('',(19.7,35.7,-1.99999999999999));
#9120=CARTESIAN_POINT('',(19.7,35.7,-1.99999999999999));
#9121=CARTESIAN_POINT('',(19.7,36.,-1.69999999999999));
#9122=CARTESIAN_POINT('Origin',(19.85,21.,-1.84999999999999));
#9123=CARTESIAN_POINT('',(19.7,21.,-1.99999999999999));
#9124=CARTESIAN_POINT('',(20.,21.,-1.69999999999999));
#9125=CARTESIAN_POINT('Origin',(15.,35.85,-1.84999999999999));
#9126=CARTESIAN_POINT('',(15.,36.,-1.69999999999999));
#9127=CARTESIAN_POINT('',(15.,35.7,-1.99999999999999));
#9128=CARTESIAN_POINT('Origin',(19.7,35.7,-38.));
#9129=CARTESIAN_POINT('',(20.,35.7,-37.7));
#9130=CARTESIAN_POINT('',(19.7,36.,-37.7));
#9131=CARTESIAN_POINT('',(20.,35.7,-37.7));
#9132=CARTESIAN_POINT('',(19.7,35.7,-38.));
#9133=CARTESIAN_POINT('',(19.7,35.7,-38.));
#9134=CARTESIAN_POINT('',(19.7,36.,-37.7));
#9135=CARTESIAN_POINT('Origin',(-122.7,0.,-37.7));
#9136=CARTESIAN_POINT('',(-122.7,0.3,-38.));
#9137=CARTESIAN_POINT('',(-123.,0.3,-37.7));
#9138=CARTESIAN_POINT('',(-122.7,0.3,-38.));
#9139=CARTESIAN_POINT('',(-122.7,0.,-37.7));
#9140=CARTESIAN_POINT('',(-122.7,0.,-37.7));
#9141=CARTESIAN_POINT('',(-123.,0.3,-37.7));
#9142=CARTESIAN_POINT('Origin',(-122.7,0.3,0.));
#9143=CARTESIAN_POINT('',(-122.7,0.,-0.3));
#9144=CARTESIAN_POINT('',(-123.,0.3,-0.299999999999998));
#9145=CARTESIAN_POINT('',(-122.7,0.,-0.3));
#9146=CARTESIAN_POINT('',(-122.7,0.3,0.));
#9147=CARTESIAN_POINT('',(-122.7,0.3,0.));
#9148=CARTESIAN_POINT('',(-123.,0.3,-0.299999999999997));
#9149=CARTESIAN_POINT('Origin',(19.7,0.3,-38.));
#9150=CARTESIAN_POINT('',(19.7,0.,-37.7));
#9151=CARTESIAN_POINT('',(20.,0.3,-37.7));
#9152=CARTESIAN_POINT('',(19.7,0.,-37.7));
#9153=CARTESIAN_POINT('',(19.7,0.3,-38.));
#9154=CARTESIAN_POINT('',(19.7,0.3,-38.));
#9155=CARTESIAN_POINT('',(20.,0.3,-37.7));
#9156=CARTESIAN_POINT('Origin',(-25.25,0.15,-37.85));
#9157=CARTESIAN_POINT('',(-25.25,0.3,-38.));
#9158=CARTESIAN_POINT('',(-25.25,0.,-37.7));
#9159=CARTESIAN_POINT('Origin',(19.85,7.,-37.85));
#9160=CARTESIAN_POINT('',(20.,7.,-37.7));
#9161=CARTESIAN_POINT('',(19.7,7.,-38.));
#9162=CARTESIAN_POINT('Origin',(19.7,0.,-0.3));
#9163=CARTESIAN_POINT('',(19.7,0.3,0.));
#9164=CARTESIAN_POINT('',(20.,0.3,-0.299999999999998));
#9165=CARTESIAN_POINT('',(19.7,0.3,0.));
#9166=CARTESIAN_POINT('',(19.7,0.,-0.3));
#9167=CARTESIAN_POINT('',(19.7,0.,-0.3));
#9168=CARTESIAN_POINT('',(20.,0.3,-0.299999999999998));
#9169=CARTESIAN_POINT('Origin',(-75.75,0.15,-0.15));
#9170=CARTESIAN_POINT('',(-75.75,0.,-0.3));
#9171=CARTESIAN_POINT('',(-75.75,0.3,0.));
#9172=CARTESIAN_POINT('Origin',(19.85,0.15,-19.));
#9173=CARTESIAN_POINT('',(20.,0.3,-19.));
#9174=CARTESIAN_POINT('',(19.7,0.,-19.));
#9175=CARTESIAN_POINT('Origin',(19.85,7.,-0.149999999999999));
#9176=CARTESIAN_POINT('',(19.7,36.,6.34229511014813E-15));
#9177=CARTESIAN_POINT('',(19.7,7.,0.));
#9178=CARTESIAN_POINT('',(20.,35.7,-0.299999999999998));
#9179=CARTESIAN_POINT('',(20.,7.,-0.299999999999998));
#9180=CARTESIAN_POINT('',(20.,35.7,-0.299999999999998));
#9181=CARTESIAN_POINT('Origin',(-122.85,7.,-0.149999999999998));
#9182=CARTESIAN_POINT('',(-123.,35.7,-0.299999999999997));
#9183=CARTESIAN_POINT('',(-123.,7.,-0.299999999999997));
#9184=CARTESIAN_POINT('',(-122.7,36.,4.44089209850063E-15));
#9185=CARTESIAN_POINT('',(-122.7,7.,0.));
#9186=CARTESIAN_POINT('',(-122.7,36.,4.44089209850063E-15));
#9187=CARTESIAN_POINT('Origin',(-122.85,0.15,-19.));
#9188=CARTESIAN_POINT('',(-123.,0.3,-19.));
#9189=CARTESIAN_POINT('',(-122.7,0.,-19.));
#9190=CARTESIAN_POINT('Origin',(19.85,35.85,-9.99999999999999));
#9191=CARTESIAN_POINT('',(20.,35.7,-9.99999999999999));
#9192=CARTESIAN_POINT('',(19.7,36.,-9.99999999999999));
#9193=CARTESIAN_POINT('Origin',(-122.85,7.,-37.85));
#9194=CARTESIAN_POINT('',(-122.7,7.,-38.));
#9195=CARTESIAN_POINT('',(-123.,7.,-37.7));
#9196=CARTESIAN_POINT('Origin',(5.,35.85,-37.85));
#9197=CARTESIAN_POINT('',(5.,36.,-37.7));
#9198=CARTESIAN_POINT('',(5.,35.7,-38.));
#9199=CARTESIAN_POINT('Origin',(19.85,35.85,-28.));
#9200=CARTESIAN_POINT('',(19.7,36.,-28.));
#9201=CARTESIAN_POINT('',(20.,35.7,-28.));
#9202=CARTESIAN_POINT('Origin',(-122.85,35.85,-19.));
#9203=CARTESIAN_POINT('',(-122.7,36.,-19.));
#9204=CARTESIAN_POINT('',(-123.,35.7,-19.));
#9205=CARTESIAN_POINT('Origin',(-56.,35.85,-37.85));
#9206=CARTESIAN_POINT('',(-56.,36.,-37.7));
#9207=CARTESIAN_POINT('',(-56.,35.7,-38.));
#9208=CARTESIAN_POINT('Origin',(5.,35.85,-36.15));
#9209=CARTESIAN_POINT('',(5.,36.,-36.3));
#9210=CARTESIAN_POINT('',(5.,35.7,-36.));
#9211=CARTESIAN_POINT('Origin',(-101.15,35.85,-19.));
#9212=CARTESIAN_POINT('',(-101.3,36.,-19.));
#9213=CARTESIAN_POINT('',(-101.,35.7,-19.));
#9214=CARTESIAN_POINT('Origin',(-25.25,9.85,-37.85));
#9215=CARTESIAN_POINT('',(-25.25,10.,-37.7));
#9216=CARTESIAN_POINT('',(-25.25,9.7,-38.));
#9217=CARTESIAN_POINT('Origin',(-116.5,35.85,-36.15));
#9218=CARTESIAN_POINT('',(-121.,35.7,-36.));
#9219=CARTESIAN_POINT('',(-116.5,35.7,-36.));
#9220=CARTESIAN_POINT('',(-121.3,36.,-36.3));
#9221=CARTESIAN_POINT('',(-116.5,36.,-36.3));
#9222=CARTESIAN_POINT('',(-121.3,36.,-36.3));
#9223=CARTESIAN_POINT('Origin',(-121.15,35.85,-10.5));
#9224=CARTESIAN_POINT('',(-121.,35.7,-1.99999999999999));
#9225=CARTESIAN_POINT('',(-121.,35.7,-10.5));
#9226=CARTESIAN_POINT('',(-121.3,36.,-1.69999999999999));
#9227=CARTESIAN_POINT('',(-121.3,36.,-10.5));
#9228=CARTESIAN_POINT('',(-121.3,36.,-1.69999999999999));
#9229=CARTESIAN_POINT('Origin',(-101.15,21.,-1.85));
#9230=CARTESIAN_POINT('',(-101.3,21.,-2.));
#9231=CARTESIAN_POINT('',(-101.,21.,-1.7));
#9232=CARTESIAN_POINT('Origin',(-106.5,35.85,-1.85));
#9233=CARTESIAN_POINT('',(-106.5,36.,-1.7));
#9234=CARTESIAN_POINT('',(-106.5,35.7,-2.));
#9235=CARTESIAN_POINT('Origin',(-101.15,35.85,-19.));
#9236=CARTESIAN_POINT('',(-101.,35.7,-19.));
#9237=CARTESIAN_POINT('',(-101.3,36.,-19.));
#9238=CARTESIAN_POINT('Origin',(-101.,28.,-2.));
#9239=CARTESIAN_POINT('',(-121.,28.,-1.99999999999999));
#9240=CARTESIAN_POINT('Origin',(20.,28.,-1.99999999999999));
#9241=CARTESIAN_POINT('Origin',(-2.77555756156289E-15,14.,-19.));
#9242=CARTESIAN_POINT('',(0.,10.,0.));
#9243=CARTESIAN_POINT('Origin',(-50.5,10.,-19.));
#9244=CARTESIAN_POINT('',(-101.,10.,-38.));
#9245=CARTESIAN_POINT('Origin',(-112.,36.,-19.));
#9246=CARTESIAN_POINT('',(-123.,36.,4.44089209850063E-15));
#9247=CARTESIAN_POINT('Origin',(10.,36.,-37.));
#9248=CARTESIAN_POINT('Origin',(-5.55111512312578E-15,0.,-38.));
#9249=CARTESIAN_POINT('Origin',(20.,14.,-19.));
#9250=CARTESIAN_POINT('Origin',(-50.5,0.,-19.));
#9251=CARTESIAN_POINT('',(18.8,0.,-7.00000000000001));
#9252=CARTESIAN_POINT('Origin',(14.5,0.,-7.00000000000001));
#9253=CARTESIAN_POINT('',(-111.2,0.,-7.));
#9254=CARTESIAN_POINT('Origin',(-115.5,0.,-7.));
#9255=CARTESIAN_POINT('',(-111.2,0.,-31.));
#9256=CARTESIAN_POINT('Origin',(-115.5,0.,-31.));
#9257=CARTESIAN_POINT('',(18.8,0.,-31.));
#9258=CARTESIAN_POINT('Origin',(14.5,0.,-31.));
#9259=CARTESIAN_POINT('Origin',(-123.,14.,-19.));
#9260=CARTESIAN_POINT('Origin',(14.5,0.15,-7.00000000000001));
#9261=CARTESIAN_POINT('',(18.5,0.3,-7.00000000000001));
#9262=CARTESIAN_POINT('',(18.65,0.15,-7.00000000000001));
#9263=CARTESIAN_POINT('',(10.5,0.3,-7.00000000000001));
#9264=CARTESIAN_POINT('Origin',(14.5,0.3,-7.00000000000001));
#9265=CARTESIAN_POINT('Origin',(14.5,0.3,-7.00000000000001));
#9266=CARTESIAN_POINT('Origin',(14.5,0.,-7.00000000000001));
#9267=CARTESIAN_POINT('',(10.5,5.,-7.00000000000001));
#9268=CARTESIAN_POINT('',(10.5,0.,-7.00000000000001));
#9269=CARTESIAN_POINT('Origin',(14.5,5.,-7.00000000000001));
#9270=CARTESIAN_POINT('Origin',(14.5,5.15,-7.00000000000001));
#9271=CARTESIAN_POINT('',(17.,5.,-7.00000000000001));
#9272=CARTESIAN_POINT('',(16.85,5.15,-7.00000000000001));
#9273=CARTESIAN_POINT('Origin',(14.5,5.,-7.00000000000001));
#9274=CARTESIAN_POINT('Origin',(14.5,5.,-7.));
#9275=CARTESIAN_POINT('Origin',(14.5,0.15,-31.));
#9276=CARTESIAN_POINT('',(18.5,0.3,-31.));
#9277=CARTESIAN_POINT('',(18.65,0.15,-31.));
#9278=CARTESIAN_POINT('',(10.5,0.3,-31.));
#9279=CARTESIAN_POINT('Origin',(14.5,0.3,-31.));
#9280=CARTESIAN_POINT('Origin',(14.5,0.3,-31.));
#9281=CARTESIAN_POINT('Origin',(14.5,0.,-31.));
#9282=CARTESIAN_POINT('',(10.5,5.,-31.));
#9283=CARTESIAN_POINT('',(10.5,0.,-31.));
#9284=CARTESIAN_POINT('Origin',(14.5,5.,-31.));
#9285=CARTESIAN_POINT('Origin',(14.5,5.15,-31.));
#9286=CARTESIAN_POINT('',(17.,5.,-31.));
#9287=CARTESIAN_POINT('',(16.85,5.15,-31.));
#9288=CARTESIAN_POINT('Origin',(14.5,5.,-31.));
#9289=CARTESIAN_POINT('Origin',(14.5,5.,-31.));
#9290=CARTESIAN_POINT('Origin',(-115.5,5.15,-7.));
#9291=CARTESIAN_POINT('',(-113.,5.,-7.));
#9292=CARTESIAN_POINT('',(-113.15,5.15,-7.));
#9293=CARTESIAN_POINT('Origin',(-115.5,5.,-7.));
#9294=CARTESIAN_POINT('Origin',(-115.5,5.,-7.));
#9295=CARTESIAN_POINT('',(-119.5,5.,-7.));
#9296=CARTESIAN_POINT('Origin',(-115.5,5.,-7.));
#9297=CARTESIAN_POINT('Origin',(-115.5,0.15,-7.));
#9298=CARTESIAN_POINT('',(-111.5,0.3,-7.));
#9299=CARTESIAN_POINT('',(-111.35,0.15,-7.));
#9300=CARTESIAN_POINT('',(-119.5,0.3,-7.));
#9301=CARTESIAN_POINT('Origin',(-115.5,0.3,-7.));
#9302=CARTESIAN_POINT('Origin',(-115.5,0.3,-7.));
#9303=CARTESIAN_POINT('Origin',(-115.5,0.,-7.));
#9304=CARTESIAN_POINT('',(-119.5,0.,-7.));
#9305=CARTESIAN_POINT('Origin',(-115.5,5.15,-31.));
#9306=CARTESIAN_POINT('',(-113.,5.,-31.));
#9307=CARTESIAN_POINT('',(-113.15,5.15,-31.));
#9308=CARTESIAN_POINT('Origin',(-115.5,5.,-31.));
#9309=CARTESIAN_POINT('Origin',(-115.5,5.,-31.));
#9310=CARTESIAN_POINT('',(-119.5,5.,-31.));
#9311=CARTESIAN_POINT('Origin',(-115.5,5.,-31.));
#9312=CARTESIAN_POINT('Origin',(-115.5,0.15,-31.));
#9313=CARTESIAN_POINT('',(-111.5,0.3,-31.));
#9314=CARTESIAN_POINT('',(-111.35,0.15,-31.));
#9315=CARTESIAN_POINT('',(-119.5,0.3,-31.));
#9316=CARTESIAN_POINT('Origin',(-115.5,0.3,-31.));
#9317=CARTESIAN_POINT('Origin',(-115.5,0.3,-31.));
#9318=CARTESIAN_POINT('Origin',(-115.5,0.,-31.));
#9319=CARTESIAN_POINT('',(-119.5,0.,-31.));
#9320=CARTESIAN_POINT('Origin',(10.,36.,-0.999999999999989));
#9321=CARTESIAN_POINT('',(0.,36.,8.41432187084329E-15));
#9322=CARTESIAN_POINT('Origin',(0.,28.,-36.));
#9323=CARTESIAN_POINT('Origin',(-121.,28.,-36.));
#9324=CARTESIAN_POINT('',(-121.,28.,-36.));
#9325=CARTESIAN_POINT('Origin',(-121.,28.,-1.99999999999999));
#9326=CARTESIAN_POINT('Origin',(-101.,14.,-19.));
#9327=CARTESIAN_POINT('Origin',(-101.,0.,0.));
#9328=CARTESIAN_POINT('',(0.,0.,0.));
#9329=CARTESIAN_POINT('Origin',(0.,0.125,0.));
#9330=CARTESIAN_POINT('',(-6.35,0.25,-7.77650717458569E-16));
#9331=CARTESIAN_POINT('',(6.35,0.25,-7.77650717458569E-16));
#9332=CARTESIAN_POINT('Origin',(0.,0.25,0.));
#9333=CARTESIAN_POINT('Origin',(0.,0.25,0.));
#9334=CARTESIAN_POINT('',(-6.1,0.,7.47034547479885E-16));
#9335=CARTESIAN_POINT('',(-6.225,0.125,7.62342632469228E-16));
#9336=CARTESIAN_POINT('Origin',(0.,0.,0.));
#9337=CARTESIAN_POINT('Origin',(0.,0.,0.));
#9338=CARTESIAN_POINT('',(-6.35,1.75,7.77650717458569E-16));
#9339=CARTESIAN_POINT('',(6.35,1.75,-7.77650717458569E-16));
#9340=CARTESIAN_POINT('Origin',(0.,1.75,0.));
#9341=CARTESIAN_POINT('Origin',(0.,1.75,0.));
#9342=CARTESIAN_POINT('',(6.35,0.,-7.77650717458569E-16));
#9343=CARTESIAN_POINT('Origin',(0.,0.,0.));
#9344=CARTESIAN_POINT('Origin',(0.,1.875,0.));
#9345=CARTESIAN_POINT('',(-6.1,2.,-7.47034547479885E-16));
#9346=CARTESIAN_POINT('Origin',(0.,2.,0.));
#9347=CARTESIAN_POINT('',(-6.225,1.875,7.62342632469228E-16));
#9348=CARTESIAN_POINT('Origin',(0.,2.,0.));
#9349=CARTESIAN_POINT('',(0.,0.,0.));
#9350=CARTESIAN_POINT('Origin',(1.5,-1.5,1.5));
#9351=CARTESIAN_POINT('',(1.375,-1.5,-1.375));
#9352=CARTESIAN_POINT('',(1.375,-1.5,1.41161165235168));
#9353=CARTESIAN_POINT('',(1.375,-1.5,1.5));
#9354=CARTESIAN_POINT('',(-1.375,-1.5,1.41161165235168));
#9355=CARTESIAN_POINT('',(1.5,-1.5,1.41161165235168));
#9356=CARTESIAN_POINT('',(-1.375,-1.5,-1.375));
#9357=CARTESIAN_POINT('',(-1.375,-1.5,1.5));
#9358=CARTESIAN_POINT('',(1.5,-1.5,-1.375));
#9359=CARTESIAN_POINT('Origin',(1.5,-1.5,-1.5));
#9360=CARTESIAN_POINT('',(-1.375,-1.375,-1.5));
#9361=CARTESIAN_POINT('',(-1.375,1.375,-1.5));
#9362=CARTESIAN_POINT('',(-1.375,-1.5,-1.5));
#9363=CARTESIAN_POINT('',(1.375,1.375,-1.5));
#9364=CARTESIAN_POINT('',(1.5,1.375,-1.5));
#9365=CARTESIAN_POINT('',(1.375,-1.375,-1.5));
#9366=CARTESIAN_POINT('',(1.375,-1.5,-1.5));
#9367=CARTESIAN_POINT('',(1.5,-1.375,-1.5));
#9368=CARTESIAN_POINT('Origin',(1.5,-1.5,1.5));
#9369=CARTESIAN_POINT('',(1.375,1.4375,-1.4375));
#9370=CARTESIAN_POINT('',(-1.375,1.4375,-1.4375));
#9371=CARTESIAN_POINT('',(1.5,1.4375,-1.4375));
#9372=CARTESIAN_POINT('',(-1.375,-1.41161165235168,1.41161165235168));
#9373=CARTESIAN_POINT('',(-1.375,-1.5,1.5));
#9374=CARTESIAN_POINT('',(1.375,-1.41161165235168,1.41161165235168));
#9375=CARTESIAN_POINT('',(1.5,-1.41161165235168,1.41161165235168));
#9376=CARTESIAN_POINT('',(1.375,1.5,-1.5));
#9377=CARTESIAN_POINT('Origin',(1.5,0.,0.));
#9378=CARTESIAN_POINT('',(1.5,-1.375,-1.375));
#9379=CARTESIAN_POINT('',(1.5,1.19822330470336,-1.375));
#9380=CARTESIAN_POINT('',(1.5,1.5,-1.375));
#9381=CARTESIAN_POINT('',(1.5,-1.375,1.19822330470336));
#9382=CARTESIAN_POINT('',(1.5,-1.58838834764832,1.41161165235168));
#9383=CARTESIAN_POINT('',(1.5,-1.375,-1.5));
#9384=CARTESIAN_POINT('Origin',(-1.5,0.,0.));
#9385=CARTESIAN_POINT('',(-1.5,-1.375,-1.375));
#9386=CARTESIAN_POINT('',(-1.5,-1.375,1.19822330470336));
#9387=CARTESIAN_POINT('',(-1.5,-1.375,0.));
#9388=CARTESIAN_POINT('',(-1.5,1.19822330470336,-1.375));
#9389=CARTESIAN_POINT('',(-1.5,-0.0883883476483182,-0.0883883476483182));
#9390=CARTESIAN_POINT('',(-1.5,0.,-1.375));
#9391=CARTESIAN_POINT('Origin',(1.5,-1.375,0.));
#9392=CARTESIAN_POINT('',(1.39298626505065,-1.48201373494935,1.38090717731551));
#9393=CARTESIAN_POINT('',(1.5,-1.375,-1.375));
#9394=CARTESIAN_POINT('Origin',(1.5,-1.5,1.41161165235168));
#9395=CARTESIAN_POINT('',(-1.375,-1.5,1.41161165235168));
#9396=CARTESIAN_POINT('',(1.375,-1.41161165235168,1.41161165235168));
#9397=CARTESIAN_POINT('Origin',(-1.375,-1.5,1.5));
#9398=CARTESIAN_POINT('',(-1.5,-1.375,-1.375));
#9399=CARTESIAN_POINT('',(-1.375,-1.5,1.41161165235168));
#9400=CARTESIAN_POINT('Origin',(1.5,-1.375,-1.5));
#9401=CARTESIAN_POINT('',(1.375,-1.4375,-1.4375));
#9402=CARTESIAN_POINT('',(-1.375,-1.4375,-1.4375));
#9403=CARTESIAN_POINT('Origin',(1.5,-1.375,-1.375));
#9404=CARTESIAN_POINT('',(1.5,-1.375,-1.375));
#9405=CARTESIAN_POINT('Origin',(1.375,-1.41161165235168,1.41161165235168));
#9406=CARTESIAN_POINT('',(1.375,-1.41161165235168,1.41161165235168));
#9407=CARTESIAN_POINT('Origin',(-1.375,-1.5,1.41161165235168));
#9408=CARTESIAN_POINT('',(-1.36852791308792,-1.4135072827198,1.42266019580772));
#9409=CARTESIAN_POINT('Origin',(-1.5,-1.375,-1.375));
#9410=CARTESIAN_POINT('',(-1.5,-1.375,-1.375));
#9411=CARTESIAN_POINT('Origin',(1.5,0.,-1.375));
#9412=CARTESIAN_POINT('',(1.375,1.375,-1.5));
#9413=CARTESIAN_POINT('Origin',(1.5,-0.0883883476483179,-0.0883883476483179));
#9414=CARTESIAN_POINT('',(1.39298626505065,1.40307044750362,-1.42850686747468));
#9415=CARTESIAN_POINT('Origin',(-1.375,-1.5,1.5));
#9416=CARTESIAN_POINT('',(-1.375,1.4375,-1.4375));
#9417=CARTESIAN_POINT('Origin',(-1.375,-1.5,-1.5));
#9418=CARTESIAN_POINT('',(-1.36852791308792,1.38415291308792,-1.50647208691208));
#9419=CARTESIAN_POINT('Origin',(1.375,1.375,-1.5));
#9420=CARTESIAN_POINT('',(1.375,1.375,-1.5));
#9421=CARTESIAN_POINT('Origin',(-1.375,1.4375,-1.4375));
#9422=CARTESIAN_POINT('',(-1.375,1.4375,-1.4375));
#9423=CARTESIAN_POINT('Origin',(1.5,1.4375,-1.4375));
#9424=CARTESIAN_POINT('',(0.,0.,0.));
#9425=CARTESIAN_POINT('Origin',(203.66857028,133.8696,5.664));
#9426=CARTESIAN_POINT('',(203.66857028,133.8696,5.664));
#9427=CARTESIAN_POINT('',(203.66857028,138.3396,5.664));
#9428=CARTESIAN_POINT('',(203.66857028,132.9678,5.664));
#9429=CARTESIAN_POINT('',(193.66857028,133.8696,5.664));
#9430=CARTESIAN_POINT('',(203.66857028,133.8696,5.664));
#9431=CARTESIAN_POINT('',(193.66857028,138.3396,5.664));
#9432=CARTESIAN_POINT('',(193.66857028,138.3396,5.664));
#9433=CARTESIAN_POINT('',(203.66857028,138.3396,5.664));
#9434=CARTESIAN_POINT('Origin',(203.66857028,133.8696,1.194));
#9435=CARTESIAN_POINT('',(203.66857028,133.8696,1.194));
#9436=CARTESIAN_POINT('',(203.66857028,133.8696,0.597));
#9437=CARTESIAN_POINT('',(193.66857028,133.8696,1.194));
#9438=CARTESIAN_POINT('',(203.66857028,133.8696,1.194));
#9439=CARTESIAN_POINT('',(193.66857028,133.8696,5.664));
#9440=CARTESIAN_POINT('Origin',(203.66857028,138.3396,1.194));
#9441=CARTESIAN_POINT('',(203.66857028,138.3396,1.194));
#9442=CARTESIAN_POINT('',(203.66857028,135.2028,1.194));
#9443=CARTESIAN_POINT('',(193.66857028,138.3396,1.194));
#9444=CARTESIAN_POINT('',(203.66857028,138.3396,1.194));
#9445=CARTESIAN_POINT('',(193.66857028,133.8696,1.194));
#9446=CARTESIAN_POINT('Origin',(203.66857028,138.3396,5.664));
#9447=CARTESIAN_POINT('',(203.66857028,138.3396,2.832));
#9448=CARTESIAN_POINT('',(193.66857028,138.3396,1.194));
#9449=CARTESIAN_POINT('Origin',(193.66857028,136.1046,3.429));
#9450=CARTESIAN_POINT('',(193.66857028,136.1046,2.804));
#9451=CARTESIAN_POINT('Origin',(193.66857028,136.1046,3.429));
#9452=CARTESIAN_POINT('Origin',(174.458,138.3396,5.664));
#9453=CARTESIAN_POINT('',(174.458,138.3396,5.664));
#9454=CARTESIAN_POINT('',(174.458,133.8696,5.664));
#9455=CARTESIAN_POINT('',(174.458,139.22937432,5.664));
#9456=CARTESIAN_POINT('',(184.458,138.3396,5.664));
#9457=CARTESIAN_POINT('',(174.458,138.3396,5.664));
#9458=CARTESIAN_POINT('',(184.458,133.8696,5.664));
#9459=CARTESIAN_POINT('',(184.458,133.8696,5.664));
#9460=CARTESIAN_POINT('',(174.458,133.8696,5.664));
#9461=CARTESIAN_POINT('Origin',(174.458,138.3396,1.194));
#9462=CARTESIAN_POINT('',(174.458,138.3396,1.194));
#9463=CARTESIAN_POINT('',(174.458,138.3396,0.597));
#9464=CARTESIAN_POINT('',(184.458,138.3396,1.194));
#9465=CARTESIAN_POINT('',(174.458,138.3396,1.194));
#9466=CARTESIAN_POINT('',(184.458,138.3396,5.664));
#9467=CARTESIAN_POINT('Origin',(174.458,133.8696,1.194));
#9468=CARTESIAN_POINT('',(174.458,133.8696,1.194));
#9469=CARTESIAN_POINT('',(174.458,136.99437432,1.194));
#9470=CARTESIAN_POINT('',(184.458,133.8696,1.194));
#9471=CARTESIAN_POINT('',(174.458,133.8696,1.194));
#9472=CARTESIAN_POINT('',(184.458,138.3396,1.194));
#9473=CARTESIAN_POINT('Origin',(174.458,133.8696,5.664));
#9474=CARTESIAN_POINT('',(174.458,133.8696,2.832));
#9475=CARTESIAN_POINT('',(184.458,133.8696,1.194));
#9476=CARTESIAN_POINT('Origin',(184.458,136.1046,3.429));
#9477=CARTESIAN_POINT('',(184.458,136.1046,2.804));
#9478=CARTESIAN_POINT('Origin',(184.458,136.1046,3.429));
#9479=CARTESIAN_POINT('Origin',(174.458,136.1046,3.429));
#9480=CARTESIAN_POINT('',(174.458,136.1046,2.804));
#9481=CARTESIAN_POINT('Origin',(190.9206734,144.393909,0.));
#9482=CARTESIAN_POINT('',(190.9206734,144.393909,0.));
#9483=CARTESIAN_POINT('',(187.20589688,144.393909,0.));
#9484=CARTESIAN_POINT('',(190.9206734,144.393909,0.));
#9485=CARTESIAN_POINT('',(187.20589688,144.393909,6.858));
#9486=CARTESIAN_POINT('',(187.20589688,144.393909,0.));
#9487=CARTESIAN_POINT('',(190.9206734,144.393909,6.858));
#9488=CARTESIAN_POINT('',(190.9206734,144.393909,6.858));
#9489=CARTESIAN_POINT('',(190.9206734,144.393909,0.));
#9490=CARTESIAN_POINT('Origin',(190.9206734,143.617545,0.));
#9491=CARTESIAN_POINT('',(190.9206734,143.617545,0.));
#9492=CARTESIAN_POINT('',(190.9206734,142.91731476,0.));
#9493=CARTESIAN_POINT('',(190.9206734,143.617545,6.858));
#9494=CARTESIAN_POINT('',(190.9206734,142.91731476,6.858));
#9495=CARTESIAN_POINT('',(190.9206734,143.617545,0.));
#9496=CARTESIAN_POINT('Origin',(201.76046792,143.617545,0.));
#9497=CARTESIAN_POINT('',(201.76046792,143.617545,0.));
#9498=CARTESIAN_POINT('',(201.76046792,143.617545,0.));
#9499=CARTESIAN_POINT('',(201.76046792,143.617545,6.858));
#9500=CARTESIAN_POINT('',(201.76046792,143.617545,6.858));
#9501=CARTESIAN_POINT('',(201.76046792,143.617545,0.));
#9502=CARTESIAN_POINT('Origin',(201.76046792,142.37686524,0.));
#9503=CARTESIAN_POINT('',(201.76046792,142.37686524,0.));
#9504=CARTESIAN_POINT('',(201.76046792,142.37686524,0.));
#9505=CARTESIAN_POINT('',(201.76046792,142.37686524,6.858));
#9506=CARTESIAN_POINT('',(201.76046792,142.37686524,6.858));
#9507=CARTESIAN_POINT('',(201.76046792,142.37686524,0.));
#9508=CARTESIAN_POINT('Ctrl Pts',(203.66857028,140.11914864,0.));
#9509=CARTESIAN_POINT('Ctrl Pts',(203.66857028,140.11914864,6.858));
#9510=CARTESIAN_POINT('Ctrl Pts',(202.56713516,140.30522556,0.));
#9511=CARTESIAN_POINT('Ctrl Pts',(202.56713516,140.30522556,6.858));
#9512=CARTESIAN_POINT('Ctrl Pts',(201.76046792,141.25940196,0.));
#9513=CARTESIAN_POINT('Ctrl Pts',(201.76046792,141.25940196,6.858));
#9514=CARTESIAN_POINT('Ctrl Pts',(201.76046792,142.37686524,0.));
#9515=CARTESIAN_POINT('Ctrl Pts',(201.76046792,142.37686524,6.858));
#9516=CARTESIAN_POINT('',(203.66857028,140.11914864,0.));
#9517=CARTESIAN_POINT('Ctrl Pts',(203.66857028,140.11914864,0.));
#9518=CARTESIAN_POINT('Ctrl Pts',(202.56713516,140.30522556,0.));
#9519=CARTESIAN_POINT('Ctrl Pts',(201.76046792,141.25940196,0.));
#9520=CARTESIAN_POINT('Ctrl Pts',(201.76046792,142.37686524,0.));
#9521=CARTESIAN_POINT('',(203.66857028,140.11914864,6.858));
#9522=CARTESIAN_POINT('Ctrl Pts',(203.66857028,140.11914864,6.858));
#9523=CARTESIAN_POINT('Ctrl Pts',(202.56713516,140.30522556,6.858));
#9524=CARTESIAN_POINT('Ctrl Pts',(201.76046792,141.25940196,6.858));
#9525=CARTESIAN_POINT('Ctrl Pts',(201.76046792,142.37686524,6.858));
#9526=CARTESIAN_POINT('',(203.66857028,140.11914864,0.));
#9527=CARTESIAN_POINT('Origin',(203.66857028,132.066,0.));
#9528=CARTESIAN_POINT('',(203.66857028,132.066,0.));
#9529=CARTESIAN_POINT('',(203.66857028,132.066,0.));
#9530=CARTESIAN_POINT('',(203.66857028,132.066,6.858));
#9531=CARTESIAN_POINT('',(203.66857028,132.066,6.858));
#9532=CARTESIAN_POINT('',(203.66857028,132.066,0.));
#9533=CARTESIAN_POINT('Origin',(190.9206734,132.066,0.));
#9534=CARTESIAN_POINT('',(190.9206734,132.066,0.));
#9535=CARTESIAN_POINT('',(190.9206734,132.066,0.));
#9536=CARTESIAN_POINT('',(190.9206734,132.066,6.858));
#9537=CARTESIAN_POINT('',(190.9206734,132.066,6.858));
#9538=CARTESIAN_POINT('',(190.9206734,132.066,0.));
#9539=CARTESIAN_POINT('Origin',(190.9206734,131.289636,0.));
#9540=CARTESIAN_POINT('',(190.9206734,131.289636,0.));
#9541=CARTESIAN_POINT('',(190.9206734,130.2365358,0.));
#9542=CARTESIAN_POINT('',(190.9206734,131.289636,6.858));
#9543=CARTESIAN_POINT('',(190.9206734,130.2365358,6.858));
#9544=CARTESIAN_POINT('',(190.9206734,131.289636,0.));
#9545=CARTESIAN_POINT('Origin',(187.20589688,131.289636,0.));
#9546=CARTESIAN_POINT('',(187.20589688,131.289636,0.));
#9547=CARTESIAN_POINT('',(187.20589688,131.289636,0.));
#9548=CARTESIAN_POINT('',(187.20589688,131.289636,6.858));
#9549=CARTESIAN_POINT('',(187.20589688,131.289636,6.858));
#9550=CARTESIAN_POINT('',(187.20589688,131.289636,0.));
#9551=CARTESIAN_POINT('Origin',(187.20589688,132.066,0.));
#9552=CARTESIAN_POINT('',(187.20589688,132.066,0.));
#9553=CARTESIAN_POINT('',(187.20589688,133.4271414,0.));
#9554=CARTESIAN_POINT('',(187.20589688,132.066,6.858));
#9555=CARTESIAN_POINT('',(187.20589688,133.4271414,6.858));
#9556=CARTESIAN_POINT('',(187.20589688,132.066,0.));
#9557=CARTESIAN_POINT('Origin',(174.458,132.066,0.));
#9558=CARTESIAN_POINT('',(174.458,132.066,0.));
#9559=CARTESIAN_POINT('',(174.458,132.066,0.));
#9560=CARTESIAN_POINT('',(174.458,132.066,6.858));
#9561=CARTESIAN_POINT('',(174.458,132.066,6.858));
#9562=CARTESIAN_POINT('',(174.458,132.066,0.));
#9563=CARTESIAN_POINT('Origin',(174.458,140.11914864,0.));
#9564=CARTESIAN_POINT('',(174.458,140.11914864,0.));
#9565=CARTESIAN_POINT('',(174.458,140.11914864,0.));
#9566=CARTESIAN_POINT('',(174.458,140.11914864,6.858));
#9567=CARTESIAN_POINT('',(174.458,140.11914864,6.858));
#9568=CARTESIAN_POINT('',(174.458,140.11914864,0.));
#9569=CARTESIAN_POINT('Ctrl Pts',(176.36660324,142.37686524,0.));
#9570=CARTESIAN_POINT('Ctrl Pts',(176.36660324,142.37686524,6.858));
#9571=CARTESIAN_POINT('Ctrl Pts',(176.36660324,141.25940196,0.));
#9572=CARTESIAN_POINT('Ctrl Pts',(176.36660324,141.25940196,6.858));
#9573=CARTESIAN_POINT('Ctrl Pts',(175.559936,140.30522556,0.));
#9574=CARTESIAN_POINT('Ctrl Pts',(175.559936,140.30522556,6.858));
#9575=CARTESIAN_POINT('Ctrl Pts',(174.458,140.11914864,0.));
#9576=CARTESIAN_POINT('Ctrl Pts',(174.458,140.11914864,6.858));
#9577=CARTESIAN_POINT('',(176.36660324,142.37686524,0.));
#9578=CARTESIAN_POINT('Ctrl Pts',(176.36660324,142.37686524,0.));
#9579=CARTESIAN_POINT('Ctrl Pts',(176.36660324,141.25940196,0.));
#9580=CARTESIAN_POINT('Ctrl Pts',(175.559936,140.30522556,0.));
#9581=CARTESIAN_POINT('Ctrl Pts',(174.458,140.11914864,0.));
#9582=CARTESIAN_POINT('',(176.36660324,142.37686524,6.858));
#9583=CARTESIAN_POINT('Ctrl Pts',(176.36660324,142.37686524,6.858));
#9584=CARTESIAN_POINT('Ctrl Pts',(176.36660324,141.25940196,6.858));
#9585=CARTESIAN_POINT('Ctrl Pts',(175.559936,140.30522556,6.858));
#9586=CARTESIAN_POINT('Ctrl Pts',(174.458,140.11914864,6.858));
#9587=CARTESIAN_POINT('',(176.36660324,142.37686524,0.));
#9588=CARTESIAN_POINT('Origin',(176.36660324,143.617545,0.));
#9589=CARTESIAN_POINT('',(176.36660324,143.617545,0.));
#9590=CARTESIAN_POINT('',(176.36660324,143.617545,0.));
#9591=CARTESIAN_POINT('',(176.36660324,143.617545,6.858));
#9592=CARTESIAN_POINT('',(176.36660324,143.617545,6.858));
#9593=CARTESIAN_POINT('',(176.36660324,143.617545,0.));
#9594=CARTESIAN_POINT('Origin',(187.20589688,143.617545,0.));
#9595=CARTESIAN_POINT('',(187.20589688,143.617545,0.));
#9596=CARTESIAN_POINT('',(187.20589688,143.617545,0.));
#9597=CARTESIAN_POINT('',(187.20589688,143.617545,6.858));
#9598=CARTESIAN_POINT('',(187.20589688,143.617545,6.858));
#9599=CARTESIAN_POINT('',(187.20589688,143.617545,0.));
#9600=CARTESIAN_POINT('Origin',(187.20589688,144.393909,0.));
#9601=CARTESIAN_POINT('',(187.20589688,144.393909,0.));
#9602=CARTESIAN_POINT('',(187.20589688,144.393909,6.858));
#9603=CARTESIAN_POINT('Origin',(189.06328514,137.8417725,6.858));
#9604=CARTESIAN_POINT('Origin',(189.06328514,137.8417725,0.));
#9605=CARTESIAN_POINT('',(0.,0.,0.));
#9606=CARTESIAN_POINT('',(77.8549006379252,-27.3015465639386,32.4961186229077));
#9607=CARTESIAN_POINT('',(58.1549006379255,-57.3015465639387,34.7961186229077));
#9608=CARTESIAN_POINT('',(7.65490063792535,-21.8015465639386,15.7961186229077));
#9609=CARTESIAN_POINT('',(7.66784463792531,-23.2015465639387,15.7961186229078));
#9610=CARTESIAN_POINT('',(-222.058457246212,-39.8707032600167,-122.045656377092));
#9611=CARTESIAN_POINT('',(-138.290155362075,-26.6015465639387,151.900718622908));
#9612=UNCERTAINTY_MEASURE_WITH_UNIT(LENGTH_MEASURE(0.01),#9626,
'DISTANCE_ACCURACY_VALUE',
'Maximum model space distance between geometric entities at asserted c
onnectivities');
#9613=UNCERTAINTY_MEASURE_WITH_UNIT(LENGTH_MEASURE(0.01),#9626,
'DISTANCE_ACCURACY_VALUE',
'Maximum model space distance between geometric entities at asserted c
onnectivities');
#9614=UNCERTAINTY_MEASURE_WITH_UNIT(LENGTH_MEASURE(0.01),#9626,
'DISTANCE_ACCURACY_VALUE',
'Maximum model space distance between geometric entities at asserted c
onnectivities');
#9615=UNCERTAINTY_MEASURE_WITH_UNIT(LENGTH_MEASURE(0.01),#9626,
'DISTANCE_ACCURACY_VALUE',
'Maximum model space distance between geometric entities at asserted c
onnectivities');
#9616=UNCERTAINTY_MEASURE_WITH_UNIT(LENGTH_MEASURE(0.01),#9626,
'DISTANCE_ACCURACY_VALUE',
'Maximum model space distance between geometric entities at asserted c
onnectivities');
#9617=UNCERTAINTY_MEASURE_WITH_UNIT(LENGTH_MEASURE(0.01),#9626,
'DISTANCE_ACCURACY_VALUE',
'Maximum model space distance between geometric entities at asserted c
onnectivities');
#9618=UNCERTAINTY_MEASURE_WITH_UNIT(LENGTH_MEASURE(0.01),#9626,
'DISTANCE_ACCURACY_VALUE',
'Maximum model space distance between geometric entities at asserted c
onnectivities');
#9619=(
GEOMETRIC_REPRESENTATION_CONTEXT(3)
GLOBAL_UNCERTAINTY_ASSIGNED_CONTEXT((#9612))
GLOBAL_UNIT_ASSIGNED_CONTEXT((#9626,#9628,#9629))
REPRESENTATION_CONTEXT('','3D')
);
#9620=(
GEOMETRIC_REPRESENTATION_CONTEXT(3)
GLOBAL_UNCERTAINTY_ASSIGNED_CONTEXT((#9613))
GLOBAL_UNIT_ASSIGNED_CONTEXT((#9626,#9628,#9629))
REPRESENTATION_CONTEXT('','3D')
);
#9621=(
GEOMETRIC_REPRESENTATION_CONTEXT(3)
GLOBAL_UNCERTAINTY_ASSIGNED_CONTEXT((#9614))
GLOBAL_UNIT_ASSIGNED_CONTEXT((#9626,#9628,#9629))
REPRESENTATION_CONTEXT('','3D')
);
#9622=(
GEOMETRIC_REPRESENTATION_CONTEXT(3)
GLOBAL_UNCERTAINTY_ASSIGNED_CONTEXT((#9615))
GLOBAL_UNIT_ASSIGNED_CONTEXT((#9626,#9628,#9629))
REPRESENTATION_CONTEXT('','3D')
);
#9623=(
GEOMETRIC_REPRESENTATION_CONTEXT(3)
GLOBAL_UNCERTAINTY_ASSIGNED_CONTEXT((#9616))
GLOBAL_UNIT_ASSIGNED_CONTEXT((#9626,#9628,#9629))
REPRESENTATION_CONTEXT('','3D')
);
#9624=(
GEOMETRIC_REPRESENTATION_CONTEXT(3)
GLOBAL_UNCERTAINTY_ASSIGNED_CONTEXT((#9617))
GLOBAL_UNIT_ASSIGNED_CONTEXT((#9626,#9628,#9629))
REPRESENTATION_CONTEXT('','3D')
);
#9625=(
GEOMETRIC_REPRESENTATION_CONTEXT(3)
GLOBAL_UNCERTAINTY_ASSIGNED_CONTEXT((#9618))
GLOBAL_UNIT_ASSIGNED_CONTEXT((#9626,#9628,#9629))
REPRESENTATION_CONTEXT('','3D')
);
#9626=(
LENGTH_UNIT()
NAMED_UNIT(*)
SI_UNIT(.MILLI.,.METRE.)
);
#9627=(
LENGTH_UNIT()
NAMED_UNIT(*)
SI_UNIT(.CENTI.,.METRE.)
);
#9628=(
NAMED_UNIT(*)
PLANE_ANGLE_UNIT()
SI_UNIT($,.RADIAN.)
);
#9629=(
NAMED_UNIT(*)
SI_UNIT($,.STERADIAN.)
SOLID_ANGLE_UNIT()
);
#9630=SHAPE_DEFINITION_REPRESENTATION(#9636,#9648);
#9631=SHAPE_DEFINITION_REPRESENTATION(#9637,#9649);
#9632=SHAPE_DEFINITION_REPRESENTATION(#9638,#9650);
#9633=SHAPE_DEFINITION_REPRESENTATION(#9639,#9651);
#9634=SHAPE_DEFINITION_REPRESENTATION(#9640,#9652);
#9635=SHAPE_DEFINITION_REPRESENTATION(#9641,#9653);
#9636=PRODUCT_DEFINITION_SHAPE('',$,#9655);
#9637=PRODUCT_DEFINITION_SHAPE('',$,#9656);
#9638=PRODUCT_DEFINITION_SHAPE('',$,#9657);
#9639=PRODUCT_DEFINITION_SHAPE('',$,#9658);
#9640=PRODUCT_DEFINITION_SHAPE('',$,#9659);
#9641=PRODUCT_DEFINITION_SHAPE('',$,#9660);
#9642=PRODUCT_DEFINITION_SHAPE($,$,#29);
#9643=PRODUCT_DEFINITION_SHAPE($,$,#30);
#9644=PRODUCT_DEFINITION_SHAPE($,$,#31);
#9645=PRODUCT_DEFINITION_SHAPE($,$,#32);
#9646=PRODUCT_DEFINITION_SHAPE($,$,#33);
#9647=PRODUCT_DEFINITION_SHAPE($,$,#34);
#9648=SHAPE_REPRESENTATION('',(#5944,#6385,#6386,#6387,#6388,#6389,#6390),
#9619);
#9649=SHAPE_REPRESENTATION('',(#5945),#9620);
#9650=SHAPE_REPRESENTATION('',(#6192),#9621);
#9651=SHAPE_REPRESENTATION('',(#6322),#9622);
#9652=SHAPE_REPRESENTATION('',(#6334),#9623);
#9653=SHAPE_REPRESENTATION('',(#6355),#9624);
#9654=PRODUCT_DEFINITION_CONTEXT('part definition',#9674,'design');
#9655=PRODUCT_DEFINITION('Full Assembly V3','Full Assembly V3',#9661,#9654);
#9656=PRODUCT_DEFINITION('Optics Housing V3','Optics Housing V3',#9662,
#9654);
#9657=PRODUCT_DEFINITION('Base 38mm Wide.','Base 38mm Wide.',#9663,#9654);
#9658=PRODUCT_DEFINITION('Diffuser - DG05-1500','Diffuser - DG05-1500',
#9664,#9654);
#9659=PRODUCT_DEFINITION('MRA03-E02-RA Mirror','MRA03-E02-RA Mirror',#9665,
#9654);
#9660=PRODUCT_DEFINITION('lc_lc_coupler_molex_1061251100_sd_scaled_3d',
'lc_lc_coupler_molex_1061251100_sd_scaled_3d',#9666,#9654);
#9661=PRODUCT_DEFINITION_FORMATION('',$,#9676);
#9662=PRODUCT_DEFINITION_FORMATION('',$,#9677);
#9663=PRODUCT_DEFINITION_FORMATION('',$,#9678);
#9664=PRODUCT_DEFINITION_FORMATION('',$,#9679);
#9665=PRODUCT_DEFINITION_FORMATION('ANY',$,#9680);
#9666=PRODUCT_DEFINITION_FORMATION('',$,#9681);
#9667=PRODUCT_RELATED_PRODUCT_CATEGORY('Full Assembly V3',
'Full Assembly V3',(#9676));
#9668=PRODUCT_RELATED_PRODUCT_CATEGORY('Optics Housing V3',
'Optics Housing V3',(#9677));
#9669=PRODUCT_RELATED_PRODUCT_CATEGORY('Base 38mm Wide.',
'Base 38mm Wide.',(#9678));
#9670=PRODUCT_RELATED_PRODUCT_CATEGORY('Diffuser - DG05-1500',
'Diffuser - DG05-1500',(#9679));
#9671=PRODUCT_RELATED_PRODUCT_CATEGORY('MRA03-E02-RA Mirror',
'MRA03-E02-RA Mirror',(#9680));
#9672=PRODUCT_RELATED_PRODUCT_CATEGORY(
'lc_lc_coupler_molex_1061251100_sd_scaled_3d',
'lc_lc_coupler_molex_1061251100_sd_scaled_3d',(#9681));
#9673=APPLICATION_PROTOCOL_DEFINITION('international standard',
'automotive_design',2009,#9674);
#9674=APPLICATION_CONTEXT(
'Core Data for Automotive Mechanical Design Process');
#9675=PRODUCT_CONTEXT('part definition',#9674,'mechanical');
#9676=PRODUCT('Full Assembly V3','Full Assembly V3',$,(#9675));
#9677=PRODUCT('Optics Housing V3','Optics Housing V3',$,(#9675));
#9678=PRODUCT('Base 38mm Wide.','Base 38mm Wide.',$,(#9675));
#9679=PRODUCT('Diffuser - DG05-1500','Diffuser - DG05-1500',$,(#9675));
#9680=PRODUCT('MRA03-E02-RA Mirror','MRA03-E02-RA Mirror','STEP AP203',
(#9675));
#9681=PRODUCT('lc_lc_coupler_molex_1061251100_sd_scaled_3d',
'lc_lc_coupler_molex_1061251100_sd_scaled_3d',$,(#9675));
ENDSEC;
END-ISO-10303-21;
