ISO-10303-21;
HEADER;
/* Generated by software containing ST-Developer
 * from STEP Tools, Inc. (www.steptools.com) 
 */

FILE_DESCRIPTION(
/* description */ (''),
/* implementation_level */ '2;1');

FILE_NAME(
/* name */ 'Optics Housing V3.stp',
/* time_stamp */ '2025-06-26T23:07:59+01:00',
/* author */ ('kgcla'),
/* organization */ (''),
/* preprocessor_version */ 'ST-DEVELOPER v20',
/* originating_system */ 'Autodesk Inventor 2025',
/* authorisation */ '');

FILE_SCHEMA (('AUTOMOTIVE_DESIGN { 1 0 10303 214 3 1 1 }'));
ENDSEC;

DATA;
#10=MECHANICAL_DESIGN_GEOMETRIC_PRESENTATION_REPRESENTATION('',(#13),#5546);
#11=SHAPE_REPRESENTATION_RELATIONSHIP('SRR','None',#5553,#12);
#12=ADVANCED_BREP_SHAPE_REPRESENTATION('',(#14),#5545);
#13=STYLED_ITEM('',(#5562),#14);
#14=MANIFOLD_SOLID_BREP('Solid1',#3414);
#15=B_SPLINE_CURVE_WITH_KNOTS('',3,(#5109,#5110,#5111,#5112),
 .UNSPECIFIED.,.F.,.F.,(4,4),(-0.0507905326195524,0.),.UNSPECIFIED.);
#16=B_SPLINE_CURVE_WITH_KNOTS('',3,(#5395,#5396,#5397,#5398),
 .UNSPECIFIED.,.F.,.F.,(4,4),(-0.0507905326195383,0.),.UNSPECIFIED.);
#17=FACE_BOUND('',#327,.T.);
#18=FACE_BOUND('',#331,.T.);
#19=FACE_BOUND('',#334,.T.);
#20=FACE_BOUND('',#339,.T.);
#21=FACE_BOUND('',#342,.T.);
#22=FACE_BOUND('',#346,.T.);
#23=FACE_BOUND('',#349,.T.);
#24=FACE_BOUND('',#353,.T.);
#25=FACE_BOUND('',#357,.T.);
#26=FACE_BOUND('',#360,.T.);
#27=FACE_BOUND('',#361,.T.);
#28=FACE_BOUND('',#362,.T.);
#29=FACE_BOUND('',#385,.T.);
#30=FACE_BOUND('',#388,.T.);
#31=FACE_BOUND('',#492,.T.);
#32=FACE_BOUND('',#493,.T.);
#33=FACE_BOUND('',#494,.T.);
#34=FACE_BOUND('',#495,.T.);
#35=FACE_BOUND('',#502,.T.);
#36=FACE_BOUND('',#509,.T.);
#37=FACE_BOUND('',#529,.T.);
#38=CYLINDRICAL_SURFACE('',#3455,2.2);
#39=CYLINDRICAL_SURFACE('',#3462,2.2);
#40=CYLINDRICAL_SURFACE('',#3470,0.9);
#41=CYLINDRICAL_SURFACE('',#3475,0.9);
#42=CYLINDRICAL_SURFACE('',#3486,1.7);
#43=CYLINDRICAL_SURFACE('',#3496,2.2);
#44=CYLINDRICAL_SURFACE('',#3503,2.2);
#45=CYLINDRICAL_SURFACE('',#3512,6.45);
#46=CYLINDRICAL_SURFACE('',#3535,1.7);
#47=CYLINDRICAL_SURFACE('',#3635,2.193);
#48=CYLINDRICAL_SURFACE('',#3647,2.193);
#49=CYLINDRICAL_SURFACE('',#3660,5.45);
#50=CIRCLE('',#3452,2.5);
#51=CIRCLE('',#3453,2.2);
#52=CIRCLE('',#3454,2.2);
#53=CIRCLE('',#3456,2.2);
#54=CIRCLE('',#3459,2.5);
#55=CIRCLE('',#3460,2.2);
#56=CIRCLE('',#3461,2.2);
#57=CIRCLE('',#3463,2.2);
#58=CIRCLE('',#3466,1.2);
#59=CIRCLE('',#3467,0.9);
#60=CIRCLE('',#3468,0.9);
#61=CIRCLE('',#3471,0.9);
#62=CIRCLE('',#3473,0.9);
#63=CIRCLE('',#3474,1.2);
#64=CIRCLE('',#3476,0.9);
#65=CIRCLE('',#3477,0.9);
#66=CIRCLE('',#3480,1.2);
#67=CIRCLE('',#3483,1.99999999999999);
#68=CIRCLE('',#3484,1.7);
#69=CIRCLE('',#3485,1.7);
#70=CIRCLE('',#3487,1.7);
#71=CIRCLE('',#3490,1.99999999999999);
#72=CIRCLE('',#3493,2.49999999999999);
#73=CIRCLE('',#3494,2.2);
#74=CIRCLE('',#3495,2.2);
#75=CIRCLE('',#3497,2.2);
#76=CIRCLE('',#3500,2.49999999999999);
#77=CIRCLE('',#3501,2.2);
#78=CIRCLE('',#3502,2.2);
#79=CIRCLE('',#3504,2.2);
#80=CIRCLE('',#3507,6.75);
#81=CIRCLE('',#3508,6.45);
#82=CIRCLE('',#3509,6.45);
#83=CIRCLE('',#3511,1.893);
#84=CIRCLE('',#3513,6.45);
#85=CIRCLE('',#3533,2.);
#86=CIRCLE('',#3534,1.7);
#87=CIRCLE('',#3536,1.7);
#88=CIRCLE('',#3537,1.7);
#89=CIRCLE('',#3540,2.);
#90=CIRCLE('',#3557,2.193);
#91=CIRCLE('',#3628,2.193);
#92=CIRCLE('',#3629,1.89300000000001);
#93=CIRCLE('',#3636,2.193);
#94=CIRCLE('',#3648,2.193);
#95=CIRCLE('',#3661,5.45);
#96=CIRCLE('',#3662,5.45);
#97=CONICAL_SURFACE('',#3451,2.35,0.785398163397449);
#98=CONICAL_SURFACE('',#3458,2.35,0.785398163397449);
#99=CONICAL_SURFACE('',#3465,1.05,0.785398163397445);
#100=CONICAL_SURFACE('',#3472,1.05,0.785398163397421);
#101=CONICAL_SURFACE('',#3479,1.05,0.785398163397451);
#102=CONICAL_SURFACE('',#3482,1.85,0.785398163397441);
#103=CONICAL_SURFACE('',#3489,1.85,0.785398163397437);
#104=CONICAL_SURFACE('',#3492,2.35,0.785398163397438);
#105=CONICAL_SURFACE('',#3499,2.35,0.785398163397438);
#106=CONICAL_SURFACE('',#3506,6.6,0.785398163397452);
#107=CONICAL_SURFACE('',#3532,1.85,0.785398163397452);
#108=CONICAL_SURFACE('',#3539,1.85,0.785398163397452);
#109=CONICAL_SURFACE('',#3556,2.043,0.785398163397448);
#110=CONICAL_SURFACE('',#3627,2.043,0.785398163397426);
#111=FACE_OUTER_BOUND('',#310,.T.);
#112=FACE_OUTER_BOUND('',#311,.T.);
#113=FACE_OUTER_BOUND('',#312,.T.);
#114=FACE_OUTER_BOUND('',#313,.T.);
#115=FACE_OUTER_BOUND('',#314,.T.);
#116=FACE_OUTER_BOUND('',#315,.T.);
#117=FACE_OUTER_BOUND('',#316,.T.);
#118=FACE_OUTER_BOUND('',#317,.T.);
#119=FACE_OUTER_BOUND('',#318,.T.);
#120=FACE_OUTER_BOUND('',#319,.T.);
#121=FACE_OUTER_BOUND('',#320,.T.);
#122=FACE_OUTER_BOUND('',#321,.T.);
#123=FACE_OUTER_BOUND('',#322,.T.);
#124=FACE_OUTER_BOUND('',#323,.T.);
#125=FACE_OUTER_BOUND('',#324,.T.);
#126=FACE_OUTER_BOUND('',#325,.T.);
#127=FACE_OUTER_BOUND('',#326,.T.);
#128=FACE_OUTER_BOUND('',#328,.T.);
#129=FACE_OUTER_BOUND('',#329,.T.);
#130=FACE_OUTER_BOUND('',#330,.T.);
#131=FACE_OUTER_BOUND('',#332,.T.);
#132=FACE_OUTER_BOUND('',#333,.T.);
#133=FACE_OUTER_BOUND('',#335,.T.);
#134=FACE_OUTER_BOUND('',#336,.T.);
#135=FACE_OUTER_BOUND('',#337,.T.);
#136=FACE_OUTER_BOUND('',#338,.T.);
#137=FACE_OUTER_BOUND('',#340,.T.);
#138=FACE_OUTER_BOUND('',#341,.T.);
#139=FACE_OUTER_BOUND('',#343,.T.);
#140=FACE_OUTER_BOUND('',#344,.T.);
#141=FACE_OUTER_BOUND('',#345,.T.);
#142=FACE_OUTER_BOUND('',#347,.T.);
#143=FACE_OUTER_BOUND('',#348,.T.);
#144=FACE_OUTER_BOUND('',#350,.T.);
#145=FACE_OUTER_BOUND('',#351,.T.);
#146=FACE_OUTER_BOUND('',#352,.T.);
#147=FACE_OUTER_BOUND('',#354,.T.);
#148=FACE_OUTER_BOUND('',#355,.T.);
#149=FACE_OUTER_BOUND('',#356,.T.);
#150=FACE_OUTER_BOUND('',#358,.T.);
#151=FACE_OUTER_BOUND('',#359,.T.);
#152=FACE_OUTER_BOUND('',#363,.T.);
#153=FACE_OUTER_BOUND('',#364,.T.);
#154=FACE_OUTER_BOUND('',#365,.T.);
#155=FACE_OUTER_BOUND('',#366,.T.);
#156=FACE_OUTER_BOUND('',#367,.T.);
#157=FACE_OUTER_BOUND('',#368,.T.);
#158=FACE_OUTER_BOUND('',#369,.T.);
#159=FACE_OUTER_BOUND('',#370,.T.);
#160=FACE_OUTER_BOUND('',#371,.T.);
#161=FACE_OUTER_BOUND('',#372,.T.);
#162=FACE_OUTER_BOUND('',#373,.T.);
#163=FACE_OUTER_BOUND('',#374,.T.);
#164=FACE_OUTER_BOUND('',#375,.T.);
#165=FACE_OUTER_BOUND('',#376,.T.);
#166=FACE_OUTER_BOUND('',#377,.T.);
#167=FACE_OUTER_BOUND('',#378,.T.);
#168=FACE_OUTER_BOUND('',#379,.T.);
#169=FACE_OUTER_BOUND('',#380,.T.);
#170=FACE_OUTER_BOUND('',#381,.T.);
#171=FACE_OUTER_BOUND('',#382,.T.);
#172=FACE_OUTER_BOUND('',#383,.T.);
#173=FACE_OUTER_BOUND('',#384,.T.);
#174=FACE_OUTER_BOUND('',#386,.T.);
#175=FACE_OUTER_BOUND('',#387,.T.);
#176=FACE_OUTER_BOUND('',#389,.T.);
#177=FACE_OUTER_BOUND('',#390,.T.);
#178=FACE_OUTER_BOUND('',#391,.T.);
#179=FACE_OUTER_BOUND('',#392,.T.);
#180=FACE_OUTER_BOUND('',#393,.T.);
#181=FACE_OUTER_BOUND('',#394,.T.);
#182=FACE_OUTER_BOUND('',#395,.T.);
#183=FACE_OUTER_BOUND('',#396,.T.);
#184=FACE_OUTER_BOUND('',#397,.T.);
#185=FACE_OUTER_BOUND('',#398,.T.);
#186=FACE_OUTER_BOUND('',#399,.T.);
#187=FACE_OUTER_BOUND('',#400,.T.);
#188=FACE_OUTER_BOUND('',#401,.T.);
#189=FACE_OUTER_BOUND('',#402,.T.);
#190=FACE_OUTER_BOUND('',#403,.T.);
#191=FACE_OUTER_BOUND('',#404,.T.);
#192=FACE_OUTER_BOUND('',#405,.T.);
#193=FACE_OUTER_BOUND('',#406,.T.);
#194=FACE_OUTER_BOUND('',#407,.T.);
#195=FACE_OUTER_BOUND('',#408,.T.);
#196=FACE_OUTER_BOUND('',#409,.T.);
#197=FACE_OUTER_BOUND('',#410,.T.);
#198=FACE_OUTER_BOUND('',#411,.T.);
#199=FACE_OUTER_BOUND('',#412,.T.);
#200=FACE_OUTER_BOUND('',#413,.T.);
#201=FACE_OUTER_BOUND('',#414,.T.);
#202=FACE_OUTER_BOUND('',#415,.T.);
#203=FACE_OUTER_BOUND('',#416,.T.);
#204=FACE_OUTER_BOUND('',#417,.T.);
#205=FACE_OUTER_BOUND('',#418,.T.);
#206=FACE_OUTER_BOUND('',#419,.T.);
#207=FACE_OUTER_BOUND('',#420,.T.);
#208=FACE_OUTER_BOUND('',#421,.T.);
#209=FACE_OUTER_BOUND('',#422,.T.);
#210=FACE_OUTER_BOUND('',#423,.T.);
#211=FACE_OUTER_BOUND('',#424,.T.);
#212=FACE_OUTER_BOUND('',#425,.T.);
#213=FACE_OUTER_BOUND('',#426,.T.);
#214=FACE_OUTER_BOUND('',#427,.T.);
#215=FACE_OUTER_BOUND('',#428,.T.);
#216=FACE_OUTER_BOUND('',#429,.T.);
#217=FACE_OUTER_BOUND('',#430,.T.);
#218=FACE_OUTER_BOUND('',#431,.T.);
#219=FACE_OUTER_BOUND('',#432,.T.);
#220=FACE_OUTER_BOUND('',#433,.T.);
#221=FACE_OUTER_BOUND('',#434,.T.);
#222=FACE_OUTER_BOUND('',#435,.T.);
#223=FACE_OUTER_BOUND('',#436,.T.);
#224=FACE_OUTER_BOUND('',#437,.T.);
#225=FACE_OUTER_BOUND('',#438,.T.);
#226=FACE_OUTER_BOUND('',#439,.T.);
#227=FACE_OUTER_BOUND('',#440,.T.);
#228=FACE_OUTER_BOUND('',#441,.T.);
#229=FACE_OUTER_BOUND('',#442,.T.);
#230=FACE_OUTER_BOUND('',#443,.T.);
#231=FACE_OUTER_BOUND('',#444,.T.);
#232=FACE_OUTER_BOUND('',#445,.T.);
#233=FACE_OUTER_BOUND('',#446,.T.);
#234=FACE_OUTER_BOUND('',#447,.T.);
#235=FACE_OUTER_BOUND('',#448,.T.);
#236=FACE_OUTER_BOUND('',#449,.T.);
#237=FACE_OUTER_BOUND('',#450,.T.);
#238=FACE_OUTER_BOUND('',#451,.T.);
#239=FACE_OUTER_BOUND('',#452,.T.);
#240=FACE_OUTER_BOUND('',#453,.T.);
#241=FACE_OUTER_BOUND('',#454,.T.);
#242=FACE_OUTER_BOUND('',#455,.T.);
#243=FACE_OUTER_BOUND('',#456,.T.);
#244=FACE_OUTER_BOUND('',#457,.T.);
#245=FACE_OUTER_BOUND('',#458,.T.);
#246=FACE_OUTER_BOUND('',#459,.T.);
#247=FACE_OUTER_BOUND('',#460,.T.);
#248=FACE_OUTER_BOUND('',#461,.T.);
#249=FACE_OUTER_BOUND('',#462,.T.);
#250=FACE_OUTER_BOUND('',#463,.T.);
#251=FACE_OUTER_BOUND('',#464,.T.);
#252=FACE_OUTER_BOUND('',#465,.T.);
#253=FACE_OUTER_BOUND('',#466,.T.);
#254=FACE_OUTER_BOUND('',#467,.T.);
#255=FACE_OUTER_BOUND('',#468,.T.);
#256=FACE_OUTER_BOUND('',#469,.T.);
#257=FACE_OUTER_BOUND('',#470,.T.);
#258=FACE_OUTER_BOUND('',#471,.T.);
#259=FACE_OUTER_BOUND('',#472,.T.);
#260=FACE_OUTER_BOUND('',#473,.T.);
#261=FACE_OUTER_BOUND('',#474,.T.);
#262=FACE_OUTER_BOUND('',#475,.T.);
#263=FACE_OUTER_BOUND('',#476,.T.);
#264=FACE_OUTER_BOUND('',#477,.T.);
#265=FACE_OUTER_BOUND('',#478,.T.);
#266=FACE_OUTER_BOUND('',#479,.T.);
#267=FACE_OUTER_BOUND('',#480,.T.);
#268=FACE_OUTER_BOUND('',#481,.T.);
#269=FACE_OUTER_BOUND('',#482,.T.);
#270=FACE_OUTER_BOUND('',#483,.T.);
#271=FACE_OUTER_BOUND('',#484,.T.);
#272=FACE_OUTER_BOUND('',#485,.T.);
#273=FACE_OUTER_BOUND('',#486,.T.);
#274=FACE_OUTER_BOUND('',#487,.T.);
#275=FACE_OUTER_BOUND('',#488,.T.);
#276=FACE_OUTER_BOUND('',#489,.T.);
#277=FACE_OUTER_BOUND('',#490,.T.);
#278=FACE_OUTER_BOUND('',#491,.T.);
#279=FACE_OUTER_BOUND('',#496,.T.);
#280=FACE_OUTER_BOUND('',#497,.T.);
#281=FACE_OUTER_BOUND('',#498,.T.);
#282=FACE_OUTER_BOUND('',#499,.T.);
#283=FACE_OUTER_BOUND('',#500,.T.);
#284=FACE_OUTER_BOUND('',#501,.T.);
#285=FACE_OUTER_BOUND('',#503,.T.);
#286=FACE_OUTER_BOUND('',#504,.T.);
#287=FACE_OUTER_BOUND('',#505,.T.);
#288=FACE_OUTER_BOUND('',#506,.T.);
#289=FACE_OUTER_BOUND('',#507,.T.);
#290=FACE_OUTER_BOUND('',#508,.T.);
#291=FACE_OUTER_BOUND('',#510,.T.);
#292=FACE_OUTER_BOUND('',#511,.T.);
#293=FACE_OUTER_BOUND('',#512,.T.);
#294=FACE_OUTER_BOUND('',#513,.T.);
#295=FACE_OUTER_BOUND('',#514,.T.);
#296=FACE_OUTER_BOUND('',#515,.T.);
#297=FACE_OUTER_BOUND('',#516,.T.);
#298=FACE_OUTER_BOUND('',#517,.T.);
#299=FACE_OUTER_BOUND('',#518,.T.);
#300=FACE_OUTER_BOUND('',#519,.T.);
#301=FACE_OUTER_BOUND('',#520,.T.);
#302=FACE_OUTER_BOUND('',#521,.T.);
#303=FACE_OUTER_BOUND('',#522,.T.);
#304=FACE_OUTER_BOUND('',#523,.T.);
#305=FACE_OUTER_BOUND('',#524,.T.);
#306=FACE_OUTER_BOUND('',#525,.T.);
#307=FACE_OUTER_BOUND('',#526,.T.);
#308=FACE_OUTER_BOUND('',#527,.T.);
#309=FACE_OUTER_BOUND('',#528,.T.);
#310=EDGE_LOOP('',(#2108,#2109,#2110,#2111));
#311=EDGE_LOOP('',(#2112,#2113,#2114,#2115,#2116));
#312=EDGE_LOOP('',(#2117,#2118,#2119,#2120));
#313=EDGE_LOOP('',(#2121,#2122,#2123,#2124,#2125));
#314=EDGE_LOOP('',(#2126,#2127,#2128,#2129));
#315=EDGE_LOOP('',(#2130,#2131,#2132,#2133,#2134));
#316=EDGE_LOOP('',(#2135,#2136,#2137,#2138));
#317=EDGE_LOOP('',(#2139,#2140,#2141,#2142,#2143));
#318=EDGE_LOOP('',(#2144,#2145,#2146,#2147,#2148));
#319=EDGE_LOOP('',(#2149,#2150,#2151,#2152,#2153));
#320=EDGE_LOOP('',(#2154,#2155,#2156,#2157,#2158));
#321=EDGE_LOOP('',(#2159,#2160,#2161,#2162,#2163));
#322=EDGE_LOOP('',(#2164,#2165,#2166,#2167,#2168));
#323=EDGE_LOOP('',(#2169,#2170,#2171,#2172,#2173));
#324=EDGE_LOOP('',(#2174,#2175,#2176,#2177,#2178));
#325=EDGE_LOOP('',(#2179,#2180,#2181,#2182,#2183));
#326=EDGE_LOOP('',(#2184,#2185,#2186,#2187,#2188,#2189));
#327=EDGE_LOOP('',(#2190));
#328=EDGE_LOOP('',(#2191,#2192,#2193,#2194,#2195));
#329=EDGE_LOOP('',(#2196,#2197,#2198,#2199,#2200));
#330=EDGE_LOOP('',(#2201,#2202,#2203,#2204,#2205,#2206));
#331=EDGE_LOOP('',(#2207));
#332=EDGE_LOOP('',(#2208,#2209,#2210,#2211,#2212));
#333=EDGE_LOOP('',(#2213,#2214,#2215,#2216));
#334=EDGE_LOOP('',(#2217));
#335=EDGE_LOOP('',(#2218,#2219,#2220,#2221,#2222));
#336=EDGE_LOOP('',(#2223,#2224,#2225,#2226));
#337=EDGE_LOOP('',(#2227,#2228,#2229,#2230,#2231));
#338=EDGE_LOOP('',(#2232,#2233,#2234,#2235));
#339=EDGE_LOOP('',(#2236));
#340=EDGE_LOOP('',(#2237,#2238,#2239,#2240,#2241));
#341=EDGE_LOOP('',(#2242,#2243,#2244,#2245));
#342=EDGE_LOOP('',(#2246));
#343=EDGE_LOOP('',(#2247,#2248,#2249,#2250,#2251));
#344=EDGE_LOOP('',(#2252,#2253,#2254,#2255,#2256));
#345=EDGE_LOOP('',(#2257,#2258,#2259,#2260,#2261,#2262,#2263,#2264,#2265,
#2266));
#346=EDGE_LOOP('',(#2267));
#347=EDGE_LOOP('',(#2268,#2269,#2270,#2271));
#348=EDGE_LOOP('',(#2272,#2273,#2274,#2275));
#349=EDGE_LOOP('',(#2276));
#350=EDGE_LOOP('',(#2277,#2278,#2279,#2280,#2281));
#351=EDGE_LOOP('',(#2282,#2283,#2284,#2285,#2286));
#352=EDGE_LOOP('',(#2287,#2288,#2289,#2290,#2291,#2292));
#353=EDGE_LOOP('',(#2293));
#354=EDGE_LOOP('',(#2294,#2295,#2296,#2297,#2298));
#355=EDGE_LOOP('',(#2299,#2300,#2301,#2302,#2303));
#356=EDGE_LOOP('',(#2304,#2305,#2306,#2307,#2308,#2309));
#357=EDGE_LOOP('',(#2310));
#358=EDGE_LOOP('',(#2311,#2312,#2313,#2314,#2315));
#359=EDGE_LOOP('',(#2316,#2317,#2318,#2319,#2320,#2321,#2322,#2323,#2324,
#2325,#2326,#2327,#2328,#2329,#2330,#2331,#2332,#2333,#2334,#2335,#2336,
#2337,#2338,#2339,#2340,#2341,#2342,#2343,#2344,#2345,#2346,#2347,#2348,
#2349));
#360=EDGE_LOOP('',(#2350,#2351,#2352,#2353,#2354,#2355));
#361=EDGE_LOOP('',(#2356,#2357,#2358,#2359,#2360,#2361));
#362=EDGE_LOOP('',(#2362));
#363=EDGE_LOOP('',(#2363,#2364,#2365,#2366,#2367));
#364=EDGE_LOOP('',(#2368,#2369,#2370,#2371));
#365=EDGE_LOOP('',(#2372,#2373,#2374,#2375));
#366=EDGE_LOOP('',(#2376,#2377,#2378,#2379));
#367=EDGE_LOOP('',(#2380,#2381,#2382,#2383));
#368=EDGE_LOOP('',(#2384,#2385,#2386,#2387));
#369=EDGE_LOOP('',(#2388,#2389,#2390,#2391));
#370=EDGE_LOOP('',(#2392,#2393,#2394,#2395));
#371=EDGE_LOOP('',(#2396,#2397,#2398,#2399));
#372=EDGE_LOOP('',(#2400,#2401,#2402,#2403));
#373=EDGE_LOOP('',(#2404,#2405,#2406,#2407));
#374=EDGE_LOOP('',(#2408,#2409,#2410,#2411));
#375=EDGE_LOOP('',(#2412,#2413,#2414,#2415));
#376=EDGE_LOOP('',(#2416,#2417,#2418,#2419));
#377=EDGE_LOOP('',(#2420,#2421,#2422,#2423));
#378=EDGE_LOOP('',(#2424,#2425,#2426,#2427));
#379=EDGE_LOOP('',(#2428,#2429,#2430,#2431));
#380=EDGE_LOOP('',(#2432,#2433,#2434,#2435));
#381=EDGE_LOOP('',(#2436,#2437,#2438,#2439));
#382=EDGE_LOOP('',(#2440,#2441,#2442,#2443));
#383=EDGE_LOOP('',(#2444,#2445,#2446,#2447,#2448));
#384=EDGE_LOOP('',(#2449,#2450,#2451,#2452));
#385=EDGE_LOOP('',(#2453));
#386=EDGE_LOOP('',(#2454,#2455,#2456,#2457,#2458));
#387=EDGE_LOOP('',(#2459,#2460,#2461,#2462));
#388=EDGE_LOOP('',(#2463));
#389=EDGE_LOOP('',(#2464,#2465,#2466,#2467));
#390=EDGE_LOOP('',(#2468,#2469,#2470,#2471));
#391=EDGE_LOOP('',(#2472,#2473,#2474,#2475));
#392=EDGE_LOOP('',(#2476,#2477,#2478,#2479));
#393=EDGE_LOOP('',(#2480,#2481,#2482,#2483));
#394=EDGE_LOOP('',(#2484,#2485,#2486,#2487));
#395=EDGE_LOOP('',(#2488,#2489,#2490,#2491));
#396=EDGE_LOOP('',(#2492,#2493,#2494,#2495));
#397=EDGE_LOOP('',(#2496,#2497,#2498,#2499));
#398=EDGE_LOOP('',(#2500,#2501,#2502,#2503));
#399=EDGE_LOOP('',(#2504,#2505,#2506,#2507));
#400=EDGE_LOOP('',(#2508,#2509,#2510,#2511));
#401=EDGE_LOOP('',(#2512,#2513,#2514,#2515));
#402=EDGE_LOOP('',(#2516,#2517,#2518,#2519));
#403=EDGE_LOOP('',(#2520,#2521,#2522,#2523));
#404=EDGE_LOOP('',(#2524,#2525,#2526,#2527));
#405=EDGE_LOOP('',(#2528,#2529,#2530,#2531));
#406=EDGE_LOOP('',(#2532,#2533,#2534,#2535));
#407=EDGE_LOOP('',(#2536,#2537,#2538,#2539));
#408=EDGE_LOOP('',(#2540,#2541,#2542,#2543));
#409=EDGE_LOOP('',(#2544,#2545,#2546,#2547));
#410=EDGE_LOOP('',(#2548,#2549,#2550,#2551));
#411=EDGE_LOOP('',(#2552,#2553,#2554));
#412=EDGE_LOOP('',(#2555,#2556,#2557));
#413=EDGE_LOOP('',(#2558,#2559,#2560));
#414=EDGE_LOOP('',(#2561,#2562,#2563));
#415=EDGE_LOOP('',(#2564,#2565,#2566,#2567));
#416=EDGE_LOOP('',(#2568,#2569,#2570,#2571));
#417=EDGE_LOOP('',(#2572,#2573,#2574));
#418=EDGE_LOOP('',(#2575,#2576,#2577));
#419=EDGE_LOOP('',(#2578,#2579,#2580,#2581,#2582));
#420=EDGE_LOOP('',(#2583,#2584,#2585));
#421=EDGE_LOOP('',(#2586,#2587,#2588));
#422=EDGE_LOOP('',(#2589,#2590,#2591,#2592));
#423=EDGE_LOOP('',(#2593,#2594,#2595));
#424=EDGE_LOOP('',(#2596,#2597,#2598,#2599));
#425=EDGE_LOOP('',(#2600,#2601,#2602));
#426=EDGE_LOOP('',(#2603,#2604,#2605,#2606));
#427=EDGE_LOOP('',(#2607,#2608,#2609,#2610));
#428=EDGE_LOOP('',(#2611,#2612,#2613,#2614));
#429=EDGE_LOOP('',(#2615,#2616,#2617));
#430=EDGE_LOOP('',(#2618,#2619,#2620,#2621));
#431=EDGE_LOOP('',(#2622,#2623,#2624));
#432=EDGE_LOOP('',(#2625,#2626,#2627));
#433=EDGE_LOOP('',(#2628,#2629,#2630,#2631));
#434=EDGE_LOOP('',(#2632,#2633,#2634,#2635));
#435=EDGE_LOOP('',(#2636,#2637,#2638));
#436=EDGE_LOOP('',(#2639,#2640,#2641));
#437=EDGE_LOOP('',(#2642,#2643,#2644,#2645));
#438=EDGE_LOOP('',(#2646,#2647,#2648,#2649,#2650));
#439=EDGE_LOOP('',(#2651,#2652,#2653));
#440=EDGE_LOOP('',(#2654,#2655,#2656,#2657));
#441=EDGE_LOOP('',(#2658,#2659,#2660,#2661));
#442=EDGE_LOOP('',(#2662,#2663,#2664));
#443=EDGE_LOOP('',(#2665,#2666,#2667,#2668));
#444=EDGE_LOOP('',(#2669,#2670,#2671,#2672));
#445=EDGE_LOOP('',(#2673,#2674,#2675));
#446=EDGE_LOOP('',(#2676,#2677,#2678,#2679));
#447=EDGE_LOOP('',(#2680,#2681,#2682,#2683));
#448=EDGE_LOOP('',(#2684,#2685,#2686));
#449=EDGE_LOOP('',(#2687,#2688,#2689,#2690));
#450=EDGE_LOOP('',(#2691,#2692,#2693,#2694));
#451=EDGE_LOOP('',(#2695,#2696,#2697));
#452=EDGE_LOOP('',(#2698,#2699,#2700,#2701));
#453=EDGE_LOOP('',(#2702,#2703,#2704,#2705,#2706));
#454=EDGE_LOOP('',(#2707,#2708,#2709,#2710));
#455=EDGE_LOOP('',(#2711,#2712,#2713,#2714));
#456=EDGE_LOOP('',(#2715,#2716,#2717,#2718));
#457=EDGE_LOOP('',(#2719,#2720,#2721,#2722));
#458=EDGE_LOOP('',(#2723,#2724,#2725,#2726));
#459=EDGE_LOOP('',(#2727,#2728,#2729,#2730));
#460=EDGE_LOOP('',(#2731,#2732,#2733,#2734));
#461=EDGE_LOOP('',(#2735,#2736,#2737,#2738));
#462=EDGE_LOOP('',(#2739,#2740,#2741,#2742));
#463=EDGE_LOOP('',(#2743,#2744,#2745,#2746));
#464=EDGE_LOOP('',(#2747,#2748,#2749,#2750));
#465=EDGE_LOOP('',(#2751,#2752,#2753,#2754));
#466=EDGE_LOOP('',(#2755,#2756,#2757,#2758));
#467=EDGE_LOOP('',(#2759,#2760,#2761,#2762,#2763));
#468=EDGE_LOOP('',(#2764,#2765,#2766,#2767));
#469=EDGE_LOOP('',(#2768,#2769,#2770,#2771));
#470=EDGE_LOOP('',(#2772,#2773,#2774,#2775));
#471=EDGE_LOOP('',(#2776,#2777,#2778,#2779));
#472=EDGE_LOOP('',(#2780,#2781,#2782,#2783));
#473=EDGE_LOOP('',(#2784,#2785,#2786,#2787));
#474=EDGE_LOOP('',(#2788,#2789,#2790,#2791));
#475=EDGE_LOOP('',(#2792,#2793,#2794,#2795));
#476=EDGE_LOOP('',(#2796,#2797,#2798,#2799));
#477=EDGE_LOOP('',(#2800,#2801,#2802,#2803));
#478=EDGE_LOOP('',(#2804,#2805,#2806,#2807));
#479=EDGE_LOOP('',(#2808,#2809,#2810,#2811));
#480=EDGE_LOOP('',(#2812,#2813,#2814,#2815));
#481=EDGE_LOOP('',(#2816,#2817,#2818,#2819));
#482=EDGE_LOOP('',(#2820,#2821,#2822,#2823));
#483=EDGE_LOOP('',(#2824,#2825,#2826,#2827));
#484=EDGE_LOOP('',(#2828,#2829,#2830,#2831));
#485=EDGE_LOOP('',(#2832,#2833,#2834,#2835));
#486=EDGE_LOOP('',(#2836,#2837,#2838,#2839));
#487=EDGE_LOOP('',(#2840,#2841,#2842,#2843));
#488=EDGE_LOOP('',(#2844,#2845,#2846,#2847));
#489=EDGE_LOOP('',(#2848,#2849,#2850,#2851));
#490=EDGE_LOOP('',(#2852,#2853,#2854,#2855));
#491=EDGE_LOOP('',(#2856,#2857,#2858,#2859));
#492=EDGE_LOOP('',(#2860));
#493=EDGE_LOOP('',(#2861));
#494=EDGE_LOOP('',(#2862));
#495=EDGE_LOOP('',(#2863));
#496=EDGE_LOOP('',(#2864,#2865,#2866,#2867,#2868,#2869,#2870,#2871,#2872,
#2873,#2874,#2875));
#497=EDGE_LOOP('',(#2876,#2877,#2878,#2879));
#498=EDGE_LOOP('',(#2880,#2881,#2882,#2883,#2884,#2885,#2886,#2887));
#499=EDGE_LOOP('',(#2888,#2889,#2890,#2891,#2892,#2893,#2894,#2895,#2896,
#2897,#2898,#2899,#2900,#2901,#2902,#2903,#2904,#2905));
#500=EDGE_LOOP('',(#2906,#2907,#2908,#2909,#2910,#2911,#2912,#2913,#2914,
#2915));
#501=EDGE_LOOP('',(#2916,#2917,#2918,#2919));
#502=EDGE_LOOP('',(#2920));
#503=EDGE_LOOP('',(#2921,#2922,#2923,#2924));
#504=EDGE_LOOP('',(#2925,#2926,#2927,#2928));
#505=EDGE_LOOP('',(#2929,#2930,#2931,#2932));
#506=EDGE_LOOP('',(#2933,#2934,#2935,#2936));
#507=EDGE_LOOP('',(#2937,#2938,#2939,#2940));
#508=EDGE_LOOP('',(#2941));
#509=EDGE_LOOP('',(#2942,#2943,#2944,#2945));
#510=EDGE_LOOP('',(#2946,#2947,#2948,#2949));
#511=EDGE_LOOP('',(#2950,#2951,#2952,#2953));
#512=EDGE_LOOP('',(#2954,#2955,#2956,#2957));
#513=EDGE_LOOP('',(#2958,#2959,#2960,#2961));
#514=EDGE_LOOP('',(#2962,#2963,#2964,#2965));
#515=EDGE_LOOP('',(#2966,#2967,#2968,#2969,#2970,#2971,#2972,#2973,#2974,
#2975,#2976,#2977,#2978,#2979,#2980,#2981));
#516=EDGE_LOOP('',(#2982,#2983,#2984,#2985));
#517=EDGE_LOOP('',(#2986,#2987,#2988,#2989));
#518=EDGE_LOOP('',(#2990,#2991,#2992,#2993));
#519=EDGE_LOOP('',(#2994,#2995,#2996,#2997));
#520=EDGE_LOOP('',(#2998,#2999,#3000,#3001));
#521=EDGE_LOOP('',(#3002,#3003,#3004,#3005,#3006,#3007,#3008,#3009,#3010,
#3011,#3012,#3013,#3014,#3015));
#522=EDGE_LOOP('',(#3016,#3017,#3018,#3019));
#523=EDGE_LOOP('',(#3020,#3021,#3022,#3023));
#524=EDGE_LOOP('',(#3024,#3025,#3026,#3027));
#525=EDGE_LOOP('',(#3028,#3029,#3030,#3031));
#526=EDGE_LOOP('',(#3032,#3033,#3034,#3035));
#527=EDGE_LOOP('',(#3036,#3037,#3038,#3039));
#528=EDGE_LOOP('',(#3040));
#529=EDGE_LOOP('',(#3041));
#530=LINE('',#4599,#948);
#531=LINE('',#4601,#949);
#532=LINE('',#4603,#950);
#533=LINE('',#4604,#951);
#534=LINE('',#4607,#952);
#535=LINE('',#4609,#953);
#536=LINE('',#4611,#954);
#537=LINE('',#4612,#955);
#538=LINE('',#4616,#956);
#539=LINE('',#4618,#957);
#540=LINE('',#4620,#958);
#541=LINE('',#4621,#959);
#542=LINE('',#4624,#960);
#543=LINE('',#4626,#961);
#544=LINE('',#4628,#962);
#545=LINE('',#4629,#963);
#546=LINE('',#4633,#964);
#547=LINE('',#4635,#965);
#548=LINE('',#4637,#966);
#549=LINE('',#4638,#967);
#550=LINE('',#4641,#968);
#551=LINE('',#4643,#969);
#552=LINE('',#4645,#970);
#553=LINE('',#4646,#971);
#554=LINE('',#4650,#972);
#555=LINE('',#4652,#973);
#556=LINE('',#4654,#974);
#557=LINE('',#4655,#975);
#558=LINE('',#4658,#976);
#559=LINE('',#4660,#977);
#560=LINE('',#4662,#978);
#561=LINE('',#4663,#979);
#562=LINE('',#4666,#980);
#563=LINE('',#4668,#981);
#564=LINE('',#4669,#982);
#565=LINE('',#4672,#983);
#566=LINE('',#4674,#984);
#567=LINE('',#4675,#985);
#568=LINE('',#4678,#986);
#569=LINE('',#4680,#987);
#570=LINE('',#4681,#988);
#571=LINE('',#4684,#989);
#572=LINE('',#4686,#990);
#573=LINE('',#4687,#991);
#574=LINE('',#4690,#992);
#575=LINE('',#4692,#993);
#576=LINE('',#4693,#994);
#577=LINE('',#4696,#995);
#578=LINE('',#4698,#996);
#579=LINE('',#4699,#997);
#580=LINE('',#4704,#998);
#581=LINE('',#4710,#999);
#582=LINE('',#4715,#1000);
#583=LINE('',#4717,#1001);
#584=LINE('',#4719,#1002);
#585=LINE('',#4721,#1003);
#586=LINE('',#4723,#1004);
#587=LINE('',#4724,#1005);
#588=LINE('',#4729,#1006);
#589=LINE('',#4735,#1007);
#590=LINE('',#4740,#1008);
#591=LINE('',#4742,#1009);
#592=LINE('',#4744,#1010);
#593=LINE('',#4746,#1011);
#594=LINE('',#4748,#1012);
#595=LINE('',#4749,#1013);
#596=LINE('',#4754,#1014);
#597=LINE('',#4761,#1015);
#598=LINE('',#4763,#1016);
#599=LINE('',#4765,#1017);
#600=LINE('',#4766,#1018);
#601=LINE('',#4769,#1019);
#602=LINE('',#4775,#1020);
#603=LINE('',#4782,#1021);
#604=LINE('',#4786,#1022);
#605=LINE('',#4788,#1023);
#606=LINE('',#4790,#1024);
#607=LINE('',#4791,#1025);
#608=LINE('',#4795,#1026);
#609=LINE('',#4799,#1027);
#610=LINE('',#4801,#1028);
#611=LINE('',#4803,#1029);
#612=LINE('',#4804,#1030);
#613=LINE('',#4809,#1031);
#614=LINE('',#4815,#1032);
#615=LINE('',#4818,#1033);
#616=LINE('',#4820,#1034);
#617=LINE('',#4822,#1035);
#618=LINE('',#4824,#1036);
#619=LINE('',#4825,#1037);
#620=LINE('',#4829,#1038);
#621=LINE('',#4833,#1039);
#622=LINE('',#4835,#1040);
#623=LINE('',#4837,#1041);
#624=LINE('',#4838,#1042);
#625=LINE('',#4843,#1043);
#626=LINE('',#4849,#1044);
#627=LINE('',#4853,#1045);
#628=LINE('',#4855,#1046);
#629=LINE('',#4856,#1047);
#630=LINE('',#4861,#1048);
#631=LINE('',#4867,#1049);
#632=LINE('',#4872,#1050);
#633=LINE('',#4873,#1051);
#634=LINE('',#4874,#1052);
#635=LINE('',#4875,#1053);
#636=LINE('',#4880,#1054);
#637=LINE('',#4886,#1055);
#638=LINE('',#4888,#1056);
#639=LINE('',#4889,#1057);
#640=LINE('',#4891,#1058);
#641=LINE('',#4893,#1059);
#642=LINE('',#4895,#1060);
#643=LINE('',#4897,#1061);
#644=LINE('',#4899,#1062);
#645=LINE('',#4901,#1063);
#646=LINE('',#4903,#1064);
#647=LINE('',#4905,#1065);
#648=LINE('',#4907,#1066);
#649=LINE('',#4909,#1067);
#650=LINE('',#4913,#1068);
#651=LINE('',#4915,#1069);
#652=LINE('',#4917,#1070);
#653=LINE('',#4919,#1071);
#654=LINE('',#4921,#1072);
#655=LINE('',#4923,#1073);
#656=LINE('',#4925,#1074);
#657=LINE('',#4927,#1075);
#658=LINE('',#4928,#1076);
#659=LINE('',#4930,#1077);
#660=LINE('',#4932,#1078);
#661=LINE('',#4933,#1079);
#662=LINE('',#4935,#1080);
#663=LINE('',#4936,#1081);
#664=LINE('',#4939,#1082);
#665=LINE('',#4941,#1083);
#666=LINE('',#4943,#1084);
#667=LINE('',#4945,#1085);
#668=LINE('',#4947,#1086);
#669=LINE('',#4948,#1087);
#670=LINE('',#4951,#1088);
#671=LINE('',#4953,#1089);
#672=LINE('',#4955,#1090);
#673=LINE('',#4957,#1091);
#674=LINE('',#4959,#1092);
#675=LINE('',#4960,#1093);
#676=LINE('',#4963,#1094);
#677=LINE('',#4967,#1095);
#678=LINE('',#4969,#1096);
#679=LINE('',#4970,#1097);
#680=LINE('',#4973,#1098);
#681=LINE('',#4974,#1099);
#682=LINE('',#4977,#1100);
#683=LINE('',#4978,#1101);
#684=LINE('',#4982,#1102);
#685=LINE('',#4983,#1103);
#686=LINE('',#4984,#1104);
#687=LINE('',#4986,#1105);
#688=LINE('',#4988,#1106);
#689=LINE('',#4990,#1107);
#690=LINE('',#4991,#1108);
#691=LINE('',#4993,#1109);
#692=LINE('',#4995,#1110);
#693=LINE('',#4998,#1111);
#694=LINE('',#5000,#1112);
#695=LINE('',#5001,#1113);
#696=LINE('',#5004,#1114);
#697=LINE('',#5005,#1115);
#698=LINE('',#5008,#1116);
#699=LINE('',#5009,#1117);
#700=LINE('',#5013,#1118);
#701=LINE('',#5014,#1119);
#702=LINE('',#5015,#1120);
#703=LINE('',#5017,#1121);
#704=LINE('',#5019,#1122);
#705=LINE('',#5021,#1123);
#706=LINE('',#5022,#1124);
#707=LINE('',#5024,#1125);
#708=LINE('',#5026,#1126);
#709=LINE('',#5031,#1127);
#710=LINE('',#5038,#1128);
#711=LINE('',#5042,#1129);
#712=LINE('',#5044,#1130);
#713=LINE('',#5046,#1131);
#714=LINE('',#5047,#1132);
#715=LINE('',#5051,#1133);
#716=LINE('',#5055,#1134);
#717=LINE('',#5057,#1135);
#718=LINE('',#5059,#1136);
#719=LINE('',#5060,#1137);
#720=LINE('',#5063,#1138);
#721=LINE('',#5064,#1139);
#722=LINE('',#5067,#1140);
#723=LINE('',#5068,#1141);
#724=LINE('',#5070,#1142);
#725=LINE('',#5072,#1143);
#726=LINE('',#5074,#1144);
#727=LINE('',#5078,#1145);
#728=LINE('',#5079,#1146);
#729=LINE('',#5082,#1147);
#730=LINE('',#5083,#1148);
#731=LINE('',#5085,#1149);
#732=LINE('',#5087,#1150);
#733=LINE('',#5089,#1151);
#734=LINE('',#5093,#1152);
#735=LINE('',#5095,#1153);
#736=LINE('',#5096,#1154);
#737=LINE('',#5100,#1155);
#738=LINE('',#5102,#1156);
#739=LINE('',#5103,#1157);
#740=LINE('',#5104,#1158);
#741=LINE('',#5108,#1159);
#742=LINE('',#5115,#1160);
#743=LINE('',#5117,#1161);
#744=LINE('',#5118,#1162);
#745=LINE('',#5120,#1163);
#746=LINE('',#5123,#1164);
#747=LINE('',#5125,#1165);
#748=LINE('',#5126,#1166);
#749=LINE('',#5129,#1167);
#750=LINE('',#5130,#1168);
#751=LINE('',#5133,#1169);
#752=LINE('',#5134,#1170);
#753=LINE('',#5135,#1171);
#754=LINE('',#5138,#1172);
#755=LINE('',#5140,#1173);
#756=LINE('',#5141,#1174);
#757=LINE('',#5144,#1175);
#758=LINE('',#5145,#1176);
#759=LINE('',#5148,#1177);
#760=LINE('',#5149,#1178);
#761=LINE('',#5150,#1179);
#762=LINE('',#5154,#1180);
#763=LINE('',#5156,#1181);
#764=LINE('',#5157,#1182);
#765=LINE('',#5160,#1183);
#766=LINE('',#5161,#1184);
#767=LINE('',#5164,#1185);
#768=LINE('',#5165,#1186);
#769=LINE('',#5166,#1187);
#770=LINE('',#5169,#1188);
#771=LINE('',#5170,#1189);
#772=LINE('',#5173,#1190);
#773=LINE('',#5174,#1191);
#774=LINE('',#5177,#1192);
#775=LINE('',#5178,#1193);
#776=LINE('',#5179,#1194);
#777=LINE('',#5183,#1195);
#778=LINE('',#5185,#1196);
#779=LINE('',#5186,#1197);
#780=LINE('',#5189,#1198);
#781=LINE('',#5191,#1199);
#782=LINE('',#5193,#1200);
#783=LINE('',#5194,#1201);
#784=LINE('',#5196,#1202);
#785=LINE('',#5198,#1203);
#786=LINE('',#5199,#1204);
#787=LINE('',#5203,#1205);
#788=LINE('',#5204,#1206);
#789=LINE('',#5205,#1207);
#790=LINE('',#5208,#1208);
#791=LINE('',#5209,#1209);
#792=LINE('',#5211,#1210);
#793=LINE('',#5212,#1211);
#794=LINE('',#5216,#1212);
#795=LINE('',#5218,#1213);
#796=LINE('',#5219,#1214);
#797=LINE('',#5221,#1215);
#798=LINE('',#5223,#1216);
#799=LINE('',#5224,#1217);
#800=LINE('',#5227,#1218);
#801=LINE('',#5229,#1219);
#802=LINE('',#5231,#1220);
#803=LINE('',#5232,#1221);
#804=LINE('',#5235,#1222);
#805=LINE('',#5237,#1223);
#806=LINE('',#5238,#1224);
#807=LINE('',#5240,#1225);
#808=LINE('',#5244,#1226);
#809=LINE('',#5246,#1227);
#810=LINE('',#5247,#1228);
#811=LINE('',#5250,#1229);
#812=LINE('',#5252,#1230);
#813=LINE('',#5253,#1231);
#814=LINE('',#5256,#1232);
#815=LINE('',#5258,#1233);
#816=LINE('',#5259,#1234);
#817=LINE('',#5261,#1235);
#818=LINE('',#5264,#1236);
#819=LINE('',#5265,#1237);
#820=LINE('',#5266,#1238);
#821=LINE('',#5270,#1239);
#822=LINE('',#5271,#1240);
#823=LINE('',#5272,#1241);
#824=LINE('',#5274,#1242);
#825=LINE('',#5277,#1243);
#826=LINE('',#5279,#1244);
#827=LINE('',#5280,#1245);
#828=LINE('',#5284,#1246);
#829=LINE('',#5286,#1247);
#830=LINE('',#5287,#1248);
#831=LINE('',#5289,#1249);
#832=LINE('',#5290,#1250);
#833=LINE('',#5292,#1251);
#834=LINE('',#5293,#1252);
#835=LINE('',#5296,#1253);
#836=LINE('',#5298,#1254);
#837=LINE('',#5299,#1255);
#838=LINE('',#5301,#1256);
#839=LINE('',#5302,#1257);
#840=LINE('',#5304,#1258);
#841=LINE('',#5307,#1259);
#842=LINE('',#5309,#1260);
#843=LINE('',#5310,#1261);
#844=LINE('',#5312,#1262);
#845=LINE('',#5314,#1263);
#846=LINE('',#5315,#1264);
#847=LINE('',#5318,#1265);
#848=LINE('',#5320,#1266);
#849=LINE('',#5321,#1267);
#850=LINE('',#5323,#1268);
#851=LINE('',#5324,#1269);
#852=LINE('',#5326,#1270);
#853=LINE('',#5329,#1271);
#854=LINE('',#5330,#1272);
#855=LINE('',#5331,#1273);
#856=LINE('',#5333,#1274);
#857=LINE('',#5336,#1275);
#858=LINE('',#5339,#1276);
#859=LINE('',#5341,#1277);
#860=LINE('',#5342,#1278);
#861=LINE('',#5344,#1279);
#862=LINE('',#5346,#1280);
#863=LINE('',#5347,#1281);
#864=LINE('',#5349,#1282);
#865=LINE('',#5350,#1283);
#866=LINE('',#5352,#1284);
#867=LINE('',#5354,#1285);
#868=LINE('',#5358,#1286);
#869=LINE('',#5360,#1287);
#870=LINE('',#5361,#1288);
#871=LINE('',#5363,#1289);
#872=LINE('',#5364,#1290);
#873=LINE('',#5366,#1291);
#874=LINE('',#5367,#1292);
#875=LINE('',#5369,#1293);
#876=LINE('',#5371,#1294);
#877=LINE('',#5373,#1295);
#878=LINE('',#5374,#1296);
#879=LINE('',#5377,#1297);
#880=LINE('',#5379,#1298);
#881=LINE('',#5380,#1299);
#882=LINE('',#5384,#1300);
#883=LINE('',#5386,#1301);
#884=LINE('',#5387,#1302);
#885=LINE('',#5392,#1303);
#886=LINE('',#5400,#1304);
#887=LINE('',#5401,#1305);
#888=LINE('',#5404,#1306);
#889=LINE('',#5405,#1307);
#890=LINE('',#5407,#1308);
#891=LINE('',#5409,#1309);
#892=LINE('',#5411,#1310);
#893=LINE('',#5415,#1311);
#894=LINE('',#5418,#1312);
#895=LINE('',#5419,#1313);
#896=LINE('',#5422,#1314);
#897=LINE('',#5423,#1315);
#898=LINE('',#5426,#1316);
#899=LINE('',#5427,#1317);
#900=LINE('',#5430,#1318);
#901=LINE('',#5431,#1319);
#902=LINE('',#5433,#1320);
#903=LINE('',#5436,#1321);
#904=LINE('',#5437,#1322);
#905=LINE('',#5440,#1323);
#906=LINE('',#5441,#1324);
#907=LINE('',#5444,#1325);
#908=LINE('',#5445,#1326);
#909=LINE('',#5448,#1327);
#910=LINE('',#5449,#1328);
#911=LINE('',#5452,#1329);
#912=LINE('',#5453,#1330);
#913=LINE('',#5465,#1331);
#914=LINE('',#5467,#1332);
#915=LINE('',#5469,#1333);
#916=LINE('',#5470,#1334);
#917=LINE('',#5473,#1335);
#918=LINE('',#5475,#1336);
#919=LINE('',#5476,#1337);
#920=LINE('',#5479,#1338);
#921=LINE('',#5481,#1339);
#922=LINE('',#5482,#1340);
#923=LINE('',#5484,#1341);
#924=LINE('',#5485,#1342);
#925=LINE('',#5491,#1343);
#926=LINE('',#5496,#1344);
#927=LINE('',#5497,#1345);
#928=LINE('',#5500,#1346);
#929=LINE('',#5501,#1347);
#930=LINE('',#5504,#1348);
#931=LINE('',#5505,#1349);
#932=LINE('',#5508,#1350);
#933=LINE('',#5509,#1351);
#934=LINE('',#5511,#1352);
#935=LINE('',#5515,#1353);
#936=LINE('',#5516,#1354);
#937=LINE('',#5519,#1355);
#938=LINE('',#5520,#1356);
#939=LINE('',#5523,#1357);
#940=LINE('',#5524,#1358);
#941=LINE('',#5527,#1359);
#942=LINE('',#5528,#1360);
#943=LINE('',#5530,#1361);
#944=LINE('',#5533,#1362);
#945=LINE('',#5535,#1363);
#946=LINE('',#5538,#1364);
#947=LINE('',#5540,#1365);
#948=VECTOR('',#3687,10.);
#949=VECTOR('',#3688,10.);
#950=VECTOR('',#3689,10.);
#951=VECTOR('',#3690,10.);
#952=VECTOR('',#3693,10.);
#953=VECTOR('',#3694,10.);
#954=VECTOR('',#3695,10.);
#955=VECTOR('',#3696,10.);
#956=VECTOR('',#3699,10.);
#957=VECTOR('',#3700,10.);
#958=VECTOR('',#3701,10.);
#959=VECTOR('',#3702,10.);
#960=VECTOR('',#3705,10.);
#961=VECTOR('',#3706,10.);
#962=VECTOR('',#3707,10.);
#963=VECTOR('',#3708,10.);
#964=VECTOR('',#3711,10.);
#965=VECTOR('',#3712,10.);
#966=VECTOR('',#3713,10.);
#967=VECTOR('',#3714,10.);
#968=VECTOR('',#3717,10.);
#969=VECTOR('',#3718,10.);
#970=VECTOR('',#3719,10.);
#971=VECTOR('',#3720,10.);
#972=VECTOR('',#3723,10.);
#973=VECTOR('',#3724,10.);
#974=VECTOR('',#3725,10.);
#975=VECTOR('',#3726,10.);
#976=VECTOR('',#3729,10.);
#977=VECTOR('',#3730,10.);
#978=VECTOR('',#3731,10.);
#979=VECTOR('',#3732,10.);
#980=VECTOR('',#3735,10.);
#981=VECTOR('',#3736,10.);
#982=VECTOR('',#3737,10.);
#983=VECTOR('',#3740,10.);
#984=VECTOR('',#3741,10.);
#985=VECTOR('',#3742,10.);
#986=VECTOR('',#3745,10.);
#987=VECTOR('',#3746,10.);
#988=VECTOR('',#3747,10.);
#989=VECTOR('',#3750,10.);
#990=VECTOR('',#3751,10.);
#991=VECTOR('',#3752,10.);
#992=VECTOR('',#3755,10.);
#993=VECTOR('',#3756,10.);
#994=VECTOR('',#3757,10.);
#995=VECTOR('',#3760,10.);
#996=VECTOR('',#3761,10.);
#997=VECTOR('',#3762,10.);
#998=VECTOR('',#3767,2.35);
#999=VECTOR('',#3774,2.2);
#1000=VECTOR('',#3779,10.);
#1001=VECTOR('',#3780,10.);
#1002=VECTOR('',#3781,10.);
#1003=VECTOR('',#3782,10.);
#1004=VECTOR('',#3783,10.);
#1005=VECTOR('',#3784,10.);
#1006=VECTOR('',#3789,2.35);
#1007=VECTOR('',#3796,2.2);
#1008=VECTOR('',#3801,10.);
#1009=VECTOR('',#3802,10.);
#1010=VECTOR('',#3803,10.);
#1011=VECTOR('',#3804,10.);
#1012=VECTOR('',#3805,10.);
#1013=VECTOR('',#3806,10.);
#1014=VECTOR('',#3811,1.05);
#1015=VECTOR('',#3818,10.);
#1016=VECTOR('',#3819,10.);
#1017=VECTOR('',#3820,10.);
#1018=VECTOR('',#3821,10.);
#1019=VECTOR('',#3824,0.9);
#1020=VECTOR('',#3831,1.05);
#1021=VECTOR('',#3840,0.9);
#1022=VECTOR('',#3843,10.);
#1023=VECTOR('',#3844,10.);
#1024=VECTOR('',#3845,10.);
#1025=VECTOR('',#3846,10.);
#1026=VECTOR('',#3851,1.05);
#1027=VECTOR('',#3854,10.);
#1028=VECTOR('',#3855,10.);
#1029=VECTOR('',#3856,10.);
#1030=VECTOR('',#3857,10.);
#1031=VECTOR('',#3862,1.85);
#1032=VECTOR('',#3869,1.7);
#1033=VECTOR('',#3874,10.);
#1034=VECTOR('',#3875,10.);
#1035=VECTOR('',#3876,10.);
#1036=VECTOR('',#3877,10.);
#1037=VECTOR('',#3878,10.);
#1038=VECTOR('',#3883,1.85);
#1039=VECTOR('',#3886,10.);
#1040=VECTOR('',#3887,10.);
#1041=VECTOR('',#3888,10.);
#1042=VECTOR('',#3889,10.);
#1043=VECTOR('',#3894,2.35);
#1044=VECTOR('',#3901,2.2);
#1045=VECTOR('',#3906,10.);
#1046=VECTOR('',#3907,10.);
#1047=VECTOR('',#3908,10.);
#1048=VECTOR('',#3913,2.35);
#1049=VECTOR('',#3920,2.2);
#1050=VECTOR('',#3925,10.);
#1051=VECTOR('',#3926,10.);
#1052=VECTOR('',#3927,10.);
#1053=VECTOR('',#3928,10.);
#1054=VECTOR('',#3933,6.6);
#1055=VECTOR('',#3940,10.);
#1056=VECTOR('',#3941,10.);
#1057=VECTOR('',#3942,10.);
#1058=VECTOR('',#3943,10.);
#1059=VECTOR('',#3944,10.);
#1060=VECTOR('',#3945,10.);
#1061=VECTOR('',#3946,10.);
#1062=VECTOR('',#3947,10.);
#1063=VECTOR('',#3948,10.);
#1064=VECTOR('',#3949,10.);
#1065=VECTOR('',#3950,10.);
#1066=VECTOR('',#3951,10.);
#1067=VECTOR('',#3952,10.);
#1068=VECTOR('',#3955,10.);
#1069=VECTOR('',#3956,10.);
#1070=VECTOR('',#3957,10.);
#1071=VECTOR('',#3958,10.);
#1072=VECTOR('',#3959,10.);
#1073=VECTOR('',#3960,10.);
#1074=VECTOR('',#3961,10.);
#1075=VECTOR('',#3962,10.);
#1076=VECTOR('',#3963,10.);
#1077=VECTOR('',#3964,10.);
#1078=VECTOR('',#3965,10.);
#1079=VECTOR('',#3966,10.);
#1080=VECTOR('',#3967,10.);
#1081=VECTOR('',#3968,10.);
#1082=VECTOR('',#3969,10.);
#1083=VECTOR('',#3970,10.);
#1084=VECTOR('',#3971,10.);
#1085=VECTOR('',#3972,10.);
#1086=VECTOR('',#3973,10.);
#1087=VECTOR('',#3974,10.);
#1088=VECTOR('',#3975,10.);
#1089=VECTOR('',#3976,10.);
#1090=VECTOR('',#3977,10.);
#1091=VECTOR('',#3978,10.);
#1092=VECTOR('',#3979,10.);
#1093=VECTOR('',#3980,10.);
#1094=VECTOR('',#3983,6.45);
#1095=VECTOR('',#3988,10.);
#1096=VECTOR('',#3989,10.);
#1097=VECTOR('',#3990,10.);
#1098=VECTOR('',#3993,10.);
#1099=VECTOR('',#3994,10.);
#1100=VECTOR('',#3997,10.);
#1101=VECTOR('',#3998,10.);
#1102=VECTOR('',#4001,10.);
#1103=VECTOR('',#4002,10.);
#1104=VECTOR('',#4003,10.);
#1105=VECTOR('',#4006,10.);
#1106=VECTOR('',#4009,10.);
#1107=VECTOR('',#4012,10.);
#1108=VECTOR('',#4013,10.);
#1109=VECTOR('',#4016,10.);
#1110=VECTOR('',#4019,10.);
#1111=VECTOR('',#4022,10.);
#1112=VECTOR('',#4023,10.);
#1113=VECTOR('',#4024,10.);
#1114=VECTOR('',#4027,10.);
#1115=VECTOR('',#4028,10.);
#1116=VECTOR('',#4031,10.);
#1117=VECTOR('',#4032,10.);
#1118=VECTOR('',#4035,10.);
#1119=VECTOR('',#4036,10.);
#1120=VECTOR('',#4037,10.);
#1121=VECTOR('',#4040,10.);
#1122=VECTOR('',#4043,10.);
#1123=VECTOR('',#4046,10.);
#1124=VECTOR('',#4047,10.);
#1125=VECTOR('',#4050,10.);
#1126=VECTOR('',#4053,10.);
#1127=VECTOR('',#4058,1.85);
#1128=VECTOR('',#4067,1.7);
#1129=VECTOR('',#4070,10.);
#1130=VECTOR('',#4071,10.);
#1131=VECTOR('',#4072,10.);
#1132=VECTOR('',#4073,10.);
#1133=VECTOR('',#4078,1.85);
#1134=VECTOR('',#4081,10.);
#1135=VECTOR('',#4082,10.);
#1136=VECTOR('',#4083,10.);
#1137=VECTOR('',#4084,10.);
#1138=VECTOR('',#4087,10.);
#1139=VECTOR('',#4088,10.);
#1140=VECTOR('',#4091,10.);
#1141=VECTOR('',#4092,10.);
#1142=VECTOR('',#4095,10.);
#1143=VECTOR('',#4098,10.);
#1144=VECTOR('',#4101,10.);
#1145=VECTOR('',#4106,10.);
#1146=VECTOR('',#4107,10.);
#1147=VECTOR('',#4110,10.);
#1148=VECTOR('',#4111,10.);
#1149=VECTOR('',#4114,10.);
#1150=VECTOR('',#4117,10.);
#1151=VECTOR('',#4120,10.);
#1152=VECTOR('',#4125,10.);
#1153=VECTOR('',#4126,10.);
#1154=VECTOR('',#4127,10.);
#1155=VECTOR('',#4130,10.);
#1156=VECTOR('',#4131,10.);
#1157=VECTOR('',#4132,10.);
#1158=VECTOR('',#4133,10.);
#1159=VECTOR('',#4138,10.);
#1160=VECTOR('',#4141,10.);
#1161=VECTOR('',#4142,10.);
#1162=VECTOR('',#4143,10.);
#1163=VECTOR('',#4146,10.);
#1164=VECTOR('',#4149,10.);
#1165=VECTOR('',#4150,10.);
#1166=VECTOR('',#4151,10.);
#1167=VECTOR('',#4154,10.);
#1168=VECTOR('',#4155,10.);
#1169=VECTOR('',#4158,10.);
#1170=VECTOR('',#4159,10.);
#1171=VECTOR('',#4160,10.);
#1172=VECTOR('',#4163,10.);
#1173=VECTOR('',#4164,10.);
#1174=VECTOR('',#4165,10.);
#1175=VECTOR('',#4168,10.);
#1176=VECTOR('',#4169,10.);
#1177=VECTOR('',#4172,10.);
#1178=VECTOR('',#4173,10.);
#1179=VECTOR('',#4174,10.);
#1180=VECTOR('',#4177,10.);
#1181=VECTOR('',#4178,10.);
#1182=VECTOR('',#4179,10.);
#1183=VECTOR('',#4182,10.);
#1184=VECTOR('',#4183,10.);
#1185=VECTOR('',#4186,10.);
#1186=VECTOR('',#4187,10.);
#1187=VECTOR('',#4188,10.);
#1188=VECTOR('',#4191,10.);
#1189=VECTOR('',#4192,10.);
#1190=VECTOR('',#4195,10.);
#1191=VECTOR('',#4196,10.);
#1192=VECTOR('',#4199,10.);
#1193=VECTOR('',#4200,10.);
#1194=VECTOR('',#4201,10.);
#1195=VECTOR('',#4204,10.);
#1196=VECTOR('',#4205,10.);
#1197=VECTOR('',#4206,10.);
#1198=VECTOR('',#4209,10.);
#1199=VECTOR('',#4210,10.);
#1200=VECTOR('',#4211,10.);
#1201=VECTOR('',#4212,10.);
#1202=VECTOR('',#4215,10.);
#1203=VECTOR('',#4216,10.);
#1204=VECTOR('',#4217,10.);
#1205=VECTOR('',#4220,10.);
#1206=VECTOR('',#4221,10.);
#1207=VECTOR('',#4222,10.);
#1208=VECTOR('',#4225,10.);
#1209=VECTOR('',#4226,10.);
#1210=VECTOR('',#4229,10.);
#1211=VECTOR('',#4230,10.);
#1212=VECTOR('',#4235,10.);
#1213=VECTOR('',#4236,10.);
#1214=VECTOR('',#4237,10.);
#1215=VECTOR('',#4240,10.);
#1216=VECTOR('',#4243,10.);
#1217=VECTOR('',#4244,10.);
#1218=VECTOR('',#4247,10.);
#1219=VECTOR('',#4248,10.);
#1220=VECTOR('',#4249,10.);
#1221=VECTOR('',#4250,10.);
#1222=VECTOR('',#4253,10.);
#1223=VECTOR('',#4254,10.);
#1224=VECTOR('',#4255,10.);
#1225=VECTOR('',#4258,10.);
#1226=VECTOR('',#4261,10.);
#1227=VECTOR('',#4262,10.);
#1228=VECTOR('',#4263,10.);
#1229=VECTOR('',#4266,10.);
#1230=VECTOR('',#4267,10.);
#1231=VECTOR('',#4268,10.);
#1232=VECTOR('',#4271,10.);
#1233=VECTOR('',#4272,10.);
#1234=VECTOR('',#4273,10.);
#1235=VECTOR('',#4276,10.);
#1236=VECTOR('',#4279,10.);
#1237=VECTOR('',#4280,10.);
#1238=VECTOR('',#4281,10.);
#1239=VECTOR('',#4284,10.);
#1240=VECTOR('',#4285,10.);
#1241=VECTOR('',#4286,10.);
#1242=VECTOR('',#4289,10.);
#1243=VECTOR('',#4292,10.);
#1244=VECTOR('',#4293,10.);
#1245=VECTOR('',#4294,10.);
#1246=VECTOR('',#4297,10.);
#1247=VECTOR('',#4298,10.);
#1248=VECTOR('',#4299,10.);
#1249=VECTOR('',#4302,10.);
#1250=VECTOR('',#4303,10.);
#1251=VECTOR('',#4306,10.);
#1252=VECTOR('',#4307,10.);
#1253=VECTOR('',#4310,10.);
#1254=VECTOR('',#4311,10.);
#1255=VECTOR('',#4312,10.);
#1256=VECTOR('',#4315,10.);
#1257=VECTOR('',#4316,10.);
#1258=VECTOR('',#4319,10.);
#1259=VECTOR('',#4322,10.);
#1260=VECTOR('',#4323,10.);
#1261=VECTOR('',#4324,10.);
#1262=VECTOR('',#4327,10.);
#1263=VECTOR('',#4330,10.);
#1264=VECTOR('',#4331,10.);
#1265=VECTOR('',#4334,10.);
#1266=VECTOR('',#4335,10.);
#1267=VECTOR('',#4336,10.);
#1268=VECTOR('',#4339,10.);
#1269=VECTOR('',#4340,10.);
#1270=VECTOR('',#4343,10.);
#1271=VECTOR('',#4346,10.);
#1272=VECTOR('',#4347,10.);
#1273=VECTOR('',#4348,10.);
#1274=VECTOR('',#4351,10.);
#1275=VECTOR('',#4356,10.);
#1276=VECTOR('',#4361,10.);
#1277=VECTOR('',#4364,10.);
#1278=VECTOR('',#4365,10.);
#1279=VECTOR('',#4368,10.);
#1280=VECTOR('',#4371,10.);
#1281=VECTOR('',#4372,10.);
#1282=VECTOR('',#4375,10.);
#1283=VECTOR('',#4376,10.);
#1284=VECTOR('',#4379,10.);
#1285=VECTOR('',#4382,10.);
#1286=VECTOR('',#4387,10.);
#1287=VECTOR('',#4388,10.);
#1288=VECTOR('',#4389,10.);
#1289=VECTOR('',#4392,10.);
#1290=VECTOR('',#4393,10.);
#1291=VECTOR('',#4396,10.);
#1292=VECTOR('',#4397,10.);
#1293=VECTOR('',#4400,10.);
#1294=VECTOR('',#4403,10.);
#1295=VECTOR('',#4406,10.);
#1296=VECTOR('',#4407,10.);
#1297=VECTOR('',#4410,10.);
#1298=VECTOR('',#4411,10.);
#1299=VECTOR('',#4412,10.);
#1300=VECTOR('',#4417,10.);
#1301=VECTOR('',#4418,10.);
#1302=VECTOR('',#4419,10.);
#1303=VECTOR('',#4424,10.);
#1304=VECTOR('',#4429,10.);
#1305=VECTOR('',#4430,10.);
#1306=VECTOR('',#4433,10.);
#1307=VECTOR('',#4434,10.);
#1308=VECTOR('',#4437,10.);
#1309=VECTOR('',#4440,10.);
#1310=VECTOR('',#4443,10.);
#1311=VECTOR('',#4448,10.);
#1312=VECTOR('',#4451,10.);
#1313=VECTOR('',#4452,10.);
#1314=VECTOR('',#4455,10.);
#1315=VECTOR('',#4456,10.);
#1316=VECTOR('',#4459,10.);
#1317=VECTOR('',#4460,10.);
#1318=VECTOR('',#4463,10.);
#1319=VECTOR('',#4464,10.);
#1320=VECTOR('',#4467,10.);
#1321=VECTOR('',#4470,10.);
#1322=VECTOR('',#4471,10.);
#1323=VECTOR('',#4474,10.);
#1324=VECTOR('',#4475,10.);
#1325=VECTOR('',#4478,10.);
#1326=VECTOR('',#4479,10.);
#1327=VECTOR('',#4482,10.);
#1328=VECTOR('',#4483,10.);
#1329=VECTOR('',#4486,10.);
#1330=VECTOR('',#4487,10.);
#1331=VECTOR('',#4506,10.);
#1332=VECTOR('',#4507,10.);
#1333=VECTOR('',#4508,10.);
#1334=VECTOR('',#4509,10.);
#1335=VECTOR('',#4512,10.);
#1336=VECTOR('',#4513,10.);
#1337=VECTOR('',#4514,10.);
#1338=VECTOR('',#4517,10.);
#1339=VECTOR('',#4518,10.);
#1340=VECTOR('',#4519,10.);
#1341=VECTOR('',#4522,10.);
#1342=VECTOR('',#4523,10.);
#1343=VECTOR('',#4530,5.45);
#1344=VECTOR('',#4537,10.);
#1345=VECTOR('',#4538,10.);
#1346=VECTOR('',#4541,10.);
#1347=VECTOR('',#4542,10.);
#1348=VECTOR('',#4545,10.);
#1349=VECTOR('',#4546,10.);
#1350=VECTOR('',#4549,10.);
#1351=VECTOR('',#4550,10.);
#1352=VECTOR('',#4553,10.);
#1353=VECTOR('',#4558,10.);
#1354=VECTOR('',#4559,10.);
#1355=VECTOR('',#4562,10.);
#1356=VECTOR('',#4563,10.);
#1357=VECTOR('',#4566,10.);
#1358=VECTOR('',#4567,10.);
#1359=VECTOR('',#4570,10.);
#1360=VECTOR('',#4571,10.);
#1361=VECTOR('',#4574,10.);
#1362=VECTOR('',#4579,10.);
#1363=VECTOR('',#4582,10.);
#1364=VECTOR('',#4587,10.);
#1365=VECTOR('',#4590,10.);
#1366=VERTEX_POINT('',#4597);
#1367=VERTEX_POINT('',#4598);
#1368=VERTEX_POINT('',#4600);
#1369=VERTEX_POINT('',#4602);
#1370=VERTEX_POINT('',#4606);
#1371=VERTEX_POINT('',#4608);
#1372=VERTEX_POINT('',#4610);
#1373=VERTEX_POINT('',#4614);
#1374=VERTEX_POINT('',#4615);
#1375=VERTEX_POINT('',#4617);
#1376=VERTEX_POINT('',#4619);
#1377=VERTEX_POINT('',#4623);
#1378=VERTEX_POINT('',#4625);
#1379=VERTEX_POINT('',#4627);
#1380=VERTEX_POINT('',#4631);
#1381=VERTEX_POINT('',#4632);
#1382=VERTEX_POINT('',#4634);
#1383=VERTEX_POINT('',#4636);
#1384=VERTEX_POINT('',#4640);
#1385=VERTEX_POINT('',#4642);
#1386=VERTEX_POINT('',#4644);
#1387=VERTEX_POINT('',#4648);
#1388=VERTEX_POINT('',#4649);
#1389=VERTEX_POINT('',#4651);
#1390=VERTEX_POINT('',#4653);
#1391=VERTEX_POINT('',#4657);
#1392=VERTEX_POINT('',#4659);
#1393=VERTEX_POINT('',#4661);
#1394=VERTEX_POINT('',#4665);
#1395=VERTEX_POINT('',#4667);
#1396=VERTEX_POINT('',#4671);
#1397=VERTEX_POINT('',#4673);
#1398=VERTEX_POINT('',#4677);
#1399=VERTEX_POINT('',#4679);
#1400=VERTEX_POINT('',#4683);
#1401=VERTEX_POINT('',#4685);
#1402=VERTEX_POINT('',#4689);
#1403=VERTEX_POINT('',#4691);
#1404=VERTEX_POINT('',#4695);
#1405=VERTEX_POINT('',#4697);
#1406=VERTEX_POINT('',#4701);
#1407=VERTEX_POINT('',#4703);
#1408=VERTEX_POINT('',#4705);
#1409=VERTEX_POINT('',#4709);
#1410=VERTEX_POINT('',#4713);
#1411=VERTEX_POINT('',#4714);
#1412=VERTEX_POINT('',#4716);
#1413=VERTEX_POINT('',#4718);
#1414=VERTEX_POINT('',#4720);
#1415=VERTEX_POINT('',#4722);
#1416=VERTEX_POINT('',#4726);
#1417=VERTEX_POINT('',#4728);
#1418=VERTEX_POINT('',#4730);
#1419=VERTEX_POINT('',#4734);
#1420=VERTEX_POINT('',#4738);
#1421=VERTEX_POINT('',#4739);
#1422=VERTEX_POINT('',#4741);
#1423=VERTEX_POINT('',#4743);
#1424=VERTEX_POINT('',#4745);
#1425=VERTEX_POINT('',#4747);
#1426=VERTEX_POINT('',#4751);
#1427=VERTEX_POINT('',#4753);
#1428=VERTEX_POINT('',#4755);
#1429=VERTEX_POINT('',#4759);
#1430=VERTEX_POINT('',#4760);
#1431=VERTEX_POINT('',#4762);
#1432=VERTEX_POINT('',#4764);
#1433=VERTEX_POINT('',#4768);
#1434=VERTEX_POINT('',#4772);
#1435=VERTEX_POINT('',#4774);
#1436=VERTEX_POINT('',#4778);
#1437=VERTEX_POINT('',#4779);
#1438=VERTEX_POINT('',#4784);
#1439=VERTEX_POINT('',#4785);
#1440=VERTEX_POINT('',#4787);
#1441=VERTEX_POINT('',#4789);
#1442=VERTEX_POINT('',#4793);
#1443=VERTEX_POINT('',#4797);
#1444=VERTEX_POINT('',#4798);
#1445=VERTEX_POINT('',#4800);
#1446=VERTEX_POINT('',#4802);
#1447=VERTEX_POINT('',#4806);
#1448=VERTEX_POINT('',#4808);
#1449=VERTEX_POINT('',#4810);
#1450=VERTEX_POINT('',#4814);
#1451=VERTEX_POINT('',#4819);
#1452=VERTEX_POINT('',#4821);
#1453=VERTEX_POINT('',#4823);
#1454=VERTEX_POINT('',#4827);
#1455=VERTEX_POINT('',#4831);
#1456=VERTEX_POINT('',#4832);
#1457=VERTEX_POINT('',#4834);
#1458=VERTEX_POINT('',#4836);
#1459=VERTEX_POINT('',#4840);
#1460=VERTEX_POINT('',#4842);
#1461=VERTEX_POINT('',#4844);
#1462=VERTEX_POINT('',#4848);
#1463=VERTEX_POINT('',#4852);
#1464=VERTEX_POINT('',#4854);
#1465=VERTEX_POINT('',#4858);
#1466=VERTEX_POINT('',#4860);
#1467=VERTEX_POINT('',#4862);
#1468=VERTEX_POINT('',#4866);
#1469=VERTEX_POINT('',#4870);
#1470=VERTEX_POINT('',#4871);
#1471=VERTEX_POINT('',#4877);
#1472=VERTEX_POINT('',#4879);
#1473=VERTEX_POINT('',#4881);
#1474=VERTEX_POINT('',#4885);
#1475=VERTEX_POINT('',#4887);
#1476=VERTEX_POINT('',#4890);
#1477=VERTEX_POINT('',#4892);
#1478=VERTEX_POINT('',#4894);
#1479=VERTEX_POINT('',#4896);
#1480=VERTEX_POINT('',#4898);
#1481=VERTEX_POINT('',#4900);
#1482=VERTEX_POINT('',#4902);
#1483=VERTEX_POINT('',#4904);
#1484=VERTEX_POINT('',#4906);
#1485=VERTEX_POINT('',#4908);
#1486=VERTEX_POINT('',#4910);
#1487=VERTEX_POINT('',#4912);
#1488=VERTEX_POINT('',#4914);
#1489=VERTEX_POINT('',#4916);
#1490=VERTEX_POINT('',#4918);
#1491=VERTEX_POINT('',#4920);
#1492=VERTEX_POINT('',#4922);
#1493=VERTEX_POINT('',#4924);
#1494=VERTEX_POINT('',#4926);
#1495=VERTEX_POINT('',#4929);
#1496=VERTEX_POINT('',#4931);
#1497=VERTEX_POINT('',#4934);
#1498=VERTEX_POINT('',#4937);
#1499=VERTEX_POINT('',#4938);
#1500=VERTEX_POINT('',#4940);
#1501=VERTEX_POINT('',#4942);
#1502=VERTEX_POINT('',#4944);
#1503=VERTEX_POINT('',#4946);
#1504=VERTEX_POINT('',#4949);
#1505=VERTEX_POINT('',#4950);
#1506=VERTEX_POINT('',#4952);
#1507=VERTEX_POINT('',#4954);
#1508=VERTEX_POINT('',#4956);
#1509=VERTEX_POINT('',#4958);
#1510=VERTEX_POINT('',#4962);
#1511=VERTEX_POINT('',#4966);
#1512=VERTEX_POINT('',#4968);
#1513=VERTEX_POINT('',#4972);
#1514=VERTEX_POINT('',#4976);
#1515=VERTEX_POINT('',#4980);
#1516=VERTEX_POINT('',#4981);
#1517=VERTEX_POINT('',#4997);
#1518=VERTEX_POINT('',#4999);
#1519=VERTEX_POINT('',#5003);
#1520=VERTEX_POINT('',#5007);
#1521=VERTEX_POINT('',#5011);
#1522=VERTEX_POINT('',#5012);
#1523=VERTEX_POINT('',#5028);
#1524=VERTEX_POINT('',#5030);
#1525=VERTEX_POINT('',#5034);
#1526=VERTEX_POINT('',#5035);
#1527=VERTEX_POINT('',#5040);
#1528=VERTEX_POINT('',#5041);
#1529=VERTEX_POINT('',#5043);
#1530=VERTEX_POINT('',#5045);
#1531=VERTEX_POINT('',#5049);
#1532=VERTEX_POINT('',#5053);
#1533=VERTEX_POINT('',#5054);
#1534=VERTEX_POINT('',#5056);
#1535=VERTEX_POINT('',#5058);
#1536=VERTEX_POINT('',#5062);
#1537=VERTEX_POINT('',#5066);
#1538=VERTEX_POINT('',#5077);
#1539=VERTEX_POINT('',#5081);
#1540=VERTEX_POINT('',#5092);
#1541=VERTEX_POINT('',#5094);
#1542=VERTEX_POINT('',#5098);
#1543=VERTEX_POINT('',#5099);
#1544=VERTEX_POINT('',#5101);
#1545=VERTEX_POINT('',#5106);
#1546=VERTEX_POINT('',#5114);
#1547=VERTEX_POINT('',#5116);
#1548=VERTEX_POINT('',#5122);
#1549=VERTEX_POINT('',#5124);
#1550=VERTEX_POINT('',#5128);
#1551=VERTEX_POINT('',#5132);
#1552=VERTEX_POINT('',#5137);
#1553=VERTEX_POINT('',#5139);
#1554=VERTEX_POINT('',#5143);
#1555=VERTEX_POINT('',#5147);
#1556=VERTEX_POINT('',#5152);
#1557=VERTEX_POINT('',#5153);
#1558=VERTEX_POINT('',#5155);
#1559=VERTEX_POINT('',#5159);
#1560=VERTEX_POINT('',#5163);
#1561=VERTEX_POINT('',#5168);
#1562=VERTEX_POINT('',#5172);
#1563=VERTEX_POINT('',#5176);
#1564=VERTEX_POINT('',#5181);
#1565=VERTEX_POINT('',#5182);
#1566=VERTEX_POINT('',#5184);
#1567=VERTEX_POINT('',#5188);
#1568=VERTEX_POINT('',#5190);
#1569=VERTEX_POINT('',#5192);
#1570=VERTEX_POINT('',#5197);
#1571=VERTEX_POINT('',#5201);
#1572=VERTEX_POINT('',#5202);
#1573=VERTEX_POINT('',#5207);
#1574=VERTEX_POINT('',#5215);
#1575=VERTEX_POINT('',#5217);
#1576=VERTEX_POINT('',#5226);
#1577=VERTEX_POINT('',#5228);
#1578=VERTEX_POINT('',#5230);
#1579=VERTEX_POINT('',#5234);
#1580=VERTEX_POINT('',#5236);
#1581=VERTEX_POINT('',#5242);
#1582=VERTEX_POINT('',#5243);
#1583=VERTEX_POINT('',#5245);
#1584=VERTEX_POINT('',#5249);
#1585=VERTEX_POINT('',#5251);
#1586=VERTEX_POINT('',#5255);
#1587=VERTEX_POINT('',#5257);
#1588=VERTEX_POINT('',#5263);
#1589=VERTEX_POINT('',#5268);
#1590=VERTEX_POINT('',#5269);
#1591=VERTEX_POINT('',#5276);
#1592=VERTEX_POINT('',#5278);
#1593=VERTEX_POINT('',#5282);
#1594=VERTEX_POINT('',#5283);
#1595=VERTEX_POINT('',#5285);
#1596=VERTEX_POINT('',#5295);
#1597=VERTEX_POINT('',#5297);
#1598=VERTEX_POINT('',#5306);
#1599=VERTEX_POINT('',#5308);
#1600=VERTEX_POINT('',#5317);
#1601=VERTEX_POINT('',#5319);
#1602=VERTEX_POINT('',#5328);
#1603=VERTEX_POINT('',#5357);
#1604=VERTEX_POINT('',#5359);
#1605=VERTEX_POINT('',#5376);
#1606=VERTEX_POINT('',#5378);
#1607=VERTEX_POINT('',#5383);
#1608=VERTEX_POINT('',#5385);
#1609=VERTEX_POINT('',#5389);
#1610=VERTEX_POINT('',#5391);
#1611=VERTEX_POINT('',#5393);
#1612=VERTEX_POINT('',#5403);
#1613=VERTEX_POINT('',#5413);
#1614=VERTEX_POINT('',#5417);
#1615=VERTEX_POINT('',#5421);
#1616=VERTEX_POINT('',#5425);
#1617=VERTEX_POINT('',#5429);
#1618=VERTEX_POINT('',#5435);
#1619=VERTEX_POINT('',#5439);
#1620=VERTEX_POINT('',#5443);
#1621=VERTEX_POINT('',#5447);
#1622=VERTEX_POINT('',#5451);
#1623=VERTEX_POINT('',#5463);
#1624=VERTEX_POINT('',#5464);
#1625=VERTEX_POINT('',#5466);
#1626=VERTEX_POINT('',#5468);
#1627=VERTEX_POINT('',#5472);
#1628=VERTEX_POINT('',#5474);
#1629=VERTEX_POINT('',#5478);
#1630=VERTEX_POINT('',#5480);
#1631=VERTEX_POINT('',#5488);
#1632=VERTEX_POINT('',#5490);
#1633=VERTEX_POINT('',#5495);
#1634=VERTEX_POINT('',#5499);
#1635=VERTEX_POINT('',#5503);
#1636=VERTEX_POINT('',#5507);
#1637=VERTEX_POINT('',#5514);
#1638=VERTEX_POINT('',#5518);
#1639=VERTEX_POINT('',#5522);
#1640=VERTEX_POINT('',#5526);
#1641=EDGE_CURVE('',#1366,#1367,#530,.F.);
#1642=EDGE_CURVE('',#1367,#1368,#531,.T.);
#1643=EDGE_CURVE('',#1368,#1369,#532,.F.);
#1644=EDGE_CURVE('',#1369,#1366,#533,.T.);
#1645=EDGE_CURVE('',#1370,#1367,#534,.F.);
#1646=EDGE_CURVE('',#1370,#1371,#535,.T.);
#1647=EDGE_CURVE('',#1371,#1372,#536,.T.);
#1648=EDGE_CURVE('',#1372,#1368,#537,.T.);
#1649=EDGE_CURVE('',#1373,#1374,#538,.F.);
#1650=EDGE_CURVE('',#1374,#1375,#539,.T.);
#1651=EDGE_CURVE('',#1375,#1376,#540,.F.);
#1652=EDGE_CURVE('',#1376,#1373,#541,.T.);
#1653=EDGE_CURVE('',#1377,#1374,#542,.T.);
#1654=EDGE_CURVE('',#1377,#1378,#543,.T.);
#1655=EDGE_CURVE('',#1378,#1379,#544,.T.);
#1656=EDGE_CURVE('',#1375,#1379,#545,.T.);
#1657=EDGE_CURVE('',#1380,#1381,#546,.F.);
#1658=EDGE_CURVE('',#1381,#1382,#547,.T.);
#1659=EDGE_CURVE('',#1382,#1383,#548,.F.);
#1660=EDGE_CURVE('',#1383,#1380,#549,.T.);
#1661=EDGE_CURVE('',#1384,#1381,#550,.F.);
#1662=EDGE_CURVE('',#1384,#1385,#551,.T.);
#1663=EDGE_CURVE('',#1385,#1386,#552,.T.);
#1664=EDGE_CURVE('',#1386,#1382,#553,.T.);
#1665=EDGE_CURVE('',#1387,#1388,#554,.F.);
#1666=EDGE_CURVE('',#1388,#1389,#555,.T.);
#1667=EDGE_CURVE('',#1389,#1390,#556,.F.);
#1668=EDGE_CURVE('',#1390,#1387,#557,.T.);
#1669=EDGE_CURVE('',#1391,#1388,#558,.T.);
#1670=EDGE_CURVE('',#1391,#1392,#559,.T.);
#1671=EDGE_CURVE('',#1392,#1393,#560,.T.);
#1672=EDGE_CURVE('',#1389,#1393,#561,.T.);
#1673=EDGE_CURVE('',#1366,#1394,#562,.T.);
#1674=EDGE_CURVE('',#1394,#1395,#563,.F.);
#1675=EDGE_CURVE('',#1395,#1370,#564,.T.);
#1676=EDGE_CURVE('',#1369,#1396,#565,.T.);
#1677=EDGE_CURVE('',#1396,#1397,#566,.T.);
#1678=EDGE_CURVE('',#1394,#1397,#567,.T.);
#1679=EDGE_CURVE('',#1398,#1377,#568,.F.);
#1680=EDGE_CURVE('',#1373,#1399,#569,.F.);
#1681=EDGE_CURVE('',#1399,#1398,#570,.T.);
#1682=EDGE_CURVE('',#1400,#1391,#571,.F.);
#1683=EDGE_CURVE('',#1387,#1401,#572,.F.);
#1684=EDGE_CURVE('',#1401,#1400,#573,.T.);
#1685=EDGE_CURVE('',#1380,#1402,#574,.T.);
#1686=EDGE_CURVE('',#1402,#1403,#575,.F.);
#1687=EDGE_CURVE('',#1403,#1384,#576,.T.);
#1688=EDGE_CURVE('',#1383,#1404,#577,.T.);
#1689=EDGE_CURVE('',#1404,#1405,#578,.T.);
#1690=EDGE_CURVE('',#1402,#1405,#579,.T.);
#1691=EDGE_CURVE('',#1406,#1406,#50,.T.);
#1692=EDGE_CURVE('',#1406,#1407,#580,.T.);
#1693=EDGE_CURVE('',#1407,#1408,#51,.T.);
#1694=EDGE_CURVE('',#1408,#1407,#52,.T.);
#1695=EDGE_CURVE('',#1408,#1409,#581,.T.);
#1696=EDGE_CURVE('',#1409,#1409,#53,.T.);
#1697=EDGE_CURVE('',#1410,#1411,#582,.T.);
#1698=EDGE_CURVE('',#1412,#1410,#583,.T.);
#1699=EDGE_CURVE('',#1413,#1412,#584,.T.);
#1700=EDGE_CURVE('',#1414,#1413,#585,.T.);
#1701=EDGE_CURVE('',#1415,#1414,#586,.T.);
#1702=EDGE_CURVE('',#1411,#1415,#587,.T.);
#1703=EDGE_CURVE('',#1416,#1416,#54,.T.);
#1704=EDGE_CURVE('',#1416,#1417,#588,.T.);
#1705=EDGE_CURVE('',#1417,#1418,#55,.T.);
#1706=EDGE_CURVE('',#1418,#1417,#56,.T.);
#1707=EDGE_CURVE('',#1418,#1419,#589,.T.);
#1708=EDGE_CURVE('',#1419,#1419,#57,.T.);
#1709=EDGE_CURVE('',#1420,#1421,#590,.T.);
#1710=EDGE_CURVE('',#1422,#1420,#591,.T.);
#1711=EDGE_CURVE('',#1423,#1422,#592,.T.);
#1712=EDGE_CURVE('',#1424,#1423,#593,.T.);
#1713=EDGE_CURVE('',#1425,#1424,#594,.T.);
#1714=EDGE_CURVE('',#1421,#1425,#595,.T.);
#1715=EDGE_CURVE('',#1426,#1426,#58,.T.);
#1716=EDGE_CURVE('',#1426,#1427,#596,.T.);
#1717=EDGE_CURVE('',#1427,#1428,#59,.T.);
#1718=EDGE_CURVE('',#1428,#1427,#60,.T.);
#1719=EDGE_CURVE('',#1429,#1430,#597,.T.);
#1720=EDGE_CURVE('',#1429,#1431,#598,.T.);
#1721=EDGE_CURVE('',#1431,#1432,#599,.T.);
#1722=EDGE_CURVE('',#1430,#1432,#600,.T.);
#1723=EDGE_CURVE('',#1428,#1433,#601,.T.);
#1724=EDGE_CURVE('',#1433,#1433,#61,.T.);
#1725=EDGE_CURVE('',#1434,#1434,#62,.T.);
#1726=EDGE_CURVE('',#1434,#1435,#602,.T.);
#1727=EDGE_CURVE('',#1435,#1435,#63,.T.);
#1728=EDGE_CURVE('',#1436,#1437,#64,.T.);
#1729=EDGE_CURVE('',#1437,#1436,#65,.T.);
#1730=EDGE_CURVE('',#1437,#1434,#603,.T.);
#1731=EDGE_CURVE('',#1438,#1439,#604,.T.);
#1732=EDGE_CURVE('',#1440,#1438,#605,.T.);
#1733=EDGE_CURVE('',#1441,#1440,#606,.T.);
#1734=EDGE_CURVE('',#1439,#1441,#607,.T.);
#1735=EDGE_CURVE('',#1442,#1442,#66,.T.);
#1736=EDGE_CURVE('',#1442,#1436,#608,.T.);
#1737=EDGE_CURVE('',#1443,#1444,#609,.T.);
#1738=EDGE_CURVE('',#1443,#1445,#610,.T.);
#1739=EDGE_CURVE('',#1445,#1446,#611,.T.);
#1740=EDGE_CURVE('',#1444,#1446,#612,.T.);
#1741=EDGE_CURVE('',#1447,#1447,#67,.T.);
#1742=EDGE_CURVE('',#1447,#1448,#613,.T.);
#1743=EDGE_CURVE('',#1448,#1449,#68,.T.);
#1744=EDGE_CURVE('',#1449,#1448,#69,.T.);
#1745=EDGE_CURVE('',#1449,#1450,#614,.T.);
#1746=EDGE_CURVE('',#1450,#1450,#70,.T.);
#1747=EDGE_CURVE('',#1379,#1396,#615,.T.);
#1748=EDGE_CURVE('',#1451,#1372,#616,.T.);
#1749=EDGE_CURVE('',#1452,#1451,#617,.T.);
#1750=EDGE_CURVE('',#1453,#1452,#618,.T.);
#1751=EDGE_CURVE('',#1376,#1453,#619,.T.);
#1752=EDGE_CURVE('',#1454,#1454,#71,.T.);
#1753=EDGE_CURVE('',#1454,#1450,#620,.T.);
#1754=EDGE_CURVE('',#1455,#1456,#621,.T.);
#1755=EDGE_CURVE('',#1457,#1455,#622,.T.);
#1756=EDGE_CURVE('',#1457,#1458,#623,.T.);
#1757=EDGE_CURVE('',#1458,#1456,#624,.T.);
#1758=EDGE_CURVE('',#1459,#1459,#72,.T.);
#1759=EDGE_CURVE('',#1459,#1460,#625,.T.);
#1760=EDGE_CURVE('',#1460,#1461,#73,.T.);
#1761=EDGE_CURVE('',#1461,#1460,#74,.T.);
#1762=EDGE_CURVE('',#1461,#1462,#626,.T.);
#1763=EDGE_CURVE('',#1462,#1462,#75,.T.);
#1764=EDGE_CURVE('',#1463,#1378,#627,.T.);
#1765=EDGE_CURVE('',#1464,#1463,#628,.T.);
#1766=EDGE_CURVE('',#1397,#1464,#629,.T.);
#1767=EDGE_CURVE('',#1465,#1465,#76,.T.);
#1768=EDGE_CURVE('',#1465,#1466,#630,.T.);
#1769=EDGE_CURVE('',#1466,#1467,#77,.T.);
#1770=EDGE_CURVE('',#1467,#1466,#78,.T.);
#1771=EDGE_CURVE('',#1467,#1468,#631,.T.);
#1772=EDGE_CURVE('',#1468,#1468,#79,.T.);
#1773=EDGE_CURVE('',#1469,#1470,#632,.T.);
#1774=EDGE_CURVE('',#1405,#1469,#633,.T.);
#1775=EDGE_CURVE('',#1393,#1404,#634,.T.);
#1776=EDGE_CURVE('',#1470,#1392,#635,.T.);
#1777=EDGE_CURVE('',#1471,#1471,#80,.T.);
#1778=EDGE_CURVE('',#1471,#1472,#636,.T.);
#1779=EDGE_CURVE('',#1472,#1473,#81,.T.);
#1780=EDGE_CURVE('',#1473,#1472,#82,.T.);
#1781=EDGE_CURVE('',#1474,#1395,#637,.T.);
#1782=EDGE_CURVE('',#1475,#1474,#638,.T.);
#1783=EDGE_CURVE('',#1398,#1475,#639,.T.);
#1784=EDGE_CURVE('',#1476,#1399,#640,.T.);
#1785=EDGE_CURVE('',#1477,#1476,#641,.T.);
#1786=EDGE_CURVE('',#1478,#1477,#642,.T.);
#1787=EDGE_CURVE('',#1479,#1478,#643,.T.);
#1788=EDGE_CURVE('',#1480,#1479,#644,.T.);
#1789=EDGE_CURVE('',#1481,#1480,#645,.T.);
#1790=EDGE_CURVE('',#1482,#1481,#646,.T.);
#1791=EDGE_CURVE('',#1483,#1482,#647,.T.);
#1792=EDGE_CURVE('',#1484,#1483,#648,.T.);
#1793=EDGE_CURVE('',#1485,#1484,#649,.T.);
#1794=EDGE_CURVE('',#1486,#1485,#83,.T.);
#1795=EDGE_CURVE('',#1487,#1486,#650,.T.);
#1796=EDGE_CURVE('',#1488,#1487,#651,.T.);
#1797=EDGE_CURVE('',#1489,#1488,#652,.T.);
#1798=EDGE_CURVE('',#1490,#1489,#653,.T.);
#1799=EDGE_CURVE('',#1491,#1490,#654,.T.);
#1800=EDGE_CURVE('',#1492,#1491,#655,.T.);
#1801=EDGE_CURVE('',#1493,#1492,#656,.T.);
#1802=EDGE_CURVE('',#1494,#1493,#657,.T.);
#1803=EDGE_CURVE('',#1385,#1494,#658,.T.);
#1804=EDGE_CURVE('',#1495,#1403,#659,.T.);
#1805=EDGE_CURVE('',#1496,#1495,#660,.T.);
#1806=EDGE_CURVE('',#1400,#1496,#661,.T.);
#1807=EDGE_CURVE('',#1497,#1401,#662,.T.);
#1808=EDGE_CURVE('',#1371,#1497,#663,.T.);
#1809=EDGE_CURVE('',#1498,#1499,#664,.T.);
#1810=EDGE_CURVE('',#1500,#1498,#665,.T.);
#1811=EDGE_CURVE('',#1501,#1500,#666,.T.);
#1812=EDGE_CURVE('',#1502,#1501,#667,.T.);
#1813=EDGE_CURVE('',#1503,#1502,#668,.T.);
#1814=EDGE_CURVE('',#1499,#1503,#669,.T.);
#1815=EDGE_CURVE('',#1504,#1505,#670,.T.);
#1816=EDGE_CURVE('',#1506,#1504,#671,.T.);
#1817=EDGE_CURVE('',#1507,#1506,#672,.T.);
#1818=EDGE_CURVE('',#1508,#1507,#673,.T.);
#1819=EDGE_CURVE('',#1509,#1508,#674,.T.);
#1820=EDGE_CURVE('',#1505,#1509,#675,.T.);
#1821=EDGE_CURVE('',#1473,#1510,#676,.T.);
#1822=EDGE_CURVE('',#1510,#1510,#84,.T.);
#1823=EDGE_CURVE('',#1502,#1511,#677,.T.);
#1824=EDGE_CURVE('',#1511,#1512,#678,.T.);
#1825=EDGE_CURVE('',#1503,#1512,#679,.T.);
#1826=EDGE_CURVE('',#1501,#1513,#680,.T.);
#1827=EDGE_CURVE('',#1513,#1511,#681,.T.);
#1828=EDGE_CURVE('',#1500,#1514,#682,.T.);
#1829=EDGE_CURVE('',#1514,#1513,#683,.T.);
#1830=EDGE_CURVE('',#1515,#1516,#684,.T.);
#1831=EDGE_CURVE('',#1516,#1498,#685,.T.);
#1832=EDGE_CURVE('',#1499,#1515,#686,.T.);
#1833=EDGE_CURVE('',#1516,#1514,#687,.T.);
#1834=EDGE_CURVE('',#1512,#1515,#688,.T.);
#1835=EDGE_CURVE('',#1514,#1411,#689,.T.);
#1836=EDGE_CURVE('',#1513,#1415,#690,.T.);
#1837=EDGE_CURVE('',#1516,#1410,#691,.T.);
#1838=EDGE_CURVE('',#1515,#1412,#692,.T.);
#1839=EDGE_CURVE('',#1508,#1517,#693,.T.);
#1840=EDGE_CURVE('',#1517,#1518,#694,.T.);
#1841=EDGE_CURVE('',#1509,#1518,#695,.T.);
#1842=EDGE_CURVE('',#1507,#1519,#696,.T.);
#1843=EDGE_CURVE('',#1519,#1517,#697,.T.);
#1844=EDGE_CURVE('',#1506,#1520,#698,.T.);
#1845=EDGE_CURVE('',#1520,#1519,#699,.T.);
#1846=EDGE_CURVE('',#1521,#1522,#700,.T.);
#1847=EDGE_CURVE('',#1522,#1504,#701,.T.);
#1848=EDGE_CURVE('',#1505,#1521,#702,.T.);
#1849=EDGE_CURVE('',#1522,#1520,#703,.T.);
#1850=EDGE_CURVE('',#1518,#1521,#704,.T.);
#1851=EDGE_CURVE('',#1520,#1421,#705,.T.);
#1852=EDGE_CURVE('',#1519,#1425,#706,.T.);
#1853=EDGE_CURVE('',#1522,#1420,#707,.T.);
#1854=EDGE_CURVE('',#1521,#1422,#708,.T.);
#1855=EDGE_CURVE('',#1523,#1523,#85,.T.);
#1856=EDGE_CURVE('',#1523,#1524,#709,.T.);
#1857=EDGE_CURVE('',#1524,#1524,#86,.T.);
#1858=EDGE_CURVE('',#1525,#1526,#87,.T.);
#1859=EDGE_CURVE('',#1526,#1525,#88,.T.);
#1860=EDGE_CURVE('',#1526,#1524,#710,.T.);
#1861=EDGE_CURVE('',#1527,#1528,#711,.T.);
#1862=EDGE_CURVE('',#1527,#1529,#712,.T.);
#1863=EDGE_CURVE('',#1529,#1530,#713,.T.);
#1864=EDGE_CURVE('',#1528,#1530,#714,.T.);
#1865=EDGE_CURVE('',#1531,#1531,#89,.T.);
#1866=EDGE_CURVE('',#1531,#1525,#715,.T.);
#1867=EDGE_CURVE('',#1532,#1533,#716,.T.);
#1868=EDGE_CURVE('',#1534,#1532,#717,.T.);
#1869=EDGE_CURVE('',#1535,#1534,#718,.T.);
#1870=EDGE_CURVE('',#1533,#1535,#719,.T.);
#1871=EDGE_CURVE('',#1536,#1391,#720,.T.);
#1872=EDGE_CURVE('',#1496,#1536,#721,.T.);
#1873=EDGE_CURVE('',#1402,#1537,#722,.T.);
#1874=EDGE_CURVE('',#1537,#1495,#723,.T.);
#1875=EDGE_CURVE('',#1537,#1536,#724,.T.);
#1876=EDGE_CURVE('',#1536,#1470,#725,.T.);
#1877=EDGE_CURVE('',#1537,#1469,#726,.T.);
#1878=EDGE_CURVE('',#1538,#1377,#727,.T.);
#1879=EDGE_CURVE('',#1475,#1538,#728,.T.);
#1880=EDGE_CURVE('',#1474,#1539,#729,.T.);
#1881=EDGE_CURVE('',#1539,#1538,#730,.T.);
#1882=EDGE_CURVE('',#1394,#1539,#731,.T.);
#1883=EDGE_CURVE('',#1538,#1463,#732,.T.);
#1884=EDGE_CURVE('',#1539,#1464,#733,.T.);
#1885=EDGE_CURVE('',#1487,#1540,#734,.T.);
#1886=EDGE_CURVE('',#1540,#1541,#735,.T.);
#1887=EDGE_CURVE('',#1488,#1541,#736,.T.);
#1888=EDGE_CURVE('',#1542,#1543,#737,.T.);
#1889=EDGE_CURVE('',#1543,#1544,#738,.T.);
#1890=EDGE_CURVE('',#1544,#1443,#739,.T.);
#1891=EDGE_CURVE('',#1542,#1443,#740,.T.);
#1892=EDGE_CURVE('',#1430,#1545,#90,.T.);
#1893=EDGE_CURVE('',#1545,#1486,#741,.T.);
#1894=EDGE_CURVE('',#1485,#1430,#15,.T.);
#1895=EDGE_CURVE('',#1543,#1546,#742,.T.);
#1896=EDGE_CURVE('',#1546,#1547,#743,.T.);
#1897=EDGE_CURVE('',#1547,#1544,#744,.T.);
#1898=EDGE_CURVE('',#1484,#1429,#745,.T.);
#1899=EDGE_CURVE('',#1546,#1548,#746,.T.);
#1900=EDGE_CURVE('',#1548,#1549,#747,.T.);
#1901=EDGE_CURVE('',#1549,#1547,#748,.T.);
#1902=EDGE_CURVE('',#1483,#1550,#749,.T.);
#1903=EDGE_CURVE('',#1550,#1429,#750,.T.);
#1904=EDGE_CURVE('',#1551,#1527,#751,.T.);
#1905=EDGE_CURVE('',#1527,#1491,#752,.T.);
#1906=EDGE_CURVE('',#1490,#1551,#753,.T.);
#1907=EDGE_CURVE('',#1548,#1552,#754,.T.);
#1908=EDGE_CURVE('',#1552,#1553,#755,.T.);
#1909=EDGE_CURVE('',#1553,#1549,#756,.T.);
#1910=EDGE_CURVE('',#1482,#1554,#757,.T.);
#1911=EDGE_CURVE('',#1554,#1550,#758,.T.);
#1912=EDGE_CURVE('',#1555,#1528,#759,.T.);
#1913=EDGE_CURVE('',#1492,#1555,#760,.T.);
#1914=EDGE_CURVE('',#1528,#1492,#761,.T.);
#1915=EDGE_CURVE('',#1556,#1557,#762,.T.);
#1916=EDGE_CURVE('',#1558,#1556,#763,.T.);
#1917=EDGE_CURVE('',#1557,#1558,#764,.T.);
#1918=EDGE_CURVE('',#1559,#1385,#765,.T.);
#1919=EDGE_CURVE('',#1386,#1559,#766,.T.);
#1920=EDGE_CURVE('',#1560,#1493,#767,.T.);
#1921=EDGE_CURVE('',#1535,#1560,#768,.T.);
#1922=EDGE_CURVE('',#1493,#1535,#769,.T.);
#1923=EDGE_CURVE('',#1481,#1561,#770,.T.);
#1924=EDGE_CURVE('',#1561,#1554,#771,.T.);
#1925=EDGE_CURVE('',#1562,#1555,#772,.T.);
#1926=EDGE_CURVE('',#1530,#1562,#773,.T.);
#1927=EDGE_CURVE('',#1438,#1563,#774,.T.);
#1928=EDGE_CURVE('',#1497,#1438,#775,.T.);
#1929=EDGE_CURVE('',#1563,#1497,#776,.T.);
#1930=EDGE_CURVE('',#1564,#1565,#777,.T.);
#1931=EDGE_CURVE('',#1566,#1564,#778,.T.);
#1932=EDGE_CURVE('',#1565,#1566,#779,.T.);
#1933=EDGE_CURVE('',#1567,#1557,#780,.T.);
#1934=EDGE_CURVE('',#1558,#1568,#781,.T.);
#1935=EDGE_CURVE('',#1568,#1569,#782,.T.);
#1936=EDGE_CURVE('',#1569,#1567,#783,.T.);
#1937=EDGE_CURVE('',#1534,#1494,#784,.T.);
#1938=EDGE_CURVE('',#1570,#1534,#785,.T.);
#1939=EDGE_CURVE('',#1494,#1570,#786,.T.);
#1940=EDGE_CURVE('',#1571,#1572,#787,.T.);
#1941=EDGE_CURVE('',#1533,#1571,#788,.T.);
#1942=EDGE_CURVE('',#1572,#1533,#789,.T.);
#1943=EDGE_CURVE('',#1480,#1573,#790,.T.);
#1944=EDGE_CURVE('',#1573,#1561,#791,.T.);
#1945=EDGE_CURVE('',#1439,#1371,#792,.T.);
#1946=EDGE_CURVE('',#1372,#1439,#793,.T.);
#1947=EDGE_CURVE('',#1440,#1574,#794,.T.);
#1948=EDGE_CURVE('',#1575,#1440,#795,.T.);
#1949=EDGE_CURVE('',#1574,#1575,#796,.T.);
#1950=EDGE_CURVE('',#1563,#1575,#797,.T.);
#1951=EDGE_CURVE('',#1575,#1566,#798,.T.);
#1952=EDGE_CURVE('',#1564,#1574,#799,.T.);
#1953=EDGE_CURVE('',#1576,#1457,#800,.T.);
#1954=EDGE_CURVE('',#1457,#1577,#801,.T.);
#1955=EDGE_CURVE('',#1577,#1578,#802,.T.);
#1956=EDGE_CURVE('',#1578,#1576,#803,.T.);
#1957=EDGE_CURVE('',#1532,#1579,#804,.T.);
#1958=EDGE_CURVE('',#1580,#1532,#805,.T.);
#1959=EDGE_CURVE('',#1579,#1580,#806,.T.);
#1960=EDGE_CURVE('',#1571,#1580,#807,.T.);
#1961=EDGE_CURVE('',#1581,#1582,#808,.T.);
#1962=EDGE_CURVE('',#1583,#1581,#809,.T.);
#1963=EDGE_CURVE('',#1582,#1583,#810,.T.);
#1964=EDGE_CURVE('',#1584,#1479,#811,.T.);
#1965=EDGE_CURVE('',#1585,#1584,#812,.T.);
#1966=EDGE_CURVE('',#1479,#1585,#813,.T.);
#1967=EDGE_CURVE('',#1586,#1585,#814,.T.);
#1968=EDGE_CURVE('',#1584,#1587,#815,.T.);
#1969=EDGE_CURVE('',#1587,#1586,#816,.T.);
#1970=EDGE_CURVE('',#1585,#1573,#817,.T.);
#1971=EDGE_CURVE('',#1588,#1441,#818,.T.);
#1972=EDGE_CURVE('',#1451,#1588,#819,.T.);
#1973=EDGE_CURVE('',#1441,#1451,#820,.T.);
#1974=EDGE_CURVE('',#1589,#1590,#821,.T.);
#1975=EDGE_CURVE('',#1455,#1589,#822,.T.);
#1976=EDGE_CURVE('',#1590,#1455,#823,.T.);
#1977=EDGE_CURVE('',#1589,#1577,#824,.T.);
#1978=EDGE_CURVE('',#1591,#1590,#825,.T.);
#1979=EDGE_CURVE('',#1456,#1592,#826,.T.);
#1980=EDGE_CURVE('',#1592,#1591,#827,.T.);
#1981=EDGE_CURVE('',#1593,#1594,#828,.T.);
#1982=EDGE_CURVE('',#1595,#1593,#829,.T.);
#1983=EDGE_CURVE('',#1594,#1595,#830,.T.);
#1984=EDGE_CURVE('',#1593,#1579,#831,.T.);
#1985=EDGE_CURVE('',#1580,#1595,#832,.T.);
#1986=EDGE_CURVE('',#1581,#1594,#833,.T.);
#1987=EDGE_CURVE('',#1595,#1583,#834,.T.);
#1988=EDGE_CURVE('',#1596,#1478,#835,.T.);
#1989=EDGE_CURVE('',#1597,#1596,#836,.T.);
#1990=EDGE_CURVE('',#1478,#1597,#837,.T.);
#1991=EDGE_CURVE('',#1596,#1581,#838,.T.);
#1992=EDGE_CURVE('',#1582,#1597,#839,.T.);
#1993=EDGE_CURVE('',#1597,#1584,#840,.T.);
#1994=EDGE_CURVE('',#1452,#1598,#841,.T.);
#1995=EDGE_CURVE('',#1599,#1452,#842,.T.);
#1996=EDGE_CURVE('',#1598,#1599,#843,.T.);
#1997=EDGE_CURVE('',#1588,#1599,#844,.T.);
#1998=EDGE_CURVE('',#1590,#1598,#845,.T.);
#1999=EDGE_CURVE('',#1599,#1589,#846,.T.);
#2000=EDGE_CURVE('',#1600,#1477,#847,.T.);
#2001=EDGE_CURVE('',#1601,#1600,#848,.T.);
#2002=EDGE_CURVE('',#1477,#1601,#849,.T.);
#2003=EDGE_CURVE('',#1600,#1593,#850,.T.);
#2004=EDGE_CURVE('',#1594,#1601,#851,.T.);
#2005=EDGE_CURVE('',#1601,#1596,#852,.T.);
#2006=EDGE_CURVE('',#1602,#1453,#853,.T.);
#2007=EDGE_CURVE('',#1476,#1602,#854,.T.);
#2008=EDGE_CURVE('',#1453,#1476,#855,.T.);
#2009=EDGE_CURVE('',#1602,#1600,#856,.T.);
#2010=EDGE_CURVE('',#1598,#1602,#857,.T.);
#2011=EDGE_CURVE('',#1574,#1588,#858,.T.);
#2012=EDGE_CURVE('',#1572,#1582,#859,.T.);
#2013=EDGE_CURVE('',#1583,#1571,#860,.T.);
#2014=EDGE_CURVE('',#1579,#1570,#861,.T.);
#2015=EDGE_CURVE('',#1568,#1591,#862,.T.);
#2016=EDGE_CURVE('',#1592,#1569,#863,.T.);
#2017=EDGE_CURVE('',#1530,#1586,#864,.T.);
#2018=EDGE_CURVE('',#1587,#1562,#865,.T.);
#2019=EDGE_CURVE('',#1560,#1572,#866,.T.);
#2020=EDGE_CURVE('',#1570,#1559,#867,.T.);
#2021=EDGE_CURVE('',#1603,#1576,#868,.T.);
#2022=EDGE_CURVE('',#1578,#1604,#869,.T.);
#2023=EDGE_CURVE('',#1604,#1603,#870,.T.);
#2024=EDGE_CURVE('',#1566,#1386,#871,.T.);
#2025=EDGE_CURVE('',#1559,#1565,#872,.T.);
#2026=EDGE_CURVE('',#1565,#1558,#873,.T.);
#2027=EDGE_CURVE('',#1556,#1564,#874,.T.);
#2028=EDGE_CURVE('',#1390,#1563,#875,.T.);
#2029=EDGE_CURVE('',#1555,#1560,#876,.T.);
#2030=EDGE_CURVE('',#1552,#1556,#877,.T.);
#2031=EDGE_CURVE('',#1557,#1553,#878,.T.);
#2032=EDGE_CURVE('',#1605,#1603,#879,.T.);
#2033=EDGE_CURVE('',#1604,#1606,#880,.T.);
#2034=EDGE_CURVE('',#1606,#1605,#881,.T.);
#2035=EDGE_CURVE('',#1607,#1605,#882,.T.);
#2036=EDGE_CURVE('',#1606,#1608,#883,.T.);
#2037=EDGE_CURVE('',#1608,#1607,#884,.T.);
#2038=EDGE_CURVE('',#1444,#1609,#91,.T.);
#2039=EDGE_CURVE('',#1609,#1610,#885,.T.);
#2040=EDGE_CURVE('',#1610,#1611,#92,.T.);
#2041=EDGE_CURVE('',#1611,#1444,#16,.T.);
#2042=EDGE_CURVE('',#1608,#1610,#886,.T.);
#2043=EDGE_CURVE('',#1609,#1607,#887,.T.);
#2044=EDGE_CURVE('',#1612,#1551,#888,.T.);
#2045=EDGE_CURVE('',#1489,#1612,#889,.T.);
#2046=EDGE_CURVE('',#1611,#1542,#890,.T.);
#2047=EDGE_CURVE('',#1541,#1612,#891,.T.);
#2048=EDGE_CURVE('',#1545,#1540,#892,.T.);
#2049=EDGE_CURVE('',#1432,#1613,#93,.T.);
#2050=EDGE_CURVE('',#1545,#1613,#893,.T.);
#2051=EDGE_CURVE('',#1550,#1614,#894,.T.);
#2052=EDGE_CURVE('',#1614,#1431,#895,.T.);
#2053=EDGE_CURVE('',#1554,#1615,#896,.T.);
#2054=EDGE_CURVE('',#1615,#1614,#897,.T.);
#2055=EDGE_CURVE('',#1561,#1616,#898,.T.);
#2056=EDGE_CURVE('',#1616,#1615,#899,.T.);
#2057=EDGE_CURVE('',#1573,#1617,#900,.T.);
#2058=EDGE_CURVE('',#1617,#1616,#901,.T.);
#2059=EDGE_CURVE('',#1586,#1617,#902,.T.);
#2060=EDGE_CURVE('',#1576,#1618,#903,.T.);
#2061=EDGE_CURVE('',#1618,#1458,#904,.T.);
#2062=EDGE_CURVE('',#1603,#1619,#905,.T.);
#2063=EDGE_CURVE('',#1619,#1618,#906,.T.);
#2064=EDGE_CURVE('',#1605,#1620,#907,.T.);
#2065=EDGE_CURVE('',#1620,#1619,#908,.T.);
#2066=EDGE_CURVE('',#1607,#1621,#909,.T.);
#2067=EDGE_CURVE('',#1621,#1620,#910,.T.);
#2068=EDGE_CURVE('',#1609,#1622,#911,.T.);
#2069=EDGE_CURVE('',#1622,#1621,#912,.T.);
#2070=EDGE_CURVE('',#1446,#1622,#94,.T.);
#2071=EDGE_CURVE('',#1623,#1624,#913,.T.);
#2072=EDGE_CURVE('',#1623,#1625,#914,.T.);
#2073=EDGE_CURVE('',#1625,#1626,#915,.T.);
#2074=EDGE_CURVE('',#1624,#1626,#916,.T.);
#2075=EDGE_CURVE('',#1627,#1623,#917,.T.);
#2076=EDGE_CURVE('',#1627,#1628,#918,.T.);
#2077=EDGE_CURVE('',#1628,#1625,#919,.T.);
#2078=EDGE_CURVE('',#1629,#1627,#920,.T.);
#2079=EDGE_CURVE('',#1629,#1630,#921,.T.);
#2080=EDGE_CURVE('',#1630,#1628,#922,.T.);
#2081=EDGE_CURVE('',#1624,#1629,#923,.T.);
#2082=EDGE_CURVE('',#1626,#1630,#924,.T.);
#2083=EDGE_CURVE('',#1631,#1631,#95,.T.);
#2084=EDGE_CURVE('',#1631,#1632,#925,.T.);
#2085=EDGE_CURVE('',#1632,#1632,#96,.T.);
#2086=EDGE_CURVE('',#1567,#1633,#926,.T.);
#2087=EDGE_CURVE('',#1553,#1633,#927,.T.);
#2088=EDGE_CURVE('',#1544,#1634,#928,.T.);
#2089=EDGE_CURVE('',#1634,#1445,#929,.T.);
#2090=EDGE_CURVE('',#1547,#1635,#930,.T.);
#2091=EDGE_CURVE('',#1635,#1634,#931,.T.);
#2092=EDGE_CURVE('',#1549,#1636,#932,.T.);
#2093=EDGE_CURVE('',#1636,#1635,#933,.T.);
#2094=EDGE_CURVE('',#1633,#1636,#934,.T.);
#2095=EDGE_CURVE('',#1551,#1637,#935,.T.);
#2096=EDGE_CURVE('',#1637,#1529,#936,.T.);
#2097=EDGE_CURVE('',#1612,#1638,#937,.T.);
#2098=EDGE_CURVE('',#1638,#1637,#938,.T.);
#2099=EDGE_CURVE('',#1541,#1639,#939,.T.);
#2100=EDGE_CURVE('',#1639,#1638,#940,.T.);
#2101=EDGE_CURVE('',#1540,#1640,#941,.T.);
#2102=EDGE_CURVE('',#1640,#1639,#942,.T.);
#2103=EDGE_CURVE('',#1613,#1640,#943,.T.);
#2104=EDGE_CURVE('',#1518,#1423,#944,.T.);
#2105=EDGE_CURVE('',#1517,#1424,#945,.T.);
#2106=EDGE_CURVE('',#1512,#1413,#946,.T.);
#2107=EDGE_CURVE('',#1511,#1414,#947,.T.);
#2108=ORIENTED_EDGE('',*,*,#1641,.T.);
#2109=ORIENTED_EDGE('',*,*,#1642,.T.);
#2110=ORIENTED_EDGE('',*,*,#1643,.T.);
#2111=ORIENTED_EDGE('',*,*,#1644,.T.);
#2112=ORIENTED_EDGE('',*,*,#1642,.F.);
#2113=ORIENTED_EDGE('',*,*,#1645,.F.);
#2114=ORIENTED_EDGE('',*,*,#1646,.T.);
#2115=ORIENTED_EDGE('',*,*,#1647,.T.);
#2116=ORIENTED_EDGE('',*,*,#1648,.T.);
#2117=ORIENTED_EDGE('',*,*,#1649,.T.);
#2118=ORIENTED_EDGE('',*,*,#1650,.T.);
#2119=ORIENTED_EDGE('',*,*,#1651,.T.);
#2120=ORIENTED_EDGE('',*,*,#1652,.T.);
#2121=ORIENTED_EDGE('',*,*,#1650,.F.);
#2122=ORIENTED_EDGE('',*,*,#1653,.F.);
#2123=ORIENTED_EDGE('',*,*,#1654,.T.);
#2124=ORIENTED_EDGE('',*,*,#1655,.T.);
#2125=ORIENTED_EDGE('',*,*,#1656,.F.);
#2126=ORIENTED_EDGE('',*,*,#1657,.T.);
#2127=ORIENTED_EDGE('',*,*,#1658,.T.);
#2128=ORIENTED_EDGE('',*,*,#1659,.T.);
#2129=ORIENTED_EDGE('',*,*,#1660,.T.);
#2130=ORIENTED_EDGE('',*,*,#1658,.F.);
#2131=ORIENTED_EDGE('',*,*,#1661,.F.);
#2132=ORIENTED_EDGE('',*,*,#1662,.T.);
#2133=ORIENTED_EDGE('',*,*,#1663,.T.);
#2134=ORIENTED_EDGE('',*,*,#1664,.T.);
#2135=ORIENTED_EDGE('',*,*,#1665,.T.);
#2136=ORIENTED_EDGE('',*,*,#1666,.T.);
#2137=ORIENTED_EDGE('',*,*,#1667,.T.);
#2138=ORIENTED_EDGE('',*,*,#1668,.T.);
#2139=ORIENTED_EDGE('',*,*,#1666,.F.);
#2140=ORIENTED_EDGE('',*,*,#1669,.F.);
#2141=ORIENTED_EDGE('',*,*,#1670,.T.);
#2142=ORIENTED_EDGE('',*,*,#1671,.T.);
#2143=ORIENTED_EDGE('',*,*,#1672,.F.);
#2144=ORIENTED_EDGE('',*,*,#1645,.T.);
#2145=ORIENTED_EDGE('',*,*,#1641,.F.);
#2146=ORIENTED_EDGE('',*,*,#1673,.T.);
#2147=ORIENTED_EDGE('',*,*,#1674,.T.);
#2148=ORIENTED_EDGE('',*,*,#1675,.T.);
#2149=ORIENTED_EDGE('',*,*,#1644,.F.);
#2150=ORIENTED_EDGE('',*,*,#1676,.T.);
#2151=ORIENTED_EDGE('',*,*,#1677,.T.);
#2152=ORIENTED_EDGE('',*,*,#1678,.F.);
#2153=ORIENTED_EDGE('',*,*,#1673,.F.);
#2154=ORIENTED_EDGE('',*,*,#1679,.T.);
#2155=ORIENTED_EDGE('',*,*,#1653,.T.);
#2156=ORIENTED_EDGE('',*,*,#1649,.F.);
#2157=ORIENTED_EDGE('',*,*,#1680,.T.);
#2158=ORIENTED_EDGE('',*,*,#1681,.T.);
#2159=ORIENTED_EDGE('',*,*,#1682,.T.);
#2160=ORIENTED_EDGE('',*,*,#1669,.T.);
#2161=ORIENTED_EDGE('',*,*,#1665,.F.);
#2162=ORIENTED_EDGE('',*,*,#1683,.T.);
#2163=ORIENTED_EDGE('',*,*,#1684,.T.);
#2164=ORIENTED_EDGE('',*,*,#1661,.T.);
#2165=ORIENTED_EDGE('',*,*,#1657,.F.);
#2166=ORIENTED_EDGE('',*,*,#1685,.T.);
#2167=ORIENTED_EDGE('',*,*,#1686,.T.);
#2168=ORIENTED_EDGE('',*,*,#1687,.T.);
#2169=ORIENTED_EDGE('',*,*,#1660,.F.);
#2170=ORIENTED_EDGE('',*,*,#1688,.T.);
#2171=ORIENTED_EDGE('',*,*,#1689,.T.);
#2172=ORIENTED_EDGE('',*,*,#1690,.F.);
#2173=ORIENTED_EDGE('',*,*,#1685,.F.);
#2174=ORIENTED_EDGE('',*,*,#1691,.T.);
#2175=ORIENTED_EDGE('',*,*,#1692,.T.);
#2176=ORIENTED_EDGE('',*,*,#1693,.T.);
#2177=ORIENTED_EDGE('',*,*,#1694,.T.);
#2178=ORIENTED_EDGE('',*,*,#1692,.F.);
#2179=ORIENTED_EDGE('',*,*,#1693,.F.);
#2180=ORIENTED_EDGE('',*,*,#1694,.F.);
#2181=ORIENTED_EDGE('',*,*,#1695,.T.);
#2182=ORIENTED_EDGE('',*,*,#1696,.F.);
#2183=ORIENTED_EDGE('',*,*,#1695,.F.);
#2184=ORIENTED_EDGE('',*,*,#1697,.F.);
#2185=ORIENTED_EDGE('',*,*,#1698,.F.);
#2186=ORIENTED_EDGE('',*,*,#1699,.F.);
#2187=ORIENTED_EDGE('',*,*,#1700,.F.);
#2188=ORIENTED_EDGE('',*,*,#1701,.F.);
#2189=ORIENTED_EDGE('',*,*,#1702,.F.);
#2190=ORIENTED_EDGE('',*,*,#1691,.F.);
#2191=ORIENTED_EDGE('',*,*,#1703,.T.);
#2192=ORIENTED_EDGE('',*,*,#1704,.T.);
#2193=ORIENTED_EDGE('',*,*,#1705,.T.);
#2194=ORIENTED_EDGE('',*,*,#1706,.T.);
#2195=ORIENTED_EDGE('',*,*,#1704,.F.);
#2196=ORIENTED_EDGE('',*,*,#1705,.F.);
#2197=ORIENTED_EDGE('',*,*,#1706,.F.);
#2198=ORIENTED_EDGE('',*,*,#1707,.T.);
#2199=ORIENTED_EDGE('',*,*,#1708,.F.);
#2200=ORIENTED_EDGE('',*,*,#1707,.F.);
#2201=ORIENTED_EDGE('',*,*,#1709,.F.);
#2202=ORIENTED_EDGE('',*,*,#1710,.F.);
#2203=ORIENTED_EDGE('',*,*,#1711,.F.);
#2204=ORIENTED_EDGE('',*,*,#1712,.F.);
#2205=ORIENTED_EDGE('',*,*,#1713,.F.);
#2206=ORIENTED_EDGE('',*,*,#1714,.F.);
#2207=ORIENTED_EDGE('',*,*,#1703,.F.);
#2208=ORIENTED_EDGE('',*,*,#1715,.T.);
#2209=ORIENTED_EDGE('',*,*,#1716,.T.);
#2210=ORIENTED_EDGE('',*,*,#1717,.T.);
#2211=ORIENTED_EDGE('',*,*,#1718,.T.);
#2212=ORIENTED_EDGE('',*,*,#1716,.F.);
#2213=ORIENTED_EDGE('',*,*,#1719,.F.);
#2214=ORIENTED_EDGE('',*,*,#1720,.T.);
#2215=ORIENTED_EDGE('',*,*,#1721,.T.);
#2216=ORIENTED_EDGE('',*,*,#1722,.F.);
#2217=ORIENTED_EDGE('',*,*,#1715,.F.);
#2218=ORIENTED_EDGE('',*,*,#1717,.F.);
#2219=ORIENTED_EDGE('',*,*,#1718,.F.);
#2220=ORIENTED_EDGE('',*,*,#1723,.T.);
#2221=ORIENTED_EDGE('',*,*,#1724,.F.);
#2222=ORIENTED_EDGE('',*,*,#1723,.F.);
#2223=ORIENTED_EDGE('',*,*,#1725,.T.);
#2224=ORIENTED_EDGE('',*,*,#1726,.T.);
#2225=ORIENTED_EDGE('',*,*,#1727,.T.);
#2226=ORIENTED_EDGE('',*,*,#1726,.F.);
#2227=ORIENTED_EDGE('',*,*,#1728,.F.);
#2228=ORIENTED_EDGE('',*,*,#1729,.F.);
#2229=ORIENTED_EDGE('',*,*,#1730,.T.);
#2230=ORIENTED_EDGE('',*,*,#1725,.F.);
#2231=ORIENTED_EDGE('',*,*,#1730,.F.);
#2232=ORIENTED_EDGE('',*,*,#1731,.F.);
#2233=ORIENTED_EDGE('',*,*,#1732,.F.);
#2234=ORIENTED_EDGE('',*,*,#1733,.F.);
#2235=ORIENTED_EDGE('',*,*,#1734,.F.);
#2236=ORIENTED_EDGE('',*,*,#1727,.F.);
#2237=ORIENTED_EDGE('',*,*,#1735,.T.);
#2238=ORIENTED_EDGE('',*,*,#1736,.T.);
#2239=ORIENTED_EDGE('',*,*,#1728,.T.);
#2240=ORIENTED_EDGE('',*,*,#1729,.T.);
#2241=ORIENTED_EDGE('',*,*,#1736,.F.);
#2242=ORIENTED_EDGE('',*,*,#1737,.F.);
#2243=ORIENTED_EDGE('',*,*,#1738,.T.);
#2244=ORIENTED_EDGE('',*,*,#1739,.T.);
#2245=ORIENTED_EDGE('',*,*,#1740,.F.);
#2246=ORIENTED_EDGE('',*,*,#1735,.F.);
#2247=ORIENTED_EDGE('',*,*,#1741,.T.);
#2248=ORIENTED_EDGE('',*,*,#1742,.T.);
#2249=ORIENTED_EDGE('',*,*,#1743,.T.);
#2250=ORIENTED_EDGE('',*,*,#1744,.T.);
#2251=ORIENTED_EDGE('',*,*,#1742,.F.);
#2252=ORIENTED_EDGE('',*,*,#1743,.F.);
#2253=ORIENTED_EDGE('',*,*,#1744,.F.);
#2254=ORIENTED_EDGE('',*,*,#1745,.T.);
#2255=ORIENTED_EDGE('',*,*,#1746,.F.);
#2256=ORIENTED_EDGE('',*,*,#1745,.F.);
#2257=ORIENTED_EDGE('',*,*,#1656,.T.);
#2258=ORIENTED_EDGE('',*,*,#1747,.T.);
#2259=ORIENTED_EDGE('',*,*,#1676,.F.);
#2260=ORIENTED_EDGE('',*,*,#1643,.F.);
#2261=ORIENTED_EDGE('',*,*,#1648,.F.);
#2262=ORIENTED_EDGE('',*,*,#1748,.F.);
#2263=ORIENTED_EDGE('',*,*,#1749,.F.);
#2264=ORIENTED_EDGE('',*,*,#1750,.F.);
#2265=ORIENTED_EDGE('',*,*,#1751,.F.);
#2266=ORIENTED_EDGE('',*,*,#1651,.F.);
#2267=ORIENTED_EDGE('',*,*,#1741,.F.);
#2268=ORIENTED_EDGE('',*,*,#1752,.T.);
#2269=ORIENTED_EDGE('',*,*,#1753,.T.);
#2270=ORIENTED_EDGE('',*,*,#1746,.T.);
#2271=ORIENTED_EDGE('',*,*,#1753,.F.);
#2272=ORIENTED_EDGE('',*,*,#1754,.F.);
#2273=ORIENTED_EDGE('',*,*,#1755,.F.);
#2274=ORIENTED_EDGE('',*,*,#1756,.T.);
#2275=ORIENTED_EDGE('',*,*,#1757,.T.);
#2276=ORIENTED_EDGE('',*,*,#1752,.F.);
#2277=ORIENTED_EDGE('',*,*,#1758,.T.);
#2278=ORIENTED_EDGE('',*,*,#1759,.T.);
#2279=ORIENTED_EDGE('',*,*,#1760,.T.);
#2280=ORIENTED_EDGE('',*,*,#1761,.T.);
#2281=ORIENTED_EDGE('',*,*,#1759,.F.);
#2282=ORIENTED_EDGE('',*,*,#1760,.F.);
#2283=ORIENTED_EDGE('',*,*,#1761,.F.);
#2284=ORIENTED_EDGE('',*,*,#1762,.T.);
#2285=ORIENTED_EDGE('',*,*,#1763,.F.);
#2286=ORIENTED_EDGE('',*,*,#1762,.F.);
#2287=ORIENTED_EDGE('',*,*,#1747,.F.);
#2288=ORIENTED_EDGE('',*,*,#1655,.F.);
#2289=ORIENTED_EDGE('',*,*,#1764,.F.);
#2290=ORIENTED_EDGE('',*,*,#1765,.F.);
#2291=ORIENTED_EDGE('',*,*,#1766,.F.);
#2292=ORIENTED_EDGE('',*,*,#1677,.F.);
#2293=ORIENTED_EDGE('',*,*,#1758,.F.);
#2294=ORIENTED_EDGE('',*,*,#1767,.T.);
#2295=ORIENTED_EDGE('',*,*,#1768,.T.);
#2296=ORIENTED_EDGE('',*,*,#1769,.T.);
#2297=ORIENTED_EDGE('',*,*,#1770,.T.);
#2298=ORIENTED_EDGE('',*,*,#1768,.F.);
#2299=ORIENTED_EDGE('',*,*,#1769,.F.);
#2300=ORIENTED_EDGE('',*,*,#1770,.F.);
#2301=ORIENTED_EDGE('',*,*,#1771,.T.);
#2302=ORIENTED_EDGE('',*,*,#1772,.F.);
#2303=ORIENTED_EDGE('',*,*,#1771,.F.);
#2304=ORIENTED_EDGE('',*,*,#1773,.F.);
#2305=ORIENTED_EDGE('',*,*,#1774,.F.);
#2306=ORIENTED_EDGE('',*,*,#1689,.F.);
#2307=ORIENTED_EDGE('',*,*,#1775,.F.);
#2308=ORIENTED_EDGE('',*,*,#1671,.F.);
#2309=ORIENTED_EDGE('',*,*,#1776,.F.);
#2310=ORIENTED_EDGE('',*,*,#1767,.F.);
#2311=ORIENTED_EDGE('',*,*,#1777,.T.);
#2312=ORIENTED_EDGE('',*,*,#1778,.T.);
#2313=ORIENTED_EDGE('',*,*,#1779,.T.);
#2314=ORIENTED_EDGE('',*,*,#1780,.T.);
#2315=ORIENTED_EDGE('',*,*,#1778,.F.);
#2316=ORIENTED_EDGE('',*,*,#1781,.F.);
#2317=ORIENTED_EDGE('',*,*,#1782,.F.);
#2318=ORIENTED_EDGE('',*,*,#1783,.F.);
#2319=ORIENTED_EDGE('',*,*,#1681,.F.);
#2320=ORIENTED_EDGE('',*,*,#1784,.F.);
#2321=ORIENTED_EDGE('',*,*,#1785,.F.);
#2322=ORIENTED_EDGE('',*,*,#1786,.F.);
#2323=ORIENTED_EDGE('',*,*,#1787,.F.);
#2324=ORIENTED_EDGE('',*,*,#1788,.F.);
#2325=ORIENTED_EDGE('',*,*,#1789,.F.);
#2326=ORIENTED_EDGE('',*,*,#1790,.F.);
#2327=ORIENTED_EDGE('',*,*,#1791,.F.);
#2328=ORIENTED_EDGE('',*,*,#1792,.F.);
#2329=ORIENTED_EDGE('',*,*,#1793,.F.);
#2330=ORIENTED_EDGE('',*,*,#1794,.F.);
#2331=ORIENTED_EDGE('',*,*,#1795,.F.);
#2332=ORIENTED_EDGE('',*,*,#1796,.F.);
#2333=ORIENTED_EDGE('',*,*,#1797,.F.);
#2334=ORIENTED_EDGE('',*,*,#1798,.F.);
#2335=ORIENTED_EDGE('',*,*,#1799,.F.);
#2336=ORIENTED_EDGE('',*,*,#1800,.F.);
#2337=ORIENTED_EDGE('',*,*,#1801,.F.);
#2338=ORIENTED_EDGE('',*,*,#1802,.F.);
#2339=ORIENTED_EDGE('',*,*,#1803,.F.);
#2340=ORIENTED_EDGE('',*,*,#1662,.F.);
#2341=ORIENTED_EDGE('',*,*,#1687,.F.);
#2342=ORIENTED_EDGE('',*,*,#1804,.F.);
#2343=ORIENTED_EDGE('',*,*,#1805,.F.);
#2344=ORIENTED_EDGE('',*,*,#1806,.F.);
#2345=ORIENTED_EDGE('',*,*,#1684,.F.);
#2346=ORIENTED_EDGE('',*,*,#1807,.F.);
#2347=ORIENTED_EDGE('',*,*,#1808,.F.);
#2348=ORIENTED_EDGE('',*,*,#1646,.F.);
#2349=ORIENTED_EDGE('',*,*,#1675,.F.);
#2350=ORIENTED_EDGE('',*,*,#1809,.F.);
#2351=ORIENTED_EDGE('',*,*,#1810,.F.);
#2352=ORIENTED_EDGE('',*,*,#1811,.F.);
#2353=ORIENTED_EDGE('',*,*,#1812,.F.);
#2354=ORIENTED_EDGE('',*,*,#1813,.F.);
#2355=ORIENTED_EDGE('',*,*,#1814,.F.);
#2356=ORIENTED_EDGE('',*,*,#1815,.F.);
#2357=ORIENTED_EDGE('',*,*,#1816,.F.);
#2358=ORIENTED_EDGE('',*,*,#1817,.F.);
#2359=ORIENTED_EDGE('',*,*,#1818,.F.);
#2360=ORIENTED_EDGE('',*,*,#1819,.F.);
#2361=ORIENTED_EDGE('',*,*,#1820,.F.);
#2362=ORIENTED_EDGE('',*,*,#1777,.F.);
#2363=ORIENTED_EDGE('',*,*,#1779,.F.);
#2364=ORIENTED_EDGE('',*,*,#1780,.F.);
#2365=ORIENTED_EDGE('',*,*,#1821,.T.);
#2366=ORIENTED_EDGE('',*,*,#1822,.T.);
#2367=ORIENTED_EDGE('',*,*,#1821,.F.);
#2368=ORIENTED_EDGE('',*,*,#1813,.T.);
#2369=ORIENTED_EDGE('',*,*,#1823,.T.);
#2370=ORIENTED_EDGE('',*,*,#1824,.T.);
#2371=ORIENTED_EDGE('',*,*,#1825,.F.);
#2372=ORIENTED_EDGE('',*,*,#1812,.T.);
#2373=ORIENTED_EDGE('',*,*,#1826,.T.);
#2374=ORIENTED_EDGE('',*,*,#1827,.T.);
#2375=ORIENTED_EDGE('',*,*,#1823,.F.);
#2376=ORIENTED_EDGE('',*,*,#1811,.T.);
#2377=ORIENTED_EDGE('',*,*,#1828,.T.);
#2378=ORIENTED_EDGE('',*,*,#1829,.T.);
#2379=ORIENTED_EDGE('',*,*,#1826,.F.);
#2380=ORIENTED_EDGE('',*,*,#1830,.T.);
#2381=ORIENTED_EDGE('',*,*,#1831,.T.);
#2382=ORIENTED_EDGE('',*,*,#1809,.T.);
#2383=ORIENTED_EDGE('',*,*,#1832,.T.);
#2384=ORIENTED_EDGE('',*,*,#1810,.T.);
#2385=ORIENTED_EDGE('',*,*,#1831,.F.);
#2386=ORIENTED_EDGE('',*,*,#1833,.T.);
#2387=ORIENTED_EDGE('',*,*,#1828,.F.);
#2388=ORIENTED_EDGE('',*,*,#1834,.T.);
#2389=ORIENTED_EDGE('',*,*,#1832,.F.);
#2390=ORIENTED_EDGE('',*,*,#1814,.T.);
#2391=ORIENTED_EDGE('',*,*,#1825,.T.);
#2392=ORIENTED_EDGE('',*,*,#1829,.F.);
#2393=ORIENTED_EDGE('',*,*,#1835,.T.);
#2394=ORIENTED_EDGE('',*,*,#1702,.T.);
#2395=ORIENTED_EDGE('',*,*,#1836,.F.);
#2396=ORIENTED_EDGE('',*,*,#1833,.F.);
#2397=ORIENTED_EDGE('',*,*,#1837,.T.);
#2398=ORIENTED_EDGE('',*,*,#1697,.T.);
#2399=ORIENTED_EDGE('',*,*,#1835,.F.);
#2400=ORIENTED_EDGE('',*,*,#1830,.F.);
#2401=ORIENTED_EDGE('',*,*,#1838,.T.);
#2402=ORIENTED_EDGE('',*,*,#1698,.T.);
#2403=ORIENTED_EDGE('',*,*,#1837,.F.);
#2404=ORIENTED_EDGE('',*,*,#1819,.T.);
#2405=ORIENTED_EDGE('',*,*,#1839,.T.);
#2406=ORIENTED_EDGE('',*,*,#1840,.T.);
#2407=ORIENTED_EDGE('',*,*,#1841,.F.);
#2408=ORIENTED_EDGE('',*,*,#1818,.T.);
#2409=ORIENTED_EDGE('',*,*,#1842,.T.);
#2410=ORIENTED_EDGE('',*,*,#1843,.T.);
#2411=ORIENTED_EDGE('',*,*,#1839,.F.);
#2412=ORIENTED_EDGE('',*,*,#1817,.T.);
#2413=ORIENTED_EDGE('',*,*,#1844,.T.);
#2414=ORIENTED_EDGE('',*,*,#1845,.T.);
#2415=ORIENTED_EDGE('',*,*,#1842,.F.);
#2416=ORIENTED_EDGE('',*,*,#1846,.T.);
#2417=ORIENTED_EDGE('',*,*,#1847,.T.);
#2418=ORIENTED_EDGE('',*,*,#1815,.T.);
#2419=ORIENTED_EDGE('',*,*,#1848,.T.);
#2420=ORIENTED_EDGE('',*,*,#1816,.T.);
#2421=ORIENTED_EDGE('',*,*,#1847,.F.);
#2422=ORIENTED_EDGE('',*,*,#1849,.T.);
#2423=ORIENTED_EDGE('',*,*,#1844,.F.);
#2424=ORIENTED_EDGE('',*,*,#1850,.T.);
#2425=ORIENTED_EDGE('',*,*,#1848,.F.);
#2426=ORIENTED_EDGE('',*,*,#1820,.T.);
#2427=ORIENTED_EDGE('',*,*,#1841,.T.);
#2428=ORIENTED_EDGE('',*,*,#1845,.F.);
#2429=ORIENTED_EDGE('',*,*,#1851,.T.);
#2430=ORIENTED_EDGE('',*,*,#1714,.T.);
#2431=ORIENTED_EDGE('',*,*,#1852,.F.);
#2432=ORIENTED_EDGE('',*,*,#1849,.F.);
#2433=ORIENTED_EDGE('',*,*,#1853,.T.);
#2434=ORIENTED_EDGE('',*,*,#1709,.T.);
#2435=ORIENTED_EDGE('',*,*,#1851,.F.);
#2436=ORIENTED_EDGE('',*,*,#1846,.F.);
#2437=ORIENTED_EDGE('',*,*,#1854,.T.);
#2438=ORIENTED_EDGE('',*,*,#1710,.T.);
#2439=ORIENTED_EDGE('',*,*,#1853,.F.);
#2440=ORIENTED_EDGE('',*,*,#1855,.T.);
#2441=ORIENTED_EDGE('',*,*,#1856,.T.);
#2442=ORIENTED_EDGE('',*,*,#1857,.T.);
#2443=ORIENTED_EDGE('',*,*,#1856,.F.);
#2444=ORIENTED_EDGE('',*,*,#1858,.F.);
#2445=ORIENTED_EDGE('',*,*,#1859,.F.);
#2446=ORIENTED_EDGE('',*,*,#1860,.T.);
#2447=ORIENTED_EDGE('',*,*,#1857,.F.);
#2448=ORIENTED_EDGE('',*,*,#1860,.F.);
#2449=ORIENTED_EDGE('',*,*,#1861,.F.);
#2450=ORIENTED_EDGE('',*,*,#1862,.T.);
#2451=ORIENTED_EDGE('',*,*,#1863,.T.);
#2452=ORIENTED_EDGE('',*,*,#1864,.F.);
#2453=ORIENTED_EDGE('',*,*,#1855,.F.);
#2454=ORIENTED_EDGE('',*,*,#1865,.T.);
#2455=ORIENTED_EDGE('',*,*,#1866,.T.);
#2456=ORIENTED_EDGE('',*,*,#1858,.T.);
#2457=ORIENTED_EDGE('',*,*,#1859,.T.);
#2458=ORIENTED_EDGE('',*,*,#1866,.F.);
#2459=ORIENTED_EDGE('',*,*,#1867,.F.);
#2460=ORIENTED_EDGE('',*,*,#1868,.F.);
#2461=ORIENTED_EDGE('',*,*,#1869,.F.);
#2462=ORIENTED_EDGE('',*,*,#1870,.F.);
#2463=ORIENTED_EDGE('',*,*,#1865,.F.);
#2464=ORIENTED_EDGE('',*,*,#1871,.T.);
#2465=ORIENTED_EDGE('',*,*,#1682,.F.);
#2466=ORIENTED_EDGE('',*,*,#1806,.T.);
#2467=ORIENTED_EDGE('',*,*,#1872,.T.);
#2468=ORIENTED_EDGE('',*,*,#1804,.T.);
#2469=ORIENTED_EDGE('',*,*,#1686,.F.);
#2470=ORIENTED_EDGE('',*,*,#1873,.T.);
#2471=ORIENTED_EDGE('',*,*,#1874,.T.);
#2472=ORIENTED_EDGE('',*,*,#1805,.T.);
#2473=ORIENTED_EDGE('',*,*,#1874,.F.);
#2474=ORIENTED_EDGE('',*,*,#1875,.T.);
#2475=ORIENTED_EDGE('',*,*,#1872,.F.);
#2476=ORIENTED_EDGE('',*,*,#1871,.F.);
#2477=ORIENTED_EDGE('',*,*,#1876,.T.);
#2478=ORIENTED_EDGE('',*,*,#1776,.T.);
#2479=ORIENTED_EDGE('',*,*,#1670,.F.);
#2480=ORIENTED_EDGE('',*,*,#1875,.F.);
#2481=ORIENTED_EDGE('',*,*,#1877,.T.);
#2482=ORIENTED_EDGE('',*,*,#1773,.T.);
#2483=ORIENTED_EDGE('',*,*,#1876,.F.);
#2484=ORIENTED_EDGE('',*,*,#1873,.F.);
#2485=ORIENTED_EDGE('',*,*,#1690,.T.);
#2486=ORIENTED_EDGE('',*,*,#1774,.T.);
#2487=ORIENTED_EDGE('',*,*,#1877,.F.);
#2488=ORIENTED_EDGE('',*,*,#1878,.T.);
#2489=ORIENTED_EDGE('',*,*,#1679,.F.);
#2490=ORIENTED_EDGE('',*,*,#1783,.T.);
#2491=ORIENTED_EDGE('',*,*,#1879,.T.);
#2492=ORIENTED_EDGE('',*,*,#1782,.T.);
#2493=ORIENTED_EDGE('',*,*,#1880,.T.);
#2494=ORIENTED_EDGE('',*,*,#1881,.T.);
#2495=ORIENTED_EDGE('',*,*,#1879,.F.);
#2496=ORIENTED_EDGE('',*,*,#1781,.T.);
#2497=ORIENTED_EDGE('',*,*,#1674,.F.);
#2498=ORIENTED_EDGE('',*,*,#1882,.T.);
#2499=ORIENTED_EDGE('',*,*,#1880,.F.);
#2500=ORIENTED_EDGE('',*,*,#1878,.F.);
#2501=ORIENTED_EDGE('',*,*,#1883,.T.);
#2502=ORIENTED_EDGE('',*,*,#1764,.T.);
#2503=ORIENTED_EDGE('',*,*,#1654,.F.);
#2504=ORIENTED_EDGE('',*,*,#1881,.F.);
#2505=ORIENTED_EDGE('',*,*,#1884,.T.);
#2506=ORIENTED_EDGE('',*,*,#1765,.T.);
#2507=ORIENTED_EDGE('',*,*,#1883,.F.);
#2508=ORIENTED_EDGE('',*,*,#1882,.F.);
#2509=ORIENTED_EDGE('',*,*,#1678,.T.);
#2510=ORIENTED_EDGE('',*,*,#1766,.T.);
#2511=ORIENTED_EDGE('',*,*,#1884,.F.);
#2512=ORIENTED_EDGE('',*,*,#1796,.T.);
#2513=ORIENTED_EDGE('',*,*,#1885,.T.);
#2514=ORIENTED_EDGE('',*,*,#1886,.T.);
#2515=ORIENTED_EDGE('',*,*,#1887,.F.);
#2516=ORIENTED_EDGE('',*,*,#1888,.T.);
#2517=ORIENTED_EDGE('',*,*,#1889,.T.);
#2518=ORIENTED_EDGE('',*,*,#1890,.T.);
#2519=ORIENTED_EDGE('',*,*,#1891,.F.);
#2520=ORIENTED_EDGE('',*,*,#1892,.T.);
#2521=ORIENTED_EDGE('',*,*,#1893,.T.);
#2522=ORIENTED_EDGE('',*,*,#1794,.T.);
#2523=ORIENTED_EDGE('',*,*,#1894,.T.);
#2524=ORIENTED_EDGE('',*,*,#1895,.T.);
#2525=ORIENTED_EDGE('',*,*,#1896,.T.);
#2526=ORIENTED_EDGE('',*,*,#1897,.T.);
#2527=ORIENTED_EDGE('',*,*,#1889,.F.);
#2528=ORIENTED_EDGE('',*,*,#1793,.T.);
#2529=ORIENTED_EDGE('',*,*,#1898,.T.);
#2530=ORIENTED_EDGE('',*,*,#1719,.T.);
#2531=ORIENTED_EDGE('',*,*,#1894,.F.);
#2532=ORIENTED_EDGE('',*,*,#1899,.T.);
#2533=ORIENTED_EDGE('',*,*,#1900,.T.);
#2534=ORIENTED_EDGE('',*,*,#1901,.T.);
#2535=ORIENTED_EDGE('',*,*,#1896,.F.);
#2536=ORIENTED_EDGE('',*,*,#1792,.T.);
#2537=ORIENTED_EDGE('',*,*,#1902,.T.);
#2538=ORIENTED_EDGE('',*,*,#1903,.T.);
#2539=ORIENTED_EDGE('',*,*,#1898,.F.);
#2540=ORIENTED_EDGE('',*,*,#1904,.T.);
#2541=ORIENTED_EDGE('',*,*,#1905,.T.);
#2542=ORIENTED_EDGE('',*,*,#1799,.T.);
#2543=ORIENTED_EDGE('',*,*,#1906,.T.);
#2544=ORIENTED_EDGE('',*,*,#1907,.T.);
#2545=ORIENTED_EDGE('',*,*,#1908,.T.);
#2546=ORIENTED_EDGE('',*,*,#1909,.T.);
#2547=ORIENTED_EDGE('',*,*,#1900,.F.);
#2548=ORIENTED_EDGE('',*,*,#1791,.T.);
#2549=ORIENTED_EDGE('',*,*,#1910,.T.);
#2550=ORIENTED_EDGE('',*,*,#1911,.T.);
#2551=ORIENTED_EDGE('',*,*,#1902,.F.);
#2552=ORIENTED_EDGE('',*,*,#1912,.F.);
#2553=ORIENTED_EDGE('',*,*,#1913,.F.);
#2554=ORIENTED_EDGE('',*,*,#1914,.F.);
#2555=ORIENTED_EDGE('',*,*,#1915,.F.);
#2556=ORIENTED_EDGE('',*,*,#1916,.F.);
#2557=ORIENTED_EDGE('',*,*,#1917,.F.);
#2558=ORIENTED_EDGE('',*,*,#1663,.F.);
#2559=ORIENTED_EDGE('',*,*,#1918,.F.);
#2560=ORIENTED_EDGE('',*,*,#1919,.F.);
#2561=ORIENTED_EDGE('',*,*,#1920,.F.);
#2562=ORIENTED_EDGE('',*,*,#1921,.F.);
#2563=ORIENTED_EDGE('',*,*,#1922,.F.);
#2564=ORIENTED_EDGE('',*,*,#1790,.T.);
#2565=ORIENTED_EDGE('',*,*,#1923,.T.);
#2566=ORIENTED_EDGE('',*,*,#1924,.T.);
#2567=ORIENTED_EDGE('',*,*,#1910,.F.);
#2568=ORIENTED_EDGE('',*,*,#1925,.T.);
#2569=ORIENTED_EDGE('',*,*,#1912,.T.);
#2570=ORIENTED_EDGE('',*,*,#1864,.T.);
#2571=ORIENTED_EDGE('',*,*,#1926,.T.);
#2572=ORIENTED_EDGE('',*,*,#1927,.F.);
#2573=ORIENTED_EDGE('',*,*,#1928,.F.);
#2574=ORIENTED_EDGE('',*,*,#1929,.F.);
#2575=ORIENTED_EDGE('',*,*,#1930,.F.);
#2576=ORIENTED_EDGE('',*,*,#1931,.F.);
#2577=ORIENTED_EDGE('',*,*,#1932,.F.);
#2578=ORIENTED_EDGE('',*,*,#1933,.T.);
#2579=ORIENTED_EDGE('',*,*,#1917,.T.);
#2580=ORIENTED_EDGE('',*,*,#1934,.T.);
#2581=ORIENTED_EDGE('',*,*,#1935,.T.);
#2582=ORIENTED_EDGE('',*,*,#1936,.T.);
#2583=ORIENTED_EDGE('',*,*,#1937,.F.);
#2584=ORIENTED_EDGE('',*,*,#1938,.F.);
#2585=ORIENTED_EDGE('',*,*,#1939,.F.);
#2586=ORIENTED_EDGE('',*,*,#1940,.F.);
#2587=ORIENTED_EDGE('',*,*,#1941,.F.);
#2588=ORIENTED_EDGE('',*,*,#1942,.F.);
#2589=ORIENTED_EDGE('',*,*,#1789,.T.);
#2590=ORIENTED_EDGE('',*,*,#1943,.T.);
#2591=ORIENTED_EDGE('',*,*,#1944,.T.);
#2592=ORIENTED_EDGE('',*,*,#1923,.F.);
#2593=ORIENTED_EDGE('',*,*,#1647,.F.);
#2594=ORIENTED_EDGE('',*,*,#1945,.F.);
#2595=ORIENTED_EDGE('',*,*,#1946,.F.);
#2596=ORIENTED_EDGE('',*,*,#1945,.T.);
#2597=ORIENTED_EDGE('',*,*,#1808,.T.);
#2598=ORIENTED_EDGE('',*,*,#1928,.T.);
#2599=ORIENTED_EDGE('',*,*,#1731,.T.);
#2600=ORIENTED_EDGE('',*,*,#1947,.F.);
#2601=ORIENTED_EDGE('',*,*,#1948,.F.);
#2602=ORIENTED_EDGE('',*,*,#1949,.F.);
#2603=ORIENTED_EDGE('',*,*,#1927,.T.);
#2604=ORIENTED_EDGE('',*,*,#1950,.T.);
#2605=ORIENTED_EDGE('',*,*,#1948,.T.);
#2606=ORIENTED_EDGE('',*,*,#1732,.T.);
#2607=ORIENTED_EDGE('',*,*,#1949,.T.);
#2608=ORIENTED_EDGE('',*,*,#1951,.T.);
#2609=ORIENTED_EDGE('',*,*,#1931,.T.);
#2610=ORIENTED_EDGE('',*,*,#1952,.T.);
#2611=ORIENTED_EDGE('',*,*,#1953,.T.);
#2612=ORIENTED_EDGE('',*,*,#1954,.T.);
#2613=ORIENTED_EDGE('',*,*,#1955,.T.);
#2614=ORIENTED_EDGE('',*,*,#1956,.T.);
#2615=ORIENTED_EDGE('',*,*,#1957,.F.);
#2616=ORIENTED_EDGE('',*,*,#1958,.F.);
#2617=ORIENTED_EDGE('',*,*,#1959,.F.);
#2618=ORIENTED_EDGE('',*,*,#1958,.T.);
#2619=ORIENTED_EDGE('',*,*,#1867,.T.);
#2620=ORIENTED_EDGE('',*,*,#1941,.T.);
#2621=ORIENTED_EDGE('',*,*,#1960,.T.);
#2622=ORIENTED_EDGE('',*,*,#1961,.F.);
#2623=ORIENTED_EDGE('',*,*,#1962,.F.);
#2624=ORIENTED_EDGE('',*,*,#1963,.F.);
#2625=ORIENTED_EDGE('',*,*,#1964,.F.);
#2626=ORIENTED_EDGE('',*,*,#1965,.F.);
#2627=ORIENTED_EDGE('',*,*,#1966,.F.);
#2628=ORIENTED_EDGE('',*,*,#1967,.T.);
#2629=ORIENTED_EDGE('',*,*,#1965,.T.);
#2630=ORIENTED_EDGE('',*,*,#1968,.T.);
#2631=ORIENTED_EDGE('',*,*,#1969,.T.);
#2632=ORIENTED_EDGE('',*,*,#1788,.T.);
#2633=ORIENTED_EDGE('',*,*,#1966,.T.);
#2634=ORIENTED_EDGE('',*,*,#1970,.T.);
#2635=ORIENTED_EDGE('',*,*,#1943,.F.);
#2636=ORIENTED_EDGE('',*,*,#1971,.F.);
#2637=ORIENTED_EDGE('',*,*,#1972,.F.);
#2638=ORIENTED_EDGE('',*,*,#1973,.F.);
#2639=ORIENTED_EDGE('',*,*,#1974,.F.);
#2640=ORIENTED_EDGE('',*,*,#1975,.F.);
#2641=ORIENTED_EDGE('',*,*,#1976,.F.);
#2642=ORIENTED_EDGE('',*,*,#1755,.T.);
#2643=ORIENTED_EDGE('',*,*,#1975,.T.);
#2644=ORIENTED_EDGE('',*,*,#1977,.T.);
#2645=ORIENTED_EDGE('',*,*,#1954,.F.);
#2646=ORIENTED_EDGE('',*,*,#1978,.T.);
#2647=ORIENTED_EDGE('',*,*,#1976,.T.);
#2648=ORIENTED_EDGE('',*,*,#1754,.T.);
#2649=ORIENTED_EDGE('',*,*,#1979,.T.);
#2650=ORIENTED_EDGE('',*,*,#1980,.T.);
#2651=ORIENTED_EDGE('',*,*,#1981,.F.);
#2652=ORIENTED_EDGE('',*,*,#1982,.F.);
#2653=ORIENTED_EDGE('',*,*,#1983,.F.);
#2654=ORIENTED_EDGE('',*,*,#1982,.T.);
#2655=ORIENTED_EDGE('',*,*,#1984,.T.);
#2656=ORIENTED_EDGE('',*,*,#1959,.T.);
#2657=ORIENTED_EDGE('',*,*,#1985,.T.);
#2658=ORIENTED_EDGE('',*,*,#1962,.T.);
#2659=ORIENTED_EDGE('',*,*,#1986,.T.);
#2660=ORIENTED_EDGE('',*,*,#1983,.T.);
#2661=ORIENTED_EDGE('',*,*,#1987,.T.);
#2662=ORIENTED_EDGE('',*,*,#1988,.F.);
#2663=ORIENTED_EDGE('',*,*,#1989,.F.);
#2664=ORIENTED_EDGE('',*,*,#1990,.F.);
#2665=ORIENTED_EDGE('',*,*,#1989,.T.);
#2666=ORIENTED_EDGE('',*,*,#1991,.T.);
#2667=ORIENTED_EDGE('',*,*,#1961,.T.);
#2668=ORIENTED_EDGE('',*,*,#1992,.T.);
#2669=ORIENTED_EDGE('',*,*,#1964,.T.);
#2670=ORIENTED_EDGE('',*,*,#1787,.T.);
#2671=ORIENTED_EDGE('',*,*,#1990,.T.);
#2672=ORIENTED_EDGE('',*,*,#1993,.T.);
#2673=ORIENTED_EDGE('',*,*,#1994,.F.);
#2674=ORIENTED_EDGE('',*,*,#1995,.F.);
#2675=ORIENTED_EDGE('',*,*,#1996,.F.);
#2676=ORIENTED_EDGE('',*,*,#1995,.T.);
#2677=ORIENTED_EDGE('',*,*,#1749,.T.);
#2678=ORIENTED_EDGE('',*,*,#1972,.T.);
#2679=ORIENTED_EDGE('',*,*,#1997,.T.);
#2680=ORIENTED_EDGE('',*,*,#1974,.T.);
#2681=ORIENTED_EDGE('',*,*,#1998,.T.);
#2682=ORIENTED_EDGE('',*,*,#1996,.T.);
#2683=ORIENTED_EDGE('',*,*,#1999,.T.);
#2684=ORIENTED_EDGE('',*,*,#2000,.F.);
#2685=ORIENTED_EDGE('',*,*,#2001,.F.);
#2686=ORIENTED_EDGE('',*,*,#2002,.F.);
#2687=ORIENTED_EDGE('',*,*,#2001,.T.);
#2688=ORIENTED_EDGE('',*,*,#2003,.T.);
#2689=ORIENTED_EDGE('',*,*,#1981,.T.);
#2690=ORIENTED_EDGE('',*,*,#2004,.T.);
#2691=ORIENTED_EDGE('',*,*,#1988,.T.);
#2692=ORIENTED_EDGE('',*,*,#1786,.T.);
#2693=ORIENTED_EDGE('',*,*,#2002,.T.);
#2694=ORIENTED_EDGE('',*,*,#2005,.T.);
#2695=ORIENTED_EDGE('',*,*,#2006,.F.);
#2696=ORIENTED_EDGE('',*,*,#2007,.F.);
#2697=ORIENTED_EDGE('',*,*,#2008,.F.);
#2698=ORIENTED_EDGE('',*,*,#2000,.T.);
#2699=ORIENTED_EDGE('',*,*,#1785,.T.);
#2700=ORIENTED_EDGE('',*,*,#2007,.T.);
#2701=ORIENTED_EDGE('',*,*,#2009,.T.);
#2702=ORIENTED_EDGE('',*,*,#1652,.F.);
#2703=ORIENTED_EDGE('',*,*,#1751,.T.);
#2704=ORIENTED_EDGE('',*,*,#2008,.T.);
#2705=ORIENTED_EDGE('',*,*,#1784,.T.);
#2706=ORIENTED_EDGE('',*,*,#1680,.F.);
#2707=ORIENTED_EDGE('',*,*,#1994,.T.);
#2708=ORIENTED_EDGE('',*,*,#2010,.T.);
#2709=ORIENTED_EDGE('',*,*,#2006,.T.);
#2710=ORIENTED_EDGE('',*,*,#1750,.T.);
#2711=ORIENTED_EDGE('',*,*,#1973,.T.);
#2712=ORIENTED_EDGE('',*,*,#1748,.T.);
#2713=ORIENTED_EDGE('',*,*,#1946,.T.);
#2714=ORIENTED_EDGE('',*,*,#1734,.T.);
#2715=ORIENTED_EDGE('',*,*,#1947,.T.);
#2716=ORIENTED_EDGE('',*,*,#2011,.T.);
#2717=ORIENTED_EDGE('',*,*,#1971,.T.);
#2718=ORIENTED_EDGE('',*,*,#1733,.T.);
#2719=ORIENTED_EDGE('',*,*,#1940,.T.);
#2720=ORIENTED_EDGE('',*,*,#2012,.T.);
#2721=ORIENTED_EDGE('',*,*,#1963,.T.);
#2722=ORIENTED_EDGE('',*,*,#2013,.T.);
#2723=ORIENTED_EDGE('',*,*,#1938,.T.);
#2724=ORIENTED_EDGE('',*,*,#1868,.T.);
#2725=ORIENTED_EDGE('',*,*,#1957,.T.);
#2726=ORIENTED_EDGE('',*,*,#2014,.T.);
#2727=ORIENTED_EDGE('',*,*,#2015,.T.);
#2728=ORIENTED_EDGE('',*,*,#1980,.F.);
#2729=ORIENTED_EDGE('',*,*,#2016,.T.);
#2730=ORIENTED_EDGE('',*,*,#1935,.F.);
#2731=ORIENTED_EDGE('',*,*,#2017,.T.);
#2732=ORIENTED_EDGE('',*,*,#1969,.F.);
#2733=ORIENTED_EDGE('',*,*,#2018,.T.);
#2734=ORIENTED_EDGE('',*,*,#1926,.F.);
#2735=ORIENTED_EDGE('',*,*,#1921,.T.);
#2736=ORIENTED_EDGE('',*,*,#2019,.T.);
#2737=ORIENTED_EDGE('',*,*,#1942,.T.);
#2738=ORIENTED_EDGE('',*,*,#1870,.T.);
#2739=ORIENTED_EDGE('',*,*,#1918,.T.);
#2740=ORIENTED_EDGE('',*,*,#1803,.T.);
#2741=ORIENTED_EDGE('',*,*,#1939,.T.);
#2742=ORIENTED_EDGE('',*,*,#2020,.T.);
#2743=ORIENTED_EDGE('',*,*,#1937,.T.);
#2744=ORIENTED_EDGE('',*,*,#1802,.T.);
#2745=ORIENTED_EDGE('',*,*,#1922,.T.);
#2746=ORIENTED_EDGE('',*,*,#1869,.T.);
#2747=ORIENTED_EDGE('',*,*,#2021,.T.);
#2748=ORIENTED_EDGE('',*,*,#1956,.F.);
#2749=ORIENTED_EDGE('',*,*,#2022,.T.);
#2750=ORIENTED_EDGE('',*,*,#2023,.T.);
#2751=ORIENTED_EDGE('',*,*,#1932,.T.);
#2752=ORIENTED_EDGE('',*,*,#2024,.T.);
#2753=ORIENTED_EDGE('',*,*,#1919,.T.);
#2754=ORIENTED_EDGE('',*,*,#2025,.T.);
#2755=ORIENTED_EDGE('',*,*,#1930,.T.);
#2756=ORIENTED_EDGE('',*,*,#2026,.T.);
#2757=ORIENTED_EDGE('',*,*,#1916,.T.);
#2758=ORIENTED_EDGE('',*,*,#2027,.T.);
#2759=ORIENTED_EDGE('',*,*,#1668,.F.);
#2760=ORIENTED_EDGE('',*,*,#2028,.T.);
#2761=ORIENTED_EDGE('',*,*,#1929,.T.);
#2762=ORIENTED_EDGE('',*,*,#1807,.T.);
#2763=ORIENTED_EDGE('',*,*,#1683,.F.);
#2764=ORIENTED_EDGE('',*,*,#1920,.T.);
#2765=ORIENTED_EDGE('',*,*,#1801,.T.);
#2766=ORIENTED_EDGE('',*,*,#1913,.T.);
#2767=ORIENTED_EDGE('',*,*,#2029,.T.);
#2768=ORIENTED_EDGE('',*,*,#2030,.T.);
#2769=ORIENTED_EDGE('',*,*,#1915,.T.);
#2770=ORIENTED_EDGE('',*,*,#2031,.T.);
#2771=ORIENTED_EDGE('',*,*,#1908,.F.);
#2772=ORIENTED_EDGE('',*,*,#2032,.T.);
#2773=ORIENTED_EDGE('',*,*,#2023,.F.);
#2774=ORIENTED_EDGE('',*,*,#2033,.T.);
#2775=ORIENTED_EDGE('',*,*,#2034,.T.);
#2776=ORIENTED_EDGE('',*,*,#1861,.T.);
#2777=ORIENTED_EDGE('',*,*,#1914,.T.);
#2778=ORIENTED_EDGE('',*,*,#1800,.T.);
#2779=ORIENTED_EDGE('',*,*,#1905,.F.);
#2780=ORIENTED_EDGE('',*,*,#2035,.T.);
#2781=ORIENTED_EDGE('',*,*,#2034,.F.);
#2782=ORIENTED_EDGE('',*,*,#2036,.T.);
#2783=ORIENTED_EDGE('',*,*,#2037,.T.);
#2784=ORIENTED_EDGE('',*,*,#2038,.T.);
#2785=ORIENTED_EDGE('',*,*,#2039,.T.);
#2786=ORIENTED_EDGE('',*,*,#2040,.T.);
#2787=ORIENTED_EDGE('',*,*,#2041,.T.);
#2788=ORIENTED_EDGE('',*,*,#2042,.T.);
#2789=ORIENTED_EDGE('',*,*,#2039,.F.);
#2790=ORIENTED_EDGE('',*,*,#2043,.T.);
#2791=ORIENTED_EDGE('',*,*,#2037,.F.);
#2792=ORIENTED_EDGE('',*,*,#2044,.T.);
#2793=ORIENTED_EDGE('',*,*,#1906,.F.);
#2794=ORIENTED_EDGE('',*,*,#1798,.T.);
#2795=ORIENTED_EDGE('',*,*,#2045,.T.);
#2796=ORIENTED_EDGE('',*,*,#1737,.T.);
#2797=ORIENTED_EDGE('',*,*,#2041,.F.);
#2798=ORIENTED_EDGE('',*,*,#2046,.T.);
#2799=ORIENTED_EDGE('',*,*,#1891,.T.);
#2800=ORIENTED_EDGE('',*,*,#2047,.T.);
#2801=ORIENTED_EDGE('',*,*,#2045,.F.);
#2802=ORIENTED_EDGE('',*,*,#1797,.T.);
#2803=ORIENTED_EDGE('',*,*,#1887,.T.);
#2804=ORIENTED_EDGE('',*,*,#1795,.T.);
#2805=ORIENTED_EDGE('',*,*,#1893,.F.);
#2806=ORIENTED_EDGE('',*,*,#2048,.T.);
#2807=ORIENTED_EDGE('',*,*,#1885,.F.);
#2808=ORIENTED_EDGE('',*,*,#1892,.F.);
#2809=ORIENTED_EDGE('',*,*,#1722,.T.);
#2810=ORIENTED_EDGE('',*,*,#2049,.T.);
#2811=ORIENTED_EDGE('',*,*,#2050,.F.);
#2812=ORIENTED_EDGE('',*,*,#1903,.F.);
#2813=ORIENTED_EDGE('',*,*,#2051,.T.);
#2814=ORIENTED_EDGE('',*,*,#2052,.T.);
#2815=ORIENTED_EDGE('',*,*,#1720,.F.);
#2816=ORIENTED_EDGE('',*,*,#1911,.F.);
#2817=ORIENTED_EDGE('',*,*,#2053,.T.);
#2818=ORIENTED_EDGE('',*,*,#2054,.T.);
#2819=ORIENTED_EDGE('',*,*,#2051,.F.);
#2820=ORIENTED_EDGE('',*,*,#1924,.F.);
#2821=ORIENTED_EDGE('',*,*,#2055,.T.);
#2822=ORIENTED_EDGE('',*,*,#2056,.T.);
#2823=ORIENTED_EDGE('',*,*,#2053,.F.);
#2824=ORIENTED_EDGE('',*,*,#1944,.F.);
#2825=ORIENTED_EDGE('',*,*,#2057,.T.);
#2826=ORIENTED_EDGE('',*,*,#2058,.T.);
#2827=ORIENTED_EDGE('',*,*,#2055,.F.);
#2828=ORIENTED_EDGE('',*,*,#1970,.F.);
#2829=ORIENTED_EDGE('',*,*,#1967,.F.);
#2830=ORIENTED_EDGE('',*,*,#2059,.T.);
#2831=ORIENTED_EDGE('',*,*,#2057,.F.);
#2832=ORIENTED_EDGE('',*,*,#1953,.F.);
#2833=ORIENTED_EDGE('',*,*,#2060,.T.);
#2834=ORIENTED_EDGE('',*,*,#2061,.T.);
#2835=ORIENTED_EDGE('',*,*,#1756,.F.);
#2836=ORIENTED_EDGE('',*,*,#2021,.F.);
#2837=ORIENTED_EDGE('',*,*,#2062,.T.);
#2838=ORIENTED_EDGE('',*,*,#2063,.T.);
#2839=ORIENTED_EDGE('',*,*,#2060,.F.);
#2840=ORIENTED_EDGE('',*,*,#2032,.F.);
#2841=ORIENTED_EDGE('',*,*,#2064,.T.);
#2842=ORIENTED_EDGE('',*,*,#2065,.T.);
#2843=ORIENTED_EDGE('',*,*,#2062,.F.);
#2844=ORIENTED_EDGE('',*,*,#2035,.F.);
#2845=ORIENTED_EDGE('',*,*,#2066,.T.);
#2846=ORIENTED_EDGE('',*,*,#2067,.T.);
#2847=ORIENTED_EDGE('',*,*,#2064,.F.);
#2848=ORIENTED_EDGE('',*,*,#2043,.F.);
#2849=ORIENTED_EDGE('',*,*,#2068,.T.);
#2850=ORIENTED_EDGE('',*,*,#2069,.T.);
#2851=ORIENTED_EDGE('',*,*,#2066,.F.);
#2852=ORIENTED_EDGE('',*,*,#2038,.F.);
#2853=ORIENTED_EDGE('',*,*,#1740,.T.);
#2854=ORIENTED_EDGE('',*,*,#2070,.T.);
#2855=ORIENTED_EDGE('',*,*,#2068,.F.);
#2856=ORIENTED_EDGE('',*,*,#1960,.F.);
#2857=ORIENTED_EDGE('',*,*,#2013,.F.);
#2858=ORIENTED_EDGE('',*,*,#1987,.F.);
#2859=ORIENTED_EDGE('',*,*,#1985,.F.);
#2860=ORIENTED_EDGE('',*,*,#1772,.T.);
#2861=ORIENTED_EDGE('',*,*,#1763,.T.);
#2862=ORIENTED_EDGE('',*,*,#1708,.T.);
#2863=ORIENTED_EDGE('',*,*,#1696,.T.);
#2864=ORIENTED_EDGE('',*,*,#1984,.F.);
#2865=ORIENTED_EDGE('',*,*,#2003,.F.);
#2866=ORIENTED_EDGE('',*,*,#2009,.F.);
#2867=ORIENTED_EDGE('',*,*,#2010,.F.);
#2868=ORIENTED_EDGE('',*,*,#1998,.F.);
#2869=ORIENTED_EDGE('',*,*,#1978,.F.);
#2870=ORIENTED_EDGE('',*,*,#2015,.F.);
#2871=ORIENTED_EDGE('',*,*,#1934,.F.);
#2872=ORIENTED_EDGE('',*,*,#2026,.F.);
#2873=ORIENTED_EDGE('',*,*,#2025,.F.);
#2874=ORIENTED_EDGE('',*,*,#2020,.F.);
#2875=ORIENTED_EDGE('',*,*,#2014,.F.);
#2876=ORIENTED_EDGE('',*,*,#1986,.F.);
#2877=ORIENTED_EDGE('',*,*,#1991,.F.);
#2878=ORIENTED_EDGE('',*,*,#2005,.F.);
#2879=ORIENTED_EDGE('',*,*,#2004,.F.);
#2880=ORIENTED_EDGE('',*,*,#1992,.F.);
#2881=ORIENTED_EDGE('',*,*,#2012,.F.);
#2882=ORIENTED_EDGE('',*,*,#2019,.F.);
#2883=ORIENTED_EDGE('',*,*,#2029,.F.);
#2884=ORIENTED_EDGE('',*,*,#1925,.F.);
#2885=ORIENTED_EDGE('',*,*,#2018,.F.);
#2886=ORIENTED_EDGE('',*,*,#1968,.F.);
#2887=ORIENTED_EDGE('',*,*,#1993,.F.);
#2888=ORIENTED_EDGE('',*,*,#2040,.F.);
#2889=ORIENTED_EDGE('',*,*,#2042,.F.);
#2890=ORIENTED_EDGE('',*,*,#2036,.F.);
#2891=ORIENTED_EDGE('',*,*,#2033,.F.);
#2892=ORIENTED_EDGE('',*,*,#2022,.F.);
#2893=ORIENTED_EDGE('',*,*,#1955,.F.);
#2894=ORIENTED_EDGE('',*,*,#1977,.F.);
#2895=ORIENTED_EDGE('',*,*,#1999,.F.);
#2896=ORIENTED_EDGE('',*,*,#1997,.F.);
#2897=ORIENTED_EDGE('',*,*,#2011,.F.);
#2898=ORIENTED_EDGE('',*,*,#1952,.F.);
#2899=ORIENTED_EDGE('',*,*,#2027,.F.);
#2900=ORIENTED_EDGE('',*,*,#2030,.F.);
#2901=ORIENTED_EDGE('',*,*,#1907,.F.);
#2902=ORIENTED_EDGE('',*,*,#1899,.F.);
#2903=ORIENTED_EDGE('',*,*,#1895,.F.);
#2904=ORIENTED_EDGE('',*,*,#1888,.F.);
#2905=ORIENTED_EDGE('',*,*,#2046,.F.);
#2906=ORIENTED_EDGE('',*,*,#1672,.T.);
#2907=ORIENTED_EDGE('',*,*,#1775,.T.);
#2908=ORIENTED_EDGE('',*,*,#1688,.F.);
#2909=ORIENTED_EDGE('',*,*,#1659,.F.);
#2910=ORIENTED_EDGE('',*,*,#1664,.F.);
#2911=ORIENTED_EDGE('',*,*,#2024,.F.);
#2912=ORIENTED_EDGE('',*,*,#1951,.F.);
#2913=ORIENTED_EDGE('',*,*,#1950,.F.);
#2914=ORIENTED_EDGE('',*,*,#2028,.F.);
#2915=ORIENTED_EDGE('',*,*,#1667,.F.);
#2916=ORIENTED_EDGE('',*,*,#2071,.F.);
#2917=ORIENTED_EDGE('',*,*,#2072,.T.);
#2918=ORIENTED_EDGE('',*,*,#2073,.T.);
#2919=ORIENTED_EDGE('',*,*,#2074,.F.);
#2920=ORIENTED_EDGE('',*,*,#1724,.T.);
#2921=ORIENTED_EDGE('',*,*,#2075,.F.);
#2922=ORIENTED_EDGE('',*,*,#2076,.T.);
#2923=ORIENTED_EDGE('',*,*,#2077,.T.);
#2924=ORIENTED_EDGE('',*,*,#2072,.F.);
#2925=ORIENTED_EDGE('',*,*,#2078,.F.);
#2926=ORIENTED_EDGE('',*,*,#2079,.T.);
#2927=ORIENTED_EDGE('',*,*,#2080,.T.);
#2928=ORIENTED_EDGE('',*,*,#2076,.F.);
#2929=ORIENTED_EDGE('',*,*,#2081,.F.);
#2930=ORIENTED_EDGE('',*,*,#2074,.T.);
#2931=ORIENTED_EDGE('',*,*,#2082,.T.);
#2932=ORIENTED_EDGE('',*,*,#2079,.F.);
#2933=ORIENTED_EDGE('',*,*,#2082,.F.);
#2934=ORIENTED_EDGE('',*,*,#2073,.F.);
#2935=ORIENTED_EDGE('',*,*,#2077,.F.);
#2936=ORIENTED_EDGE('',*,*,#2080,.F.);
#2937=ORIENTED_EDGE('',*,*,#2083,.F.);
#2938=ORIENTED_EDGE('',*,*,#2084,.T.);
#2939=ORIENTED_EDGE('',*,*,#2085,.T.);
#2940=ORIENTED_EDGE('',*,*,#2084,.F.);
#2941=ORIENTED_EDGE('',*,*,#2085,.F.);
#2942=ORIENTED_EDGE('',*,*,#2071,.T.);
#2943=ORIENTED_EDGE('',*,*,#2081,.T.);
#2944=ORIENTED_EDGE('',*,*,#2078,.T.);
#2945=ORIENTED_EDGE('',*,*,#2075,.T.);
#2946=ORIENTED_EDGE('',*,*,#1933,.F.);
#2947=ORIENTED_EDGE('',*,*,#2086,.T.);
#2948=ORIENTED_EDGE('',*,*,#2087,.F.);
#2949=ORIENTED_EDGE('',*,*,#2031,.F.);
#2950=ORIENTED_EDGE('',*,*,#1890,.F.);
#2951=ORIENTED_EDGE('',*,*,#2088,.T.);
#2952=ORIENTED_EDGE('',*,*,#2089,.T.);
#2953=ORIENTED_EDGE('',*,*,#1738,.F.);
#2954=ORIENTED_EDGE('',*,*,#1897,.F.);
#2955=ORIENTED_EDGE('',*,*,#2090,.T.);
#2956=ORIENTED_EDGE('',*,*,#2091,.T.);
#2957=ORIENTED_EDGE('',*,*,#2088,.F.);
#2958=ORIENTED_EDGE('',*,*,#1901,.F.);
#2959=ORIENTED_EDGE('',*,*,#2092,.T.);
#2960=ORIENTED_EDGE('',*,*,#2093,.T.);
#2961=ORIENTED_EDGE('',*,*,#2090,.F.);
#2962=ORIENTED_EDGE('',*,*,#1909,.F.);
#2963=ORIENTED_EDGE('',*,*,#2087,.T.);
#2964=ORIENTED_EDGE('',*,*,#2094,.T.);
#2965=ORIENTED_EDGE('',*,*,#2092,.F.);
#2966=ORIENTED_EDGE('',*,*,#2016,.F.);
#2967=ORIENTED_EDGE('',*,*,#1979,.F.);
#2968=ORIENTED_EDGE('',*,*,#1757,.F.);
#2969=ORIENTED_EDGE('',*,*,#2061,.F.);
#2970=ORIENTED_EDGE('',*,*,#2063,.F.);
#2971=ORIENTED_EDGE('',*,*,#2065,.F.);
#2972=ORIENTED_EDGE('',*,*,#2067,.F.);
#2973=ORIENTED_EDGE('',*,*,#2069,.F.);
#2974=ORIENTED_EDGE('',*,*,#2070,.F.);
#2975=ORIENTED_EDGE('',*,*,#1739,.F.);
#2976=ORIENTED_EDGE('',*,*,#2089,.F.);
#2977=ORIENTED_EDGE('',*,*,#2091,.F.);
#2978=ORIENTED_EDGE('',*,*,#2093,.F.);
#2979=ORIENTED_EDGE('',*,*,#2094,.F.);
#2980=ORIENTED_EDGE('',*,*,#2086,.F.);
#2981=ORIENTED_EDGE('',*,*,#1936,.F.);
#2982=ORIENTED_EDGE('',*,*,#1904,.F.);
#2983=ORIENTED_EDGE('',*,*,#2095,.T.);
#2984=ORIENTED_EDGE('',*,*,#2096,.T.);
#2985=ORIENTED_EDGE('',*,*,#1862,.F.);
#2986=ORIENTED_EDGE('',*,*,#2044,.F.);
#2987=ORIENTED_EDGE('',*,*,#2097,.T.);
#2988=ORIENTED_EDGE('',*,*,#2098,.T.);
#2989=ORIENTED_EDGE('',*,*,#2095,.F.);
#2990=ORIENTED_EDGE('',*,*,#2047,.F.);
#2991=ORIENTED_EDGE('',*,*,#2099,.T.);
#2992=ORIENTED_EDGE('',*,*,#2100,.T.);
#2993=ORIENTED_EDGE('',*,*,#2097,.F.);
#2994=ORIENTED_EDGE('',*,*,#1886,.F.);
#2995=ORIENTED_EDGE('',*,*,#2101,.T.);
#2996=ORIENTED_EDGE('',*,*,#2102,.T.);
#2997=ORIENTED_EDGE('',*,*,#2099,.F.);
#2998=ORIENTED_EDGE('',*,*,#2048,.F.);
#2999=ORIENTED_EDGE('',*,*,#2050,.T.);
#3000=ORIENTED_EDGE('',*,*,#2103,.T.);
#3001=ORIENTED_EDGE('',*,*,#2101,.F.);
#3002=ORIENTED_EDGE('',*,*,#2017,.F.);
#3003=ORIENTED_EDGE('',*,*,#1863,.F.);
#3004=ORIENTED_EDGE('',*,*,#2096,.F.);
#3005=ORIENTED_EDGE('',*,*,#2098,.F.);
#3006=ORIENTED_EDGE('',*,*,#2100,.F.);
#3007=ORIENTED_EDGE('',*,*,#2102,.F.);
#3008=ORIENTED_EDGE('',*,*,#2103,.F.);
#3009=ORIENTED_EDGE('',*,*,#2049,.F.);
#3010=ORIENTED_EDGE('',*,*,#1721,.F.);
#3011=ORIENTED_EDGE('',*,*,#2052,.F.);
#3012=ORIENTED_EDGE('',*,*,#2054,.F.);
#3013=ORIENTED_EDGE('',*,*,#2056,.F.);
#3014=ORIENTED_EDGE('',*,*,#2058,.F.);
#3015=ORIENTED_EDGE('',*,*,#2059,.F.);
#3016=ORIENTED_EDGE('',*,*,#1850,.F.);
#3017=ORIENTED_EDGE('',*,*,#2104,.T.);
#3018=ORIENTED_EDGE('',*,*,#1711,.T.);
#3019=ORIENTED_EDGE('',*,*,#1854,.F.);
#3020=ORIENTED_EDGE('',*,*,#1840,.F.);
#3021=ORIENTED_EDGE('',*,*,#2105,.T.);
#3022=ORIENTED_EDGE('',*,*,#1712,.T.);
#3023=ORIENTED_EDGE('',*,*,#2104,.F.);
#3024=ORIENTED_EDGE('',*,*,#1843,.F.);
#3025=ORIENTED_EDGE('',*,*,#1852,.T.);
#3026=ORIENTED_EDGE('',*,*,#1713,.T.);
#3027=ORIENTED_EDGE('',*,*,#2105,.F.);
#3028=ORIENTED_EDGE('',*,*,#1834,.F.);
#3029=ORIENTED_EDGE('',*,*,#2106,.T.);
#3030=ORIENTED_EDGE('',*,*,#1699,.T.);
#3031=ORIENTED_EDGE('',*,*,#1838,.F.);
#3032=ORIENTED_EDGE('',*,*,#1824,.F.);
#3033=ORIENTED_EDGE('',*,*,#2107,.T.);
#3034=ORIENTED_EDGE('',*,*,#1700,.T.);
#3035=ORIENTED_EDGE('',*,*,#2106,.F.);
#3036=ORIENTED_EDGE('',*,*,#1827,.F.);
#3037=ORIENTED_EDGE('',*,*,#1836,.T.);
#3038=ORIENTED_EDGE('',*,*,#1701,.T.);
#3039=ORIENTED_EDGE('',*,*,#2107,.F.);
#3040=ORIENTED_EDGE('',*,*,#1822,.F.);
#3041=ORIENTED_EDGE('',*,*,#2083,.T.);
#3042=PLANE('',#3437);
#3043=PLANE('',#3438);
#3044=PLANE('',#3439);
#3045=PLANE('',#3440);
#3046=PLANE('',#3441);
#3047=PLANE('',#3442);
#3048=PLANE('',#3443);
#3049=PLANE('',#3444);
#3050=PLANE('',#3445);
#3051=PLANE('',#3446);
#3052=PLANE('',#3447);
#3053=PLANE('',#3448);
#3054=PLANE('',#3449);
#3055=PLANE('',#3450);
#3056=PLANE('',#3457);
#3057=PLANE('',#3464);
#3058=PLANE('',#3469);
#3059=PLANE('',#3478);
#3060=PLANE('',#3481);
#3061=PLANE('',#3488);
#3062=PLANE('',#3491);
#3063=PLANE('',#3498);
#3064=PLANE('',#3505);
#3065=PLANE('',#3510);
#3066=PLANE('',#3514);
#3067=PLANE('',#3515);
#3068=PLANE('',#3516);
#3069=PLANE('',#3517);
#3070=PLANE('',#3518);
#3071=PLANE('',#3519);
#3072=PLANE('',#3520);
#3073=PLANE('',#3521);
#3074=PLANE('',#3522);
#3075=PLANE('',#3523);
#3076=PLANE('',#3524);
#3077=PLANE('',#3525);
#3078=PLANE('',#3526);
#3079=PLANE('',#3527);
#3080=PLANE('',#3528);
#3081=PLANE('',#3529);
#3082=PLANE('',#3530);
#3083=PLANE('',#3531);
#3084=PLANE('',#3538);
#3085=PLANE('',#3541);
#3086=PLANE('',#3542);
#3087=PLANE('',#3543);
#3088=PLANE('',#3544);
#3089=PLANE('',#3545);
#3090=PLANE('',#3546);
#3091=PLANE('',#3547);
#3092=PLANE('',#3548);
#3093=PLANE('',#3549);
#3094=PLANE('',#3550);
#3095=PLANE('',#3551);
#3096=PLANE('',#3552);
#3097=PLANE('',#3553);
#3098=PLANE('',#3554);
#3099=PLANE('',#3555);
#3100=PLANE('',#3558);
#3101=PLANE('',#3559);
#3102=PLANE('',#3560);
#3103=PLANE('',#3561);
#3104=PLANE('',#3562);
#3105=PLANE('',#3563);
#3106=PLANE('',#3564);
#3107=PLANE('',#3565);
#3108=PLANE('',#3566);
#3109=PLANE('',#3567);
#3110=PLANE('',#3568);
#3111=PLANE('',#3569);
#3112=PLANE('',#3570);
#3113=PLANE('',#3571);
#3114=PLANE('',#3572);
#3115=PLANE('',#3573);
#3116=PLANE('',#3574);
#3117=PLANE('',#3575);
#3118=PLANE('',#3576);
#3119=PLANE('',#3577);
#3120=PLANE('',#3578);
#3121=PLANE('',#3579);
#3122=PLANE('',#3580);
#3123=PLANE('',#3581);
#3124=PLANE('',#3582);
#3125=PLANE('',#3583);
#3126=PLANE('',#3584);
#3127=PLANE('',#3585);
#3128=PLANE('',#3586);
#3129=PLANE('',#3587);
#3130=PLANE('',#3588);
#3131=PLANE('',#3589);
#3132=PLANE('',#3590);
#3133=PLANE('',#3591);
#3134=PLANE('',#3592);
#3135=PLANE('',#3593);
#3136=PLANE('',#3594);
#3137=PLANE('',#3595);
#3138=PLANE('',#3596);
#3139=PLANE('',#3597);
#3140=PLANE('',#3598);
#3141=PLANE('',#3599);
#3142=PLANE('',#3600);
#3143=PLANE('',#3601);
#3144=PLANE('',#3602);
#3145=PLANE('',#3603);
#3146=PLANE('',#3604);
#3147=PLANE('',#3605);
#3148=PLANE('',#3606);
#3149=PLANE('',#3607);
#3150=PLANE('',#3608);
#3151=PLANE('',#3609);
#3152=PLANE('',#3610);
#3153=PLANE('',#3611);
#3154=PLANE('',#3612);
#3155=PLANE('',#3613);
#3156=PLANE('',#3614);
#3157=PLANE('',#3615);
#3158=PLANE('',#3616);
#3159=PLANE('',#3617);
#3160=PLANE('',#3618);
#3161=PLANE('',#3619);
#3162=PLANE('',#3620);
#3163=PLANE('',#3621);
#3164=PLANE('',#3622);
#3165=PLANE('',#3623);
#3166=PLANE('',#3624);
#3167=PLANE('',#3625);
#3168=PLANE('',#3626);
#3169=PLANE('',#3630);
#3170=PLANE('',#3631);
#3171=PLANE('',#3632);
#3172=PLANE('',#3633);
#3173=PLANE('',#3634);
#3174=PLANE('',#3637);
#3175=PLANE('',#3638);
#3176=PLANE('',#3639);
#3177=PLANE('',#3640);
#3178=PLANE('',#3641);
#3179=PLANE('',#3642);
#3180=PLANE('',#3643);
#3181=PLANE('',#3644);
#3182=PLANE('',#3645);
#3183=PLANE('',#3646);
#3184=PLANE('',#3649);
#3185=PLANE('',#3650);
#3186=PLANE('',#3651);
#3187=PLANE('',#3652);
#3188=PLANE('',#3653);
#3189=PLANE('',#3654);
#3190=PLANE('',#3655);
#3191=PLANE('',#3656);
#3192=PLANE('',#3657);
#3193=PLANE('',#3658);
#3194=PLANE('',#3659);
#3195=PLANE('',#3663);
#3196=PLANE('',#3664);
#3197=PLANE('',#3665);
#3198=PLANE('',#3666);
#3199=PLANE('',#3667);
#3200=PLANE('',#3668);
#3201=PLANE('',#3669);
#3202=PLANE('',#3670);
#3203=PLANE('',#3671);
#3204=PLANE('',#3672);
#3205=PLANE('',#3673);
#3206=PLANE('',#3674);
#3207=PLANE('',#3675);
#3208=PLANE('',#3676);
#3209=PLANE('',#3677);
#3210=PLANE('',#3678);
#3211=PLANE('',#3679);
#3212=PLANE('',#3680);
#3213=PLANE('',#3681);
#3214=PLANE('',#3682);
#3215=ADVANCED_FACE('',(#111),#3042,.T.);
#3216=ADVANCED_FACE('',(#112),#3043,.T.);
#3217=ADVANCED_FACE('',(#113),#3044,.T.);
#3218=ADVANCED_FACE('',(#114),#3045,.F.);
#3219=ADVANCED_FACE('',(#115),#3046,.T.);
#3220=ADVANCED_FACE('',(#116),#3047,.T.);
#3221=ADVANCED_FACE('',(#117),#3048,.T.);
#3222=ADVANCED_FACE('',(#118),#3049,.F.);
#3223=ADVANCED_FACE('',(#119),#3050,.T.);
#3224=ADVANCED_FACE('',(#120),#3051,.F.);
#3225=ADVANCED_FACE('',(#121),#3052,.T.);
#3226=ADVANCED_FACE('',(#122),#3053,.T.);
#3227=ADVANCED_FACE('',(#123),#3054,.T.);
#3228=ADVANCED_FACE('',(#124),#3055,.F.);
#3229=ADVANCED_FACE('',(#125),#97,.F.);
#3230=ADVANCED_FACE('',(#126),#38,.F.);
#3231=ADVANCED_FACE('',(#127,#17),#3056,.F.);
#3232=ADVANCED_FACE('',(#128),#98,.F.);
#3233=ADVANCED_FACE('',(#129),#39,.F.);
#3234=ADVANCED_FACE('',(#130,#18),#3057,.F.);
#3235=ADVANCED_FACE('',(#131),#99,.F.);
#3236=ADVANCED_FACE('',(#132,#19),#3058,.F.);
#3237=ADVANCED_FACE('',(#133),#40,.F.);
#3238=ADVANCED_FACE('',(#134),#100,.F.);
#3239=ADVANCED_FACE('',(#135),#41,.F.);
#3240=ADVANCED_FACE('',(#136,#20),#3059,.F.);
#3241=ADVANCED_FACE('',(#137),#101,.F.);
#3242=ADVANCED_FACE('',(#138,#21),#3060,.F.);
#3243=ADVANCED_FACE('',(#139),#102,.F.);
#3244=ADVANCED_FACE('',(#140),#42,.F.);
#3245=ADVANCED_FACE('',(#141,#22),#3061,.T.);
#3246=ADVANCED_FACE('',(#142),#103,.F.);
#3247=ADVANCED_FACE('',(#143,#23),#3062,.F.);
#3248=ADVANCED_FACE('',(#144),#104,.F.);
#3249=ADVANCED_FACE('',(#145),#43,.F.);
#3250=ADVANCED_FACE('',(#146,#24),#3063,.F.);
#3251=ADVANCED_FACE('',(#147),#105,.F.);
#3252=ADVANCED_FACE('',(#148),#44,.F.);
#3253=ADVANCED_FACE('',(#149,#25),#3064,.F.);
#3254=ADVANCED_FACE('',(#150),#106,.F.);
#3255=ADVANCED_FACE('',(#151,#26,#27,#28),#3065,.T.);
#3256=ADVANCED_FACE('',(#152),#45,.F.);
#3257=ADVANCED_FACE('',(#153),#3066,.T.);
#3258=ADVANCED_FACE('',(#154),#3067,.T.);
#3259=ADVANCED_FACE('',(#155),#3068,.T.);
#3260=ADVANCED_FACE('',(#156),#3069,.T.);
#3261=ADVANCED_FACE('',(#157),#3070,.T.);
#3262=ADVANCED_FACE('',(#158),#3071,.T.);
#3263=ADVANCED_FACE('',(#159),#3072,.F.);
#3264=ADVANCED_FACE('',(#160),#3073,.F.);
#3265=ADVANCED_FACE('',(#161),#3074,.F.);
#3266=ADVANCED_FACE('',(#162),#3075,.T.);
#3267=ADVANCED_FACE('',(#163),#3076,.T.);
#3268=ADVANCED_FACE('',(#164),#3077,.T.);
#3269=ADVANCED_FACE('',(#165),#3078,.T.);
#3270=ADVANCED_FACE('',(#166),#3079,.T.);
#3271=ADVANCED_FACE('',(#167),#3080,.T.);
#3272=ADVANCED_FACE('',(#168),#3081,.F.);
#3273=ADVANCED_FACE('',(#169),#3082,.F.);
#3274=ADVANCED_FACE('',(#170),#3083,.F.);
#3275=ADVANCED_FACE('',(#171),#107,.F.);
#3276=ADVANCED_FACE('',(#172),#46,.F.);
#3277=ADVANCED_FACE('',(#173,#29),#3084,.F.);
#3278=ADVANCED_FACE('',(#174),#108,.F.);
#3279=ADVANCED_FACE('',(#175,#30),#3085,.T.);
#3280=ADVANCED_FACE('',(#176),#3086,.T.);
#3281=ADVANCED_FACE('',(#177),#3087,.T.);
#3282=ADVANCED_FACE('',(#178),#3088,.T.);
#3283=ADVANCED_FACE('',(#179),#3089,.F.);
#3284=ADVANCED_FACE('',(#180),#3090,.F.);
#3285=ADVANCED_FACE('',(#181),#3091,.F.);
#3286=ADVANCED_FACE('',(#182),#3092,.T.);
#3287=ADVANCED_FACE('',(#183),#3093,.T.);
#3288=ADVANCED_FACE('',(#184),#3094,.T.);
#3289=ADVANCED_FACE('',(#185),#3095,.F.);
#3290=ADVANCED_FACE('',(#186),#3096,.F.);
#3291=ADVANCED_FACE('',(#187),#3097,.F.);
#3292=ADVANCED_FACE('',(#188),#3098,.T.);
#3293=ADVANCED_FACE('',(#189),#3099,.T.);
#3294=ADVANCED_FACE('',(#190),#109,.T.);
#3295=ADVANCED_FACE('',(#191),#3100,.T.);
#3296=ADVANCED_FACE('',(#192),#3101,.T.);
#3297=ADVANCED_FACE('',(#193),#3102,.T.);
#3298=ADVANCED_FACE('',(#194),#3103,.T.);
#3299=ADVANCED_FACE('',(#195),#3104,.T.);
#3300=ADVANCED_FACE('',(#196),#3105,.T.);
#3301=ADVANCED_FACE('',(#197),#3106,.T.);
#3302=ADVANCED_FACE('',(#198),#3107,.T.);
#3303=ADVANCED_FACE('',(#199),#3108,.T.);
#3304=ADVANCED_FACE('',(#200),#3109,.T.);
#3305=ADVANCED_FACE('',(#201),#3110,.T.);
#3306=ADVANCED_FACE('',(#202),#3111,.T.);
#3307=ADVANCED_FACE('',(#203),#3112,.T.);
#3308=ADVANCED_FACE('',(#204),#3113,.T.);
#3309=ADVANCED_FACE('',(#205),#3114,.T.);
#3310=ADVANCED_FACE('',(#206),#3115,.T.);
#3311=ADVANCED_FACE('',(#207),#3116,.T.);
#3312=ADVANCED_FACE('',(#208),#3117,.T.);
#3313=ADVANCED_FACE('',(#209),#3118,.T.);
#3314=ADVANCED_FACE('',(#210),#3119,.T.);
#3315=ADVANCED_FACE('',(#211),#3120,.T.);
#3316=ADVANCED_FACE('',(#212),#3121,.T.);
#3317=ADVANCED_FACE('',(#213),#3122,.T.);
#3318=ADVANCED_FACE('',(#214),#3123,.T.);
#3319=ADVANCED_FACE('',(#215),#3124,.T.);
#3320=ADVANCED_FACE('',(#216),#3125,.T.);
#3321=ADVANCED_FACE('',(#217),#3126,.T.);
#3322=ADVANCED_FACE('',(#218),#3127,.T.);
#3323=ADVANCED_FACE('',(#219),#3128,.T.);
#3324=ADVANCED_FACE('',(#220),#3129,.T.);
#3325=ADVANCED_FACE('',(#221),#3130,.T.);
#3326=ADVANCED_FACE('',(#222),#3131,.T.);
#3327=ADVANCED_FACE('',(#223),#3132,.T.);
#3328=ADVANCED_FACE('',(#224),#3133,.T.);
#3329=ADVANCED_FACE('',(#225),#3134,.T.);
#3330=ADVANCED_FACE('',(#226),#3135,.T.);
#3331=ADVANCED_FACE('',(#227),#3136,.T.);
#3332=ADVANCED_FACE('',(#228),#3137,.T.);
#3333=ADVANCED_FACE('',(#229),#3138,.T.);
#3334=ADVANCED_FACE('',(#230),#3139,.T.);
#3335=ADVANCED_FACE('',(#231),#3140,.T.);
#3336=ADVANCED_FACE('',(#232),#3141,.T.);
#3337=ADVANCED_FACE('',(#233),#3142,.T.);
#3338=ADVANCED_FACE('',(#234),#3143,.T.);
#3339=ADVANCED_FACE('',(#235),#3144,.T.);
#3340=ADVANCED_FACE('',(#236),#3145,.T.);
#3341=ADVANCED_FACE('',(#237),#3146,.T.);
#3342=ADVANCED_FACE('',(#238),#3147,.T.);
#3343=ADVANCED_FACE('',(#239),#3148,.T.);
#3344=ADVANCED_FACE('',(#240),#3149,.T.);
#3345=ADVANCED_FACE('',(#241),#3150,.T.);
#3346=ADVANCED_FACE('',(#242),#3151,.T.);
#3347=ADVANCED_FACE('',(#243),#3152,.T.);
#3348=ADVANCED_FACE('',(#244),#3153,.T.);
#3349=ADVANCED_FACE('',(#245),#3154,.T.);
#3350=ADVANCED_FACE('',(#246),#3155,.T.);
#3351=ADVANCED_FACE('',(#247),#3156,.T.);
#3352=ADVANCED_FACE('',(#248),#3157,.T.);
#3353=ADVANCED_FACE('',(#249),#3158,.T.);
#3354=ADVANCED_FACE('',(#250),#3159,.T.);
#3355=ADVANCED_FACE('',(#251),#3160,.T.);
#3356=ADVANCED_FACE('',(#252),#3161,.T.);
#3357=ADVANCED_FACE('',(#253),#3162,.T.);
#3358=ADVANCED_FACE('',(#254),#3163,.T.);
#3359=ADVANCED_FACE('',(#255),#3164,.T.);
#3360=ADVANCED_FACE('',(#256),#3165,.T.);
#3361=ADVANCED_FACE('',(#257),#3166,.T.);
#3362=ADVANCED_FACE('',(#258),#3167,.T.);
#3363=ADVANCED_FACE('',(#259),#3168,.T.);
#3364=ADVANCED_FACE('',(#260),#110,.T.);
#3365=ADVANCED_FACE('',(#261),#3169,.T.);
#3366=ADVANCED_FACE('',(#262),#3170,.T.);
#3367=ADVANCED_FACE('',(#263),#3171,.T.);
#3368=ADVANCED_FACE('',(#264),#3172,.T.);
#3369=ADVANCED_FACE('',(#265),#3173,.T.);
#3370=ADVANCED_FACE('',(#266),#47,.T.);
#3371=ADVANCED_FACE('',(#267),#3174,.F.);
#3372=ADVANCED_FACE('',(#268),#3175,.F.);
#3373=ADVANCED_FACE('',(#269),#3176,.F.);
#3374=ADVANCED_FACE('',(#270),#3177,.F.);
#3375=ADVANCED_FACE('',(#271),#3178,.F.);
#3376=ADVANCED_FACE('',(#272),#3179,.F.);
#3377=ADVANCED_FACE('',(#273),#3180,.F.);
#3378=ADVANCED_FACE('',(#274),#3181,.F.);
#3379=ADVANCED_FACE('',(#275),#3182,.F.);
#3380=ADVANCED_FACE('',(#276),#3183,.F.);
#3381=ADVANCED_FACE('',(#277),#48,.T.);
#3382=ADVANCED_FACE('',(#278,#31,#32,#33,#34),#3184,.F.);
#3383=ADVANCED_FACE('',(#279),#3185,.T.);
#3384=ADVANCED_FACE('',(#280),#3186,.T.);
#3385=ADVANCED_FACE('',(#281),#3187,.T.);
#3386=ADVANCED_FACE('',(#282),#3188,.F.);
#3387=ADVANCED_FACE('',(#283),#3189,.T.);
#3388=ADVANCED_FACE('',(#284,#35),#3190,.F.);
#3389=ADVANCED_FACE('',(#285),#3191,.F.);
#3390=ADVANCED_FACE('',(#286),#3192,.F.);
#3391=ADVANCED_FACE('',(#287),#3193,.F.);
#3392=ADVANCED_FACE('',(#288),#3194,.F.);
#3393=ADVANCED_FACE('',(#289),#49,.F.);
#3394=ADVANCED_FACE('',(#290,#36),#3195,.T.);
#3395=ADVANCED_FACE('',(#291),#3196,.F.);
#3396=ADVANCED_FACE('',(#292),#3197,.F.);
#3397=ADVANCED_FACE('',(#293),#3198,.F.);
#3398=ADVANCED_FACE('',(#294),#3199,.F.);
#3399=ADVANCED_FACE('',(#295),#3200,.F.);
#3400=ADVANCED_FACE('',(#296),#3201,.T.);
#3401=ADVANCED_FACE('',(#297),#3202,.F.);
#3402=ADVANCED_FACE('',(#298),#3203,.F.);
#3403=ADVANCED_FACE('',(#299),#3204,.F.);
#3404=ADVANCED_FACE('',(#300),#3205,.F.);
#3405=ADVANCED_FACE('',(#301),#3206,.F.);
#3406=ADVANCED_FACE('',(#302),#3207,.T.);
#3407=ADVANCED_FACE('',(#303),#3208,.F.);
#3408=ADVANCED_FACE('',(#304),#3209,.F.);
#3409=ADVANCED_FACE('',(#305),#3210,.F.);
#3410=ADVANCED_FACE('',(#306),#3211,.F.);
#3411=ADVANCED_FACE('',(#307),#3212,.F.);
#3412=ADVANCED_FACE('',(#308),#3213,.F.);
#3413=ADVANCED_FACE('',(#309,#37),#3214,.T.);
#3414=CLOSED_SHELL('',(#3215,#3216,#3217,#3218,#3219,#3220,#3221,#3222,
#3223,#3224,#3225,#3226,#3227,#3228,#3229,#3230,#3231,#3232,#3233,#3234,
#3235,#3236,#3237,#3238,#3239,#3240,#3241,#3242,#3243,#3244,#3245,#3246,
#3247,#3248,#3249,#3250,#3251,#3252,#3253,#3254,#3255,#3256,#3257,#3258,
#3259,#3260,#3261,#3262,#3263,#3264,#3265,#3266,#3267,#3268,#3269,#3270,
#3271,#3272,#3273,#3274,#3275,#3276,#3277,#3278,#3279,#3280,#3281,#3282,
#3283,#3284,#3285,#3286,#3287,#3288,#3289,#3290,#3291,#3292,#3293,#3294,
#3295,#3296,#3297,#3298,#3299,#3300,#3301,#3302,#3303,#3304,#3305,#3306,
#3307,#3308,#3309,#3310,#3311,#3312,#3313,#3314,#3315,#3316,#3317,#3318,
#3319,#3320,#3321,#3322,#3323,#3324,#3325,#3326,#3327,#3328,#3329,#3330,
#3331,#3332,#3333,#3334,#3335,#3336,#3337,#3338,#3339,#3340,#3341,#3342,
#3343,#3344,#3345,#3346,#3347,#3348,#3349,#3350,#3351,#3352,#3353,#3354,
#3355,#3356,#3357,#3358,#3359,#3360,#3361,#3362,#3363,#3364,#3365,#3366,
#3367,#3368,#3369,#3370,#3371,#3372,#3373,#3374,#3375,#3376,#3377,#3378,
#3379,#3380,#3381,#3382,#3383,#3384,#3385,#3386,#3387,#3388,#3389,#3390,
#3391,#3392,#3393,#3394,#3395,#3396,#3397,#3398,#3399,#3400,#3401,#3402,
#3403,#3404,#3405,#3406,#3407,#3408,#3409,#3410,#3411,#3412,#3413));
#3415=DERIVED_UNIT_ELEMENT(#3418,1.);
#3416=DERIVED_UNIT_ELEMENT(#5548,-3.);
#3417=DIMENSIONAL_EXPONENTS(0.,1.,0.,0.,0.,0.,0.);
#3418=(
CONVERSION_BASED_UNIT('gram',#3420)
MASS_UNIT()
NAMED_UNIT(#3417)
);
#3419=(
MASS_UNIT()
NAMED_UNIT(*)
SI_UNIT(.KILO.,.GRAM.)
);
#3420=MASS_MEASURE_WITH_UNIT(MASS_MEASURE(0.001),#3419);
#3421=DERIVED_UNIT((#3415,#3416));
#3422=MEASURE_REPRESENTATION_ITEM('density measure',
POSITIVE_RATIO_MEASURE(1.),#3421);
#3423=PROPERTY_DEFINITION_REPRESENTATION(#3428,#3425);
#3424=PROPERTY_DEFINITION_REPRESENTATION(#3429,#3426);
#3425=REPRESENTATION('material name',(#3427),#5545);
#3426=REPRESENTATION('density',(#3422),#5545);
#3427=DESCRIPTIVE_REPRESENTATION_ITEM('Generic','Generic');
#3428=PROPERTY_DEFINITION('material property','material name',#5555);
#3429=PROPERTY_DEFINITION('material property','density of part',#5555);
#3430=DATE_TIME_ROLE('creation_date');
#3431=APPLIED_DATE_AND_TIME_ASSIGNMENT(#3432,#3430,(#5555));
#3432=DATE_AND_TIME(#3433,#3434);
#3433=CALENDAR_DATE(2025,22,6);
#3434=LOCAL_TIME(0,0,0.,#3435);
#3435=COORDINATED_UNIVERSAL_TIME_OFFSET(0,0,.BEHIND.);
#3436=AXIS2_PLACEMENT_3D('',#4595,#3683,#3684);
#3437=AXIS2_PLACEMENT_3D('',#4596,#3685,#3686);
#3438=AXIS2_PLACEMENT_3D('',#4605,#3691,#3692);
#3439=AXIS2_PLACEMENT_3D('',#4613,#3697,#3698);
#3440=AXIS2_PLACEMENT_3D('',#4622,#3703,#3704);
#3441=AXIS2_PLACEMENT_3D('',#4630,#3709,#3710);
#3442=AXIS2_PLACEMENT_3D('',#4639,#3715,#3716);
#3443=AXIS2_PLACEMENT_3D('',#4647,#3721,#3722);
#3444=AXIS2_PLACEMENT_3D('',#4656,#3727,#3728);
#3445=AXIS2_PLACEMENT_3D('',#4664,#3733,#3734);
#3446=AXIS2_PLACEMENT_3D('',#4670,#3738,#3739);
#3447=AXIS2_PLACEMENT_3D('',#4676,#3743,#3744);
#3448=AXIS2_PLACEMENT_3D('',#4682,#3748,#3749);
#3449=AXIS2_PLACEMENT_3D('',#4688,#3753,#3754);
#3450=AXIS2_PLACEMENT_3D('',#4694,#3758,#3759);
#3451=AXIS2_PLACEMENT_3D('',#4700,#3763,#3764);
#3452=AXIS2_PLACEMENT_3D('',#4702,#3765,#3766);
#3453=AXIS2_PLACEMENT_3D('',#4706,#3768,#3769);
#3454=AXIS2_PLACEMENT_3D('',#4707,#3770,#3771);
#3455=AXIS2_PLACEMENT_3D('',#4708,#3772,#3773);
#3456=AXIS2_PLACEMENT_3D('',#4711,#3775,#3776);
#3457=AXIS2_PLACEMENT_3D('',#4712,#3777,#3778);
#3458=AXIS2_PLACEMENT_3D('',#4725,#3785,#3786);
#3459=AXIS2_PLACEMENT_3D('',#4727,#3787,#3788);
#3460=AXIS2_PLACEMENT_3D('',#4731,#3790,#3791);
#3461=AXIS2_PLACEMENT_3D('',#4732,#3792,#3793);
#3462=AXIS2_PLACEMENT_3D('',#4733,#3794,#3795);
#3463=AXIS2_PLACEMENT_3D('',#4736,#3797,#3798);
#3464=AXIS2_PLACEMENT_3D('',#4737,#3799,#3800);
#3465=AXIS2_PLACEMENT_3D('',#4750,#3807,#3808);
#3466=AXIS2_PLACEMENT_3D('',#4752,#3809,#3810);
#3467=AXIS2_PLACEMENT_3D('',#4756,#3812,#3813);
#3468=AXIS2_PLACEMENT_3D('',#4757,#3814,#3815);
#3469=AXIS2_PLACEMENT_3D('',#4758,#3816,#3817);
#3470=AXIS2_PLACEMENT_3D('',#4767,#3822,#3823);
#3471=AXIS2_PLACEMENT_3D('',#4770,#3825,#3826);
#3472=AXIS2_PLACEMENT_3D('',#4771,#3827,#3828);
#3473=AXIS2_PLACEMENT_3D('',#4773,#3829,#3830);
#3474=AXIS2_PLACEMENT_3D('',#4776,#3832,#3833);
#3475=AXIS2_PLACEMENT_3D('',#4777,#3834,#3835);
#3476=AXIS2_PLACEMENT_3D('',#4780,#3836,#3837);
#3477=AXIS2_PLACEMENT_3D('',#4781,#3838,#3839);
#3478=AXIS2_PLACEMENT_3D('',#4783,#3841,#3842);
#3479=AXIS2_PLACEMENT_3D('',#4792,#3847,#3848);
#3480=AXIS2_PLACEMENT_3D('',#4794,#3849,#3850);
#3481=AXIS2_PLACEMENT_3D('',#4796,#3852,#3853);
#3482=AXIS2_PLACEMENT_3D('',#4805,#3858,#3859);
#3483=AXIS2_PLACEMENT_3D('',#4807,#3860,#3861);
#3484=AXIS2_PLACEMENT_3D('',#4811,#3863,#3864);
#3485=AXIS2_PLACEMENT_3D('',#4812,#3865,#3866);
#3486=AXIS2_PLACEMENT_3D('',#4813,#3867,#3868);
#3487=AXIS2_PLACEMENT_3D('',#4816,#3870,#3871);
#3488=AXIS2_PLACEMENT_3D('',#4817,#3872,#3873);
#3489=AXIS2_PLACEMENT_3D('',#4826,#3879,#3880);
#3490=AXIS2_PLACEMENT_3D('',#4828,#3881,#3882);
#3491=AXIS2_PLACEMENT_3D('',#4830,#3884,#3885);
#3492=AXIS2_PLACEMENT_3D('',#4839,#3890,#3891);
#3493=AXIS2_PLACEMENT_3D('',#4841,#3892,#3893);
#3494=AXIS2_PLACEMENT_3D('',#4845,#3895,#3896);
#3495=AXIS2_PLACEMENT_3D('',#4846,#3897,#3898);
#3496=AXIS2_PLACEMENT_3D('',#4847,#3899,#3900);
#3497=AXIS2_PLACEMENT_3D('',#4850,#3902,#3903);
#3498=AXIS2_PLACEMENT_3D('',#4851,#3904,#3905);
#3499=AXIS2_PLACEMENT_3D('',#4857,#3909,#3910);
#3500=AXIS2_PLACEMENT_3D('',#4859,#3911,#3912);
#3501=AXIS2_PLACEMENT_3D('',#4863,#3914,#3915);
#3502=AXIS2_PLACEMENT_3D('',#4864,#3916,#3917);
#3503=AXIS2_PLACEMENT_3D('',#4865,#3918,#3919);
#3504=AXIS2_PLACEMENT_3D('',#4868,#3921,#3922);
#3505=AXIS2_PLACEMENT_3D('',#4869,#3923,#3924);
#3506=AXIS2_PLACEMENT_3D('',#4876,#3929,#3930);
#3507=AXIS2_PLACEMENT_3D('',#4878,#3931,#3932);
#3508=AXIS2_PLACEMENT_3D('',#4882,#3934,#3935);
#3509=AXIS2_PLACEMENT_3D('',#4883,#3936,#3937);
#3510=AXIS2_PLACEMENT_3D('',#4884,#3938,#3939);
#3511=AXIS2_PLACEMENT_3D('',#4911,#3953,#3954);
#3512=AXIS2_PLACEMENT_3D('',#4961,#3981,#3982);
#3513=AXIS2_PLACEMENT_3D('',#4964,#3984,#3985);
#3514=AXIS2_PLACEMENT_3D('',#4965,#3986,#3987);
#3515=AXIS2_PLACEMENT_3D('',#4971,#3991,#3992);
#3516=AXIS2_PLACEMENT_3D('',#4975,#3995,#3996);
#3517=AXIS2_PLACEMENT_3D('',#4979,#3999,#4000);
#3518=AXIS2_PLACEMENT_3D('',#4985,#4004,#4005);
#3519=AXIS2_PLACEMENT_3D('',#4987,#4007,#4008);
#3520=AXIS2_PLACEMENT_3D('',#4989,#4010,#4011);
#3521=AXIS2_PLACEMENT_3D('',#4992,#4014,#4015);
#3522=AXIS2_PLACEMENT_3D('',#4994,#4017,#4018);
#3523=AXIS2_PLACEMENT_3D('',#4996,#4020,#4021);
#3524=AXIS2_PLACEMENT_3D('',#5002,#4025,#4026);
#3525=AXIS2_PLACEMENT_3D('',#5006,#4029,#4030);
#3526=AXIS2_PLACEMENT_3D('',#5010,#4033,#4034);
#3527=AXIS2_PLACEMENT_3D('',#5016,#4038,#4039);
#3528=AXIS2_PLACEMENT_3D('',#5018,#4041,#4042);
#3529=AXIS2_PLACEMENT_3D('',#5020,#4044,#4045);
#3530=AXIS2_PLACEMENT_3D('',#5023,#4048,#4049);
#3531=AXIS2_PLACEMENT_3D('',#5025,#4051,#4052);
#3532=AXIS2_PLACEMENT_3D('',#5027,#4054,#4055);
#3533=AXIS2_PLACEMENT_3D('',#5029,#4056,#4057);
#3534=AXIS2_PLACEMENT_3D('',#5032,#4059,#4060);
#3535=AXIS2_PLACEMENT_3D('',#5033,#4061,#4062);
#3536=AXIS2_PLACEMENT_3D('',#5036,#4063,#4064);
#3537=AXIS2_PLACEMENT_3D('',#5037,#4065,#4066);
#3538=AXIS2_PLACEMENT_3D('',#5039,#4068,#4069);
#3539=AXIS2_PLACEMENT_3D('',#5048,#4074,#4075);
#3540=AXIS2_PLACEMENT_3D('',#5050,#4076,#4077);
#3541=AXIS2_PLACEMENT_3D('',#5052,#4079,#4080);
#3542=AXIS2_PLACEMENT_3D('',#5061,#4085,#4086);
#3543=AXIS2_PLACEMENT_3D('',#5065,#4089,#4090);
#3544=AXIS2_PLACEMENT_3D('',#5069,#4093,#4094);
#3545=AXIS2_PLACEMENT_3D('',#5071,#4096,#4097);
#3546=AXIS2_PLACEMENT_3D('',#5073,#4099,#4100);
#3547=AXIS2_PLACEMENT_3D('',#5075,#4102,#4103);
#3548=AXIS2_PLACEMENT_3D('',#5076,#4104,#4105);
#3549=AXIS2_PLACEMENT_3D('',#5080,#4108,#4109);
#3550=AXIS2_PLACEMENT_3D('',#5084,#4112,#4113);
#3551=AXIS2_PLACEMENT_3D('',#5086,#4115,#4116);
#3552=AXIS2_PLACEMENT_3D('',#5088,#4118,#4119);
#3553=AXIS2_PLACEMENT_3D('',#5090,#4121,#4122);
#3554=AXIS2_PLACEMENT_3D('',#5091,#4123,#4124);
#3555=AXIS2_PLACEMENT_3D('',#5097,#4128,#4129);
#3556=AXIS2_PLACEMENT_3D('',#5105,#4134,#4135);
#3557=AXIS2_PLACEMENT_3D('',#5107,#4136,#4137);
#3558=AXIS2_PLACEMENT_3D('',#5113,#4139,#4140);
#3559=AXIS2_PLACEMENT_3D('',#5119,#4144,#4145);
#3560=AXIS2_PLACEMENT_3D('',#5121,#4147,#4148);
#3561=AXIS2_PLACEMENT_3D('',#5127,#4152,#4153);
#3562=AXIS2_PLACEMENT_3D('',#5131,#4156,#4157);
#3563=AXIS2_PLACEMENT_3D('',#5136,#4161,#4162);
#3564=AXIS2_PLACEMENT_3D('',#5142,#4166,#4167);
#3565=AXIS2_PLACEMENT_3D('',#5146,#4170,#4171);
#3566=AXIS2_PLACEMENT_3D('',#5151,#4175,#4176);
#3567=AXIS2_PLACEMENT_3D('',#5158,#4180,#4181);
#3568=AXIS2_PLACEMENT_3D('',#5162,#4184,#4185);
#3569=AXIS2_PLACEMENT_3D('',#5167,#4189,#4190);
#3570=AXIS2_PLACEMENT_3D('',#5171,#4193,#4194);
#3571=AXIS2_PLACEMENT_3D('',#5175,#4197,#4198);
#3572=AXIS2_PLACEMENT_3D('',#5180,#4202,#4203);
#3573=AXIS2_PLACEMENT_3D('',#5187,#4207,#4208);
#3574=AXIS2_PLACEMENT_3D('',#5195,#4213,#4214);
#3575=AXIS2_PLACEMENT_3D('',#5200,#4218,#4219);
#3576=AXIS2_PLACEMENT_3D('',#5206,#4223,#4224);
#3577=AXIS2_PLACEMENT_3D('',#5210,#4227,#4228);
#3578=AXIS2_PLACEMENT_3D('',#5213,#4231,#4232);
#3579=AXIS2_PLACEMENT_3D('',#5214,#4233,#4234);
#3580=AXIS2_PLACEMENT_3D('',#5220,#4238,#4239);
#3581=AXIS2_PLACEMENT_3D('',#5222,#4241,#4242);
#3582=AXIS2_PLACEMENT_3D('',#5225,#4245,#4246);
#3583=AXIS2_PLACEMENT_3D('',#5233,#4251,#4252);
#3584=AXIS2_PLACEMENT_3D('',#5239,#4256,#4257);
#3585=AXIS2_PLACEMENT_3D('',#5241,#4259,#4260);
#3586=AXIS2_PLACEMENT_3D('',#5248,#4264,#4265);
#3587=AXIS2_PLACEMENT_3D('',#5254,#4269,#4270);
#3588=AXIS2_PLACEMENT_3D('',#5260,#4274,#4275);
#3589=AXIS2_PLACEMENT_3D('',#5262,#4277,#4278);
#3590=AXIS2_PLACEMENT_3D('',#5267,#4282,#4283);
#3591=AXIS2_PLACEMENT_3D('',#5273,#4287,#4288);
#3592=AXIS2_PLACEMENT_3D('',#5275,#4290,#4291);
#3593=AXIS2_PLACEMENT_3D('',#5281,#4295,#4296);
#3594=AXIS2_PLACEMENT_3D('',#5288,#4300,#4301);
#3595=AXIS2_PLACEMENT_3D('',#5291,#4304,#4305);
#3596=AXIS2_PLACEMENT_3D('',#5294,#4308,#4309);
#3597=AXIS2_PLACEMENT_3D('',#5300,#4313,#4314);
#3598=AXIS2_PLACEMENT_3D('',#5303,#4317,#4318);
#3599=AXIS2_PLACEMENT_3D('',#5305,#4320,#4321);
#3600=AXIS2_PLACEMENT_3D('',#5311,#4325,#4326);
#3601=AXIS2_PLACEMENT_3D('',#5313,#4328,#4329);
#3602=AXIS2_PLACEMENT_3D('',#5316,#4332,#4333);
#3603=AXIS2_PLACEMENT_3D('',#5322,#4337,#4338);
#3604=AXIS2_PLACEMENT_3D('',#5325,#4341,#4342);
#3605=AXIS2_PLACEMENT_3D('',#5327,#4344,#4345);
#3606=AXIS2_PLACEMENT_3D('',#5332,#4349,#4350);
#3607=AXIS2_PLACEMENT_3D('',#5334,#4352,#4353);
#3608=AXIS2_PLACEMENT_3D('',#5335,#4354,#4355);
#3609=AXIS2_PLACEMENT_3D('',#5337,#4357,#4358);
#3610=AXIS2_PLACEMENT_3D('',#5338,#4359,#4360);
#3611=AXIS2_PLACEMENT_3D('',#5340,#4362,#4363);
#3612=AXIS2_PLACEMENT_3D('',#5343,#4366,#4367);
#3613=AXIS2_PLACEMENT_3D('',#5345,#4369,#4370);
#3614=AXIS2_PLACEMENT_3D('',#5348,#4373,#4374);
#3615=AXIS2_PLACEMENT_3D('',#5351,#4377,#4378);
#3616=AXIS2_PLACEMENT_3D('',#5353,#4380,#4381);
#3617=AXIS2_PLACEMENT_3D('',#5355,#4383,#4384);
#3618=AXIS2_PLACEMENT_3D('',#5356,#4385,#4386);
#3619=AXIS2_PLACEMENT_3D('',#5362,#4390,#4391);
#3620=AXIS2_PLACEMENT_3D('',#5365,#4394,#4395);
#3621=AXIS2_PLACEMENT_3D('',#5368,#4398,#4399);
#3622=AXIS2_PLACEMENT_3D('',#5370,#4401,#4402);
#3623=AXIS2_PLACEMENT_3D('',#5372,#4404,#4405);
#3624=AXIS2_PLACEMENT_3D('',#5375,#4408,#4409);
#3625=AXIS2_PLACEMENT_3D('',#5381,#4413,#4414);
#3626=AXIS2_PLACEMENT_3D('',#5382,#4415,#4416);
#3627=AXIS2_PLACEMENT_3D('',#5388,#4420,#4421);
#3628=AXIS2_PLACEMENT_3D('',#5390,#4422,#4423);
#3629=AXIS2_PLACEMENT_3D('',#5394,#4425,#4426);
#3630=AXIS2_PLACEMENT_3D('',#5399,#4427,#4428);
#3631=AXIS2_PLACEMENT_3D('',#5402,#4431,#4432);
#3632=AXIS2_PLACEMENT_3D('',#5406,#4435,#4436);
#3633=AXIS2_PLACEMENT_3D('',#5408,#4438,#4439);
#3634=AXIS2_PLACEMENT_3D('',#5410,#4441,#4442);
#3635=AXIS2_PLACEMENT_3D('',#5412,#4444,#4445);
#3636=AXIS2_PLACEMENT_3D('',#5414,#4446,#4447);
#3637=AXIS2_PLACEMENT_3D('',#5416,#4449,#4450);
#3638=AXIS2_PLACEMENT_3D('',#5420,#4453,#4454);
#3639=AXIS2_PLACEMENT_3D('',#5424,#4457,#4458);
#3640=AXIS2_PLACEMENT_3D('',#5428,#4461,#4462);
#3641=AXIS2_PLACEMENT_3D('',#5432,#4465,#4466);
#3642=AXIS2_PLACEMENT_3D('',#5434,#4468,#4469);
#3643=AXIS2_PLACEMENT_3D('',#5438,#4472,#4473);
#3644=AXIS2_PLACEMENT_3D('',#5442,#4476,#4477);
#3645=AXIS2_PLACEMENT_3D('',#5446,#4480,#4481);
#3646=AXIS2_PLACEMENT_3D('',#5450,#4484,#4485);
#3647=AXIS2_PLACEMENT_3D('',#5454,#4488,#4489);
#3648=AXIS2_PLACEMENT_3D('',#5455,#4490,#4491);
#3649=AXIS2_PLACEMENT_3D('',#5456,#4492,#4493);
#3650=AXIS2_PLACEMENT_3D('',#5457,#4494,#4495);
#3651=AXIS2_PLACEMENT_3D('',#5458,#4496,#4497);
#3652=AXIS2_PLACEMENT_3D('',#5459,#4498,#4499);
#3653=AXIS2_PLACEMENT_3D('',#5460,#4500,#4501);
#3654=AXIS2_PLACEMENT_3D('',#5461,#4502,#4503);
#3655=AXIS2_PLACEMENT_3D('',#5462,#4504,#4505);
#3656=AXIS2_PLACEMENT_3D('',#5471,#4510,#4511);
#3657=AXIS2_PLACEMENT_3D('',#5477,#4515,#4516);
#3658=AXIS2_PLACEMENT_3D('',#5483,#4520,#4521);
#3659=AXIS2_PLACEMENT_3D('',#5486,#4524,#4525);
#3660=AXIS2_PLACEMENT_3D('',#5487,#4526,#4527);
#3661=AXIS2_PLACEMENT_3D('',#5489,#4528,#4529);
#3662=AXIS2_PLACEMENT_3D('',#5492,#4531,#4532);
#3663=AXIS2_PLACEMENT_3D('',#5493,#4533,#4534);
#3664=AXIS2_PLACEMENT_3D('',#5494,#4535,#4536);
#3665=AXIS2_PLACEMENT_3D('',#5498,#4539,#4540);
#3666=AXIS2_PLACEMENT_3D('',#5502,#4543,#4544);
#3667=AXIS2_PLACEMENT_3D('',#5506,#4547,#4548);
#3668=AXIS2_PLACEMENT_3D('',#5510,#4551,#4552);
#3669=AXIS2_PLACEMENT_3D('',#5512,#4554,#4555);
#3670=AXIS2_PLACEMENT_3D('',#5513,#4556,#4557);
#3671=AXIS2_PLACEMENT_3D('',#5517,#4560,#4561);
#3672=AXIS2_PLACEMENT_3D('',#5521,#4564,#4565);
#3673=AXIS2_PLACEMENT_3D('',#5525,#4568,#4569);
#3674=AXIS2_PLACEMENT_3D('',#5529,#4572,#4573);
#3675=AXIS2_PLACEMENT_3D('',#5531,#4575,#4576);
#3676=AXIS2_PLACEMENT_3D('',#5532,#4577,#4578);
#3677=AXIS2_PLACEMENT_3D('',#5534,#4580,#4581);
#3678=AXIS2_PLACEMENT_3D('',#5536,#4583,#4584);
#3679=AXIS2_PLACEMENT_3D('',#5537,#4585,#4586);
#3680=AXIS2_PLACEMENT_3D('',#5539,#4588,#4589);
#3681=AXIS2_PLACEMENT_3D('',#5541,#4591,#4592);
#3682=AXIS2_PLACEMENT_3D('',#5542,#4593,#4594);
#3683=DIRECTION('axis',(0.,0.,1.));
#3684=DIRECTION('refdir',(1.,0.,0.));
#3685=DIRECTION('center_axis',(-0.526354012893035,0.429766251884744,0.733656882917579));
#3686=DIRECTION('ref_axis',(0.812519920068744,0.,0.582933426294532));
#3687=DIRECTION('',(-0.789821812460688,-0.566648920140856,-0.234713667826388));
#3688=DIRECTION('',(-0.377964473009227,0.654653670707978,-0.654653670707976));
#3689=DIRECTION('',(0.632455532033669,0.774596669241489,-7.66000029507636E-17));
#3690=DIRECTION('',(0.377964473009227,-0.654653670707978,0.654653670707976));
#3691=DIRECTION('center_axis',(8.5641406837297E-17,0.707106781186546,0.707106781186549));
#3692=DIRECTION('ref_axis',(1.,0.,-1.21115239050017E-16));
#3693=DIRECTION('',(0.377964473009199,0.654653670707986,-0.654653670707984));
#3694=DIRECTION('',(1.,0.,-1.21115239050017E-16));
#3695=DIRECTION('',(-0.840265387573926,0.383375845904017,-0.383375845904016));
#3696=DIRECTION('',(-1.,0.,1.21115239050017E-16));
#3697=DIRECTION('center_axis',(0.526354012893042,0.429766251884738,0.733656882917577));
#3698=DIRECTION('ref_axis',(0.812519920068739,0.,-0.582933426294539));
#3699=DIRECTION('',(-0.789821812460706,0.566648920140808,0.234713667826442));
#3700=DIRECTION('',(0.377964473009228,0.654653670707977,-0.654653670707977));
#3701=DIRECTION('',(0.632455532033659,-0.774596669241497,-7.66000029507624E-17));
#3702=DIRECTION('',(-0.377964473009228,-0.654653670707977,0.654653670707977));
#3703=DIRECTION('center_axis',(-0.866025403784438,0.,-0.500000000000001));
#3704=DIRECTION('ref_axis',(0.500000000000001,0.,-0.866025403784438));
#3705=DIRECTION('',(0.500000000000001,0.,-0.866025403784438));
#3706=DIRECTION('',(0.,-1.,0.));
#3707=DIRECTION('',(0.500000000000001,0.,-0.866025403784438));
#3708=DIRECTION('',(0.,-1.,0.));
#3709=DIRECTION('center_axis',(0.526354012893019,0.429766251884758,-0.733656882917582));
#3710=DIRECTION('ref_axis',(-0.812519920068753,0.,-0.582933426294519));
#3711=DIRECTION('',(0.789821812460702,-0.56664892014084,0.234713667826378));
#3712=DIRECTION('',(0.377964473009222,0.654653670707981,0.654653670707976));
#3713=DIRECTION('',(-0.632455532033693,0.774596669241469,0.));
#3714=DIRECTION('',(-0.377964473009222,-0.654653670707981,-0.654653670707976));
#3715=DIRECTION('center_axis',(0.,0.707106781186545,-0.70710678118655));
#3716=DIRECTION('ref_axis',(-1.,0.,0.));
#3717=DIRECTION('',(-0.377964473009244,0.654653670707975,0.65465367070797));
#3718=DIRECTION('',(-1.,0.,0.));
#3719=DIRECTION('',(0.,0.70710678118655,0.707106781186545));
#3720=DIRECTION('',(1.,0.,0.));
#3721=DIRECTION('center_axis',(-0.526354012893016,0.429766251884757,-0.733656882917585));
#3722=DIRECTION('ref_axis',(-0.812519920068755,0.,0.582933426294515));
#3723=DIRECTION('',(0.789821812460704,0.566648920140838,-0.234713667826377));
#3724=DIRECTION('',(-0.377964473009228,0.654653670707979,0.654653670707975));
#3725=DIRECTION('',(-0.632455532033695,-0.774596669241468,0.));
#3726=DIRECTION('',(0.377964473009228,-0.654653670707979,-0.654653670707975));
#3727=DIRECTION('center_axis',(0.866025403784438,0.,0.500000000000002));
#3728=DIRECTION('ref_axis',(-0.500000000000002,0.,0.866025403784437));
#3729=DIRECTION('',(-0.500000000000002,0.,0.866025403784437));
#3730=DIRECTION('',(0.,-1.,0.));
#3731=DIRECTION('',(-0.500000000000002,0.,0.866025403784437));
#3732=DIRECTION('',(0.,-1.,0.));
#3733=DIRECTION('center_axis',(-0.612372435695808,0.707106781186532,0.353553390593282));
#3734=DIRECTION('ref_axis',(0.500000000000001,0.,0.866025403784438));
#3735=DIRECTION('',(0.500000000000001,0.,0.866025403784438));
#3736=DIRECTION('',(-0.75592894601845,-0.654653670707982,-4.14589362100052E-14));
#3737=DIRECTION('',(-0.500000000000001,0.,-0.866025403784438));
#3738=DIRECTION('center_axis',(0.866025403784438,0.,-0.500000000000001));
#3739=DIRECTION('ref_axis',(0.500000000000001,0.,0.866025403784438));
#3740=DIRECTION('',(0.,-1.,0.));
#3741=DIRECTION('',(0.500000000000001,0.,0.866025403784438));
#3742=DIRECTION('',(0.,-1.,0.));
#3743=DIRECTION('center_axis',(0.612372435695789,0.707106781186554,0.353553390593272));
#3744=DIRECTION('ref_axis',(0.500000000000001,0.,-0.866025403784438));
#3745=DIRECTION('',(-0.75592894601847,0.654653670707959,4.03679115729011E-14));
#3746=DIRECTION('',(0.377964473009238,-0.654653670707974,0.654653670707974));
#3747=DIRECTION('',(-0.500000000000001,0.,0.866025403784438));
#3748=DIRECTION('center_axis',(-0.612372435695788,0.707106781186554,-0.353553390593272));
#3749=DIRECTION('ref_axis',(-0.500000000000002,0.,0.866025403784437));
#3750=DIRECTION('',(0.755928946018461,0.65465367070797,-7.5532474876529E-16));
#3751=DIRECTION('',(-0.377964473009241,-0.654653670707976,-0.654653670707971));
#3752=DIRECTION('',(0.500000000000002,0.,-0.866025403784437));
#3753=DIRECTION('center_axis',(0.612372435695791,0.707106781186554,-0.353553390593268));
#3754=DIRECTION('ref_axis',(-0.499999999999995,0.,-0.866025403784441));
#3755=DIRECTION('',(-0.499999999999995,0.,-0.866025403784441));
#3756=DIRECTION('',(0.755928946018462,-0.654653670707968,1.24208958685847E-14));
#3757=DIRECTION('',(0.499999999999995,0.,0.866025403784441));
#3758=DIRECTION('center_axis',(-0.866025403784441,0.,0.499999999999996));
#3759=DIRECTION('ref_axis',(-0.499999999999995,0.,-0.866025403784441));
#3760=DIRECTION('',(0.,-1.,0.));
#3761=DIRECTION('',(-0.499999999999995,0.,-0.866025403784441));
#3762=DIRECTION('',(0.,-1.,0.));
#3763=DIRECTION('center_axis',(0.,1.,0.));
#3764=DIRECTION('ref_axis',(-1.,0.,0.));
#3765=DIRECTION('center_axis',(0.,1.,0.));
#3766=DIRECTION('ref_axis',(-1.,0.,0.));
#3767=DIRECTION('',(-0.707106781186548,-0.707106781186547,8.65956056235494E-17));
#3768=DIRECTION('center_axis',(0.,-1.,0.));
#3769=DIRECTION('ref_axis',(-1.,0.,0.));
#3770=DIRECTION('center_axis',(0.,-1.,0.));
#3771=DIRECTION('ref_axis',(-1.,0.,0.));
#3772=DIRECTION('center_axis',(0.,-1.,0.));
#3773=DIRECTION('ref_axis',(1.,0.,0.));
#3774=DIRECTION('',(0.,-1.,0.));
#3775=DIRECTION('center_axis',(0.,1.,0.));
#3776=DIRECTION('ref_axis',(1.,0.,0.));
#3777=DIRECTION('center_axis',(0.,-1.,0.));
#3778=DIRECTION('ref_axis',(0.,0.,-1.));
#3779=DIRECTION('',(1.,0.,-5.34156301773212E-16));
#3780=DIRECTION('',(0.5,0.,-0.866025403784439));
#3781=DIRECTION('',(-0.5,0.,-0.866025403784438));
#3782=DIRECTION('',(-1.,0.,5.34156301773212E-16));
#3783=DIRECTION('',(-0.499999999999999,0.,0.866025403784439));
#3784=DIRECTION('',(0.5,0.,0.866025403784438));
#3785=DIRECTION('center_axis',(0.,1.,0.));
#3786=DIRECTION('ref_axis',(-1.,0.,0.));
#3787=DIRECTION('center_axis',(0.,1.,0.));
#3788=DIRECTION('ref_axis',(-1.,0.,0.));
#3789=DIRECTION('',(-0.707106781186548,-0.707106781186547,8.65956056235494E-17));
#3790=DIRECTION('center_axis',(0.,-1.,0.));
#3791=DIRECTION('ref_axis',(-1.,0.,0.));
#3792=DIRECTION('center_axis',(0.,-1.,0.));
#3793=DIRECTION('ref_axis',(-1.,0.,0.));
#3794=DIRECTION('center_axis',(0.,-1.,0.));
#3795=DIRECTION('ref_axis',(1.,0.,0.));
#3796=DIRECTION('',(0.,-1.,0.));
#3797=DIRECTION('center_axis',(0.,1.,0.));
#3798=DIRECTION('ref_axis',(1.,0.,0.));
#3799=DIRECTION('center_axis',(0.,-1.,0.));
#3800=DIRECTION('ref_axis',(0.,0.,-1.));
#3801=DIRECTION('',(1.,0.,1.06831260354642E-15));
#3802=DIRECTION('',(0.5,0.,-0.866025403784439));
#3803=DIRECTION('',(-0.499999999999999,0.,-0.866025403784439));
#3804=DIRECTION('',(-1.,0.,-1.06831260354643E-15));
#3805=DIRECTION('',(-0.500000000000001,0.,0.866025403784438));
#3806=DIRECTION('',(0.499999999999999,0.,0.866025403784439));
#3807=DIRECTION('center_axis',(1.,0.,0.));
#3808=DIRECTION('ref_axis',(0.,0.,1.));
#3809=DIRECTION('center_axis',(1.,0.,0.));
#3810=DIRECTION('ref_axis',(0.,0.,1.));
#3811=DIRECTION('',(-0.70710678118655,-8.6595605623549E-17,0.707106781186545));
#3812=DIRECTION('center_axis',(-1.,0.,0.));
#3813=DIRECTION('ref_axis',(0.,0.,1.));
#3814=DIRECTION('center_axis',(-1.,0.,0.));
#3815=DIRECTION('ref_axis',(0.,0.,1.));
#3816=DIRECTION('center_axis',(-1.,0.,0.));
#3817=DIRECTION('ref_axis',(0.,0.,-1.));
#3818=DIRECTION('',(0.,0.,-1.));
#3819=DIRECTION('',(0.,-1.,0.));
#3820=DIRECTION('',(0.,0.,-1.));
#3821=DIRECTION('',(0.,-1.,0.));
#3822=DIRECTION('center_axis',(-1.,0.,0.));
#3823=DIRECTION('ref_axis',(0.,0.,-1.));
#3824=DIRECTION('',(-1.,0.,0.));
#3825=DIRECTION('center_axis',(1.,0.,0.));
#3826=DIRECTION('ref_axis',(0.,0.,-1.));
#3827=DIRECTION('center_axis',(0.984807753012208,0.173648177666931,0.));
#3828=DIRECTION('ref_axis',(0.,0.,1.));
#3829=DIRECTION('center_axis',(-0.984807753012208,-0.17364817766693,0.));
#3830=DIRECTION('ref_axis',(0.,0.,1.));
#3831=DIRECTION('',(0.696364240320038,0.122787803968977,-0.707106781186528));
#3832=DIRECTION('center_axis',(0.984807753012208,0.17364817766693,0.));
#3833=DIRECTION('ref_axis',(0.,0.,1.));
#3834=DIRECTION('center_axis',(0.984807753012208,0.17364817766693,0.));
#3835=DIRECTION('ref_axis',(0.,0.,1.));
#3836=DIRECTION('center_axis',(0.984807753012208,0.17364817766693,0.));
#3837=DIRECTION('ref_axis',(0.,0.,-1.));
#3838=DIRECTION('center_axis',(0.984807753012208,0.17364817766693,0.));
#3839=DIRECTION('ref_axis',(0.,0.,-1.));
#3840=DIRECTION('',(0.984807753012208,0.17364817766693,0.));
#3841=DIRECTION('center_axis',(-0.984807753012208,-0.17364817766693,0.));
#3842=DIRECTION('ref_axis',(-0.17364817766693,0.984807753012208,2.10314405487301E-17));
#3843=DIRECTION('',(0.,0.,1.));
#3844=DIRECTION('',(0.17364817766693,-0.984807753012208,0.));
#3845=DIRECTION('',(0.,0.,-1.));
#3846=DIRECTION('',(-0.17364817766693,0.984807753012208,2.10314405487301E-17));
#3847=DIRECTION('center_axis',(-0.984807753012209,-0.173648177666927,0.));
#3848=DIRECTION('ref_axis',(0.,0.,-1.));
#3849=DIRECTION('center_axis',(-0.984807753012208,-0.17364817766693,0.));
#3850=DIRECTION('ref_axis',(0.,0.,-1.));
#3851=DIRECTION('',(0.696364240320017,0.12278780396897,-0.70710678118655));
#3852=DIRECTION('center_axis',(0.984807753012208,0.17364817766693,0.));
#3853=DIRECTION('ref_axis',(0.,0.,1.));
#3854=DIRECTION('',(0.,0.,1.));
#3855=DIRECTION('',(0.17364817766693,-0.984807753012208,0.));
#3856=DIRECTION('',(0.,0.,1.));
#3857=DIRECTION('',(0.17364817766693,-0.984807753012208,0.));
#3858=DIRECTION('center_axis',(0.,0.,1.));
#3859=DIRECTION('ref_axis',(-1.,0.,6.54676967837929E-17));
#3860=DIRECTION('center_axis',(1.21115239050017E-16,0.,1.));
#3861=DIRECTION('ref_axis',(-1.,0.,1.21115239050017E-16));
#3862=DIRECTION('',(-0.707106781186542,-8.65956056235487E-17,-0.707106781186553));
#3863=DIRECTION('center_axis',(-1.21115239050017E-16,0.,-1.));
#3864=DIRECTION('ref_axis',(-1.,0.,0.));
#3865=DIRECTION('center_axis',(-1.21115239050017E-16,0.,-1.));
#3866=DIRECTION('ref_axis',(-1.,0.,0.));
#3867=DIRECTION('center_axis',(0.,0.,-1.));
#3868=DIRECTION('ref_axis',(1.,0.,0.));
#3869=DIRECTION('',(0.,0.,-1.));
#3870=DIRECTION('center_axis',(0.,0.,1.));
#3871=DIRECTION('ref_axis',(1.,0.,0.));
#3872=DIRECTION('center_axis',(1.21115239050017E-16,0.,1.));
#3873=DIRECTION('ref_axis',(1.,0.,-1.21115239050017E-16));
#3874=DIRECTION('',(1.,0.,0.));
#3875=DIRECTION('',(0.17364817766693,-0.984807753012208,-2.10314405487301E-17));
#3876=DIRECTION('',(0.984807753012208,0.17364817766693,-1.19275226424384E-16));
#3877=DIRECTION('',(0.,1.,0.));
#3878=DIRECTION('',(-1.,0.,1.21115239050017E-16));
#3879=DIRECTION('center_axis',(0.,0.,-1.));
#3880=DIRECTION('ref_axis',(1.,0.,0.));
#3881=DIRECTION('center_axis',(0.,0.,-1.));
#3882=DIRECTION('ref_axis',(1.,0.,0.));
#3883=DIRECTION('',(0.70710678118654,-8.65956056235484E-17,0.707106781186555));
#3884=DIRECTION('center_axis',(0.,0.,1.));
#3885=DIRECTION('ref_axis',(-0.984807753012208,-0.17364817766693,0.));
#3886=DIRECTION('',(0.,-1.,0.));
#3887=DIRECTION('',(-0.984807753012208,-0.17364817766693,0.));
#3888=DIRECTION('',(0.17364817766693,-0.984807753012208,0.));
#3889=DIRECTION('',(-0.984807753012208,-0.17364817766693,0.));
#3890=DIRECTION('center_axis',(0.,1.,0.));
#3891=DIRECTION('ref_axis',(-1.,0.,0.));
#3892=DIRECTION('center_axis',(0.,1.,0.));
#3893=DIRECTION('ref_axis',(-1.,0.,0.));
#3894=DIRECTION('',(-0.70710678118654,-0.707106781186555,8.65956056235484E-17));
#3895=DIRECTION('center_axis',(0.,-1.,0.));
#3896=DIRECTION('ref_axis',(-1.,0.,0.));
#3897=DIRECTION('center_axis',(0.,-1.,0.));
#3898=DIRECTION('ref_axis',(-1.,0.,0.));
#3899=DIRECTION('center_axis',(0.,-1.,0.));
#3900=DIRECTION('ref_axis',(1.,0.,0.));
#3901=DIRECTION('',(0.,-1.,0.));
#3902=DIRECTION('center_axis',(0.,1.,0.));
#3903=DIRECTION('ref_axis',(1.,0.,0.));
#3904=DIRECTION('center_axis',(0.,-1.,0.));
#3905=DIRECTION('ref_axis',(0.,0.,-1.));
#3906=DIRECTION('',(-0.499999999999998,0.,-0.86602540378444));
#3907=DIRECTION('',(-1.,0.,-6.67695377216512E-17));
#3908=DIRECTION('',(-0.500000000000001,0.,0.866025403784438));
#3909=DIRECTION('center_axis',(0.,1.,0.));
#3910=DIRECTION('ref_axis',(-1.,0.,0.));
#3911=DIRECTION('center_axis',(0.,1.,0.));
#3912=DIRECTION('ref_axis',(-1.,0.,0.));
#3913=DIRECTION('',(-0.70710678118654,-0.707106781186555,8.65956056235484E-17));
#3914=DIRECTION('center_axis',(0.,-1.,0.));
#3915=DIRECTION('ref_axis',(-1.,0.,0.));
#3916=DIRECTION('center_axis',(0.,-1.,0.));
#3917=DIRECTION('ref_axis',(-1.,0.,0.));
#3918=DIRECTION('center_axis',(0.,-1.,0.));
#3919=DIRECTION('ref_axis',(1.,0.,0.));
#3920=DIRECTION('',(0.,-1.,0.));
#3921=DIRECTION('center_axis',(0.,1.,0.));
#3922=DIRECTION('ref_axis',(1.,0.,0.));
#3923=DIRECTION('center_axis',(0.,-1.,0.));
#3924=DIRECTION('ref_axis',(0.,0.,-1.));
#3925=DIRECTION('',(1.,0.,8.5465008283715E-15));
#3926=DIRECTION('',(0.500000000000013,0.,-0.866025403784431));
#3927=DIRECTION('',(-1.,0.,-5.34156301773212E-15));
#3928=DIRECTION('',(0.499999999999998,0.,0.86602540378444));
#3929=DIRECTION('center_axis',(0.,1.,0.));
#3930=DIRECTION('ref_axis',(-1.,0.,0.));
#3931=DIRECTION('center_axis',(0.,1.,0.));
#3932=DIRECTION('ref_axis',(-1.,0.,0.));
#3933=DIRECTION('',(-0.70710678118655,-0.707106781186545,8.65956056235496E-17));
#3934=DIRECTION('center_axis',(0.,-1.,0.));
#3935=DIRECTION('ref_axis',(-1.,0.,0.));
#3936=DIRECTION('center_axis',(0.,-1.,0.));
#3937=DIRECTION('ref_axis',(-1.,0.,0.));
#3938=DIRECTION('center_axis',(0.,1.,0.));
#3939=DIRECTION('ref_axis',(0.,0.,1.));
#3940=DIRECTION('',(0.500000000000001,0.,-0.866025403784438));
#3941=DIRECTION('',(1.,0.,6.67695377216512E-17));
#3942=DIRECTION('',(0.499999999999998,0.,0.86602540378444));
#3943=DIRECTION('',(1.,0.,-1.21115239050017E-16));
#3944=DIRECTION('',(0.,0.,-1.));
#3945=DIRECTION('',(-1.,0.,1.96653359563643E-31));
#3946=DIRECTION('',(1.32960841272474E-16,0.,1.));
#3947=DIRECTION('',(1.,0.,-1.76756271995093E-16));
#3948=DIRECTION('',(0.,0.,-1.));
#3949=DIRECTION('',(1.,0.,-5.67196049545175E-16));
#3950=DIRECTION('',(0.,0.,1.));
#3951=DIRECTION('',(1.,0.,3.48362721984703E-16));
#3952=DIRECTION('',(0.,0.,1.));
#3953=DIRECTION('center_axis',(0.,-1.,0.));
#3954=DIRECTION('ref_axis',(0.129933424532606,0.,0.991522720460419));
#3955=DIRECTION('',(0.,0.,1.));
#3956=DIRECTION('',(-1.,0.,0.));
#3957=DIRECTION('',(0.,0.,1.));
#3958=DIRECTION('',(-1.,0.,0.));
#3959=DIRECTION('',(0.,0.,-1.));
#3960=DIRECTION('',(-1.,0.,0.));
#3961=DIRECTION('',(1.32960841272474E-16,0.,1.));
#3962=DIRECTION('',(1.,0.,3.16302856018563E-17));
#3963=DIRECTION('',(0.,0.,-1.));
#3964=DIRECTION('',(-0.500000000000013,0.,0.866025403784431));
#3965=DIRECTION('',(-1.,0.,-8.5465008283715E-15));
#3966=DIRECTION('',(-0.499999999999998,0.,-0.86602540378444));
#3967=DIRECTION('',(-1.,0.,0.));
#3968=DIRECTION('',(0.,0.,-1.));
#3969=DIRECTION('',(-0.5,0.,0.866025403784439));
#3970=DIRECTION('',(-1.,0.,5.34156301773212E-16));
#3971=DIRECTION('',(-0.5,0.,-0.866025403784438));
#3972=DIRECTION('',(0.499999999999999,0.,-0.866025403784439));
#3973=DIRECTION('',(1.,0.,-5.34156301773212E-16));
#3974=DIRECTION('',(0.5,0.,0.866025403784438));
#3975=DIRECTION('',(-0.5,0.,0.866025403784439));
#3976=DIRECTION('',(-1.,0.,-1.06831260354642E-15));
#3977=DIRECTION('',(-0.499999999999999,0.,-0.866025403784439));
#3978=DIRECTION('',(0.500000000000001,0.,-0.866025403784438));
#3979=DIRECTION('',(1.,0.,1.06831260354643E-15));
#3980=DIRECTION('',(0.499999999999999,0.,0.866025403784439));
#3981=DIRECTION('center_axis',(0.,-1.,0.));
#3982=DIRECTION('ref_axis',(1.,0.,0.));
#3983=DIRECTION('',(0.,-1.,0.));
#3984=DIRECTION('center_axis',(0.,-1.,0.));
#3985=DIRECTION('ref_axis',(1.,0.,0.));
#3986=DIRECTION('center_axis',(-3.77705543197366E-16,0.707106781186547,
-0.707106781186548));
#3987=DIRECTION('ref_axis',(-1.,0.,5.34156301773212E-16));
#3988=DIRECTION('',(-0.377964473009232,-0.654653670707976,-0.654653670707976));
#3989=DIRECTION('',(-1.,0.,5.34156301773212E-16));
#3990=DIRECTION('',(0.377964473009216,-0.65465367070798,-0.65465367070798));
#3991=DIRECTION('center_axis',(-0.612372435695794,0.707106781186549,-0.353553390593273));
#3992=DIRECTION('ref_axis',(-0.499999999999999,0.,0.866025403784439));
#3993=DIRECTION('',(-0.755928946018464,-0.654653670707966,1.33248789368816E-14));
#3994=DIRECTION('',(-0.499999999999999,0.,0.866025403784439));
#3995=DIRECTION('center_axis',(-0.612372435695783,0.707106781186561,0.353553390593267));
#3996=DIRECTION('ref_axis',(0.5,0.,0.866025403784438));
#3997=DIRECTION('',(-0.377964473009257,-0.654653670707967,0.65465367070797));
#3998=DIRECTION('',(0.5,0.,0.866025403784438));
#3999=DIRECTION('center_axis',(0.612372435695791,0.707106781186552,0.353553390593272));
#4000=DIRECTION('ref_axis',(0.5,0.,-0.866025403784439));
#4001=DIRECTION('',(0.5,0.,-0.866025403784439));
#4002=DIRECTION('',(-0.377964473009234,0.654653670707974,-0.654653670707976));
#4003=DIRECTION('',(0.755928946018454,-0.654653670707978,1.57475841981331E-14));
#4004=DIRECTION('center_axis',(3.77705543197365E-16,0.707106781186549,0.707106781186546));
#4005=DIRECTION('ref_axis',(1.,0.,-5.34156301773212E-16));
#4006=DIRECTION('',(1.,0.,-5.34156301773212E-16));
#4007=DIRECTION('center_axis',(0.612372435695799,0.707106781186542,-0.353553390593277));
#4008=DIRECTION('ref_axis',(-0.5,0.,-0.866025403784438));
#4009=DIRECTION('',(-0.5,0.,-0.866025403784438));
#4010=DIRECTION('center_axis',(0.866025403784438,0.,-0.5));
#4011=DIRECTION('ref_axis',(0.5,0.,0.866025403784438));
#4012=DIRECTION('',(0.,-1.,0.));
#4013=DIRECTION('',(0.,-1.,0.));
#4014=DIRECTION('center_axis',(-5.34156301773212E-16,0.,-1.));
#4015=DIRECTION('ref_axis',(1.,0.,-5.34156301773212E-16));
#4016=DIRECTION('',(0.,-1.,0.));
#4017=DIRECTION('center_axis',(-0.866025403784439,0.,-0.5));
#4018=DIRECTION('ref_axis',(0.5,0.,-0.866025403784439));
#4019=DIRECTION('',(0.,-1.,0.));
#4020=DIRECTION('center_axis',(7.55411086394731E-16,0.70710678118655,-0.707106781186545));
#4021=DIRECTION('ref_axis',(-1.,0.,-1.06831260354643E-15));
#4022=DIRECTION('',(-0.377964473009225,-0.654653670707971,-0.654653670707985));
#4023=DIRECTION('',(-1.,0.,-1.06831260354643E-15));
#4024=DIRECTION('',(0.377964473009211,-0.65465367070798,-0.654653670707984));
#4025=DIRECTION('center_axis',(-0.61237243569579,0.707106781186552,-0.353553390593272));
#4026=DIRECTION('ref_axis',(-0.500000000000001,0.,0.866025403784438));
#4027=DIRECTION('',(-0.755928946018458,-0.654653670707973,0.));
#4028=DIRECTION('',(-0.500000000000001,0.,0.866025403784438));
#4029=DIRECTION('center_axis',(-0.612372435695795,0.707106781186548,0.353553390593273));
#4030=DIRECTION('ref_axis',(0.499999999999999,0.,0.866025403784439));
#4031=DIRECTION('',(-0.37796447300924,-0.654653670707981,0.654653670707966));
#4032=DIRECTION('',(0.499999999999999,0.,0.866025403784439));
#4033=DIRECTION('center_axis',(0.612372435695794,0.707106781186548,0.353553390593273));
#4034=DIRECTION('ref_axis',(0.5,0.,-0.866025403784439));
#4035=DIRECTION('',(0.5,0.,-0.866025403784439));
#4036=DIRECTION('',(-0.377964473009236,0.654653670707982,-0.654653670707967));
#4037=DIRECTION('',(0.755928946018452,-0.65465367070798,1.938164209001E-14));
#4038=DIRECTION('center_axis',(-7.55411086394741E-16,0.70710678118654,0.707106781186555));
#4039=DIRECTION('ref_axis',(1.,0.,1.06831260354642E-15));
#4040=DIRECTION('',(1.,0.,1.06831260354642E-15));
#4041=DIRECTION('center_axis',(0.612372435695802,0.70710678118654,-0.353553390593277));
#4042=DIRECTION('ref_axis',(-0.499999999999999,0.,-0.866025403784439));
#4043=DIRECTION('',(-0.499999999999999,0.,-0.866025403784439));
#4044=DIRECTION('center_axis',(0.866025403784439,0.,-0.499999999999999));
#4045=DIRECTION('ref_axis',(0.499999999999999,0.,0.866025403784439));
#4046=DIRECTION('',(0.,-1.,0.));
#4047=DIRECTION('',(0.,-1.,0.));
#4048=DIRECTION('center_axis',(1.06831260354642E-15,0.,-1.));
#4049=DIRECTION('ref_axis',(1.,0.,1.06831260354642E-15));
#4050=DIRECTION('',(0.,-1.,0.));
#4051=DIRECTION('center_axis',(-0.866025403784439,0.,-0.5));
#4052=DIRECTION('ref_axis',(0.5,0.,-0.866025403784439));
#4053=DIRECTION('',(0.,-1.,0.));
#4054=DIRECTION('center_axis',(0.,0.,1.));
#4055=DIRECTION('ref_axis',(-1.,0.,0.));
#4056=DIRECTION('center_axis',(0.,0.,1.));
#4057=DIRECTION('ref_axis',(-1.,0.,0.));
#4058=DIRECTION('',(-0.70710678118655,-8.65956056235497E-17,-0.707106781186545));
#4059=DIRECTION('center_axis',(0.,0.,-1.));
#4060=DIRECTION('ref_axis',(-1.,0.,0.));
#4061=DIRECTION('center_axis',(0.,0.,1.));
#4062=DIRECTION('ref_axis',(-1.,0.,0.));
#4063=DIRECTION('center_axis',(-3.16302856018563E-17,0.,1.));
#4064=DIRECTION('ref_axis',(1.,0.,0.));
#4065=DIRECTION('center_axis',(-3.16302856018563E-17,0.,1.));
#4066=DIRECTION('ref_axis',(1.,0.,0.));
#4067=DIRECTION('',(0.,0.,1.));
#4068=DIRECTION('center_axis',(0.,0.,-1.));
#4069=DIRECTION('ref_axis',(1.,0.,0.));
#4070=DIRECTION('',(1.,0.,0.));
#4071=DIRECTION('',(0.,-1.,0.));
#4072=DIRECTION('',(1.,0.,0.));
#4073=DIRECTION('',(0.,-1.,0.));
#4074=DIRECTION('center_axis',(0.,0.,-1.));
#4075=DIRECTION('ref_axis',(1.,0.,1.70974516766791E-17));
#4076=DIRECTION('center_axis',(3.16302856018563E-17,0.,-1.));
#4077=DIRECTION('ref_axis',(1.,0.,3.16302856018563E-17));
#4078=DIRECTION('',(0.70710678118655,-8.65956056235497E-17,0.707106781186545));
#4079=DIRECTION('center_axis',(3.16302856018563E-17,0.,-1.));
#4080=DIRECTION('ref_axis',(-1.,0.,-3.16302856018563E-17));
#4081=DIRECTION('',(1.,0.,3.16302856018563E-17));
#4082=DIRECTION('',(0.,-1.,0.));
#4083=DIRECTION('',(-1.,0.,-3.16302856018563E-17));
#4084=DIRECTION('',(0.,1.,0.));
#4085=DIRECTION('center_axis',(-0.612372435695789,0.707106781186555,0.353553390593269));
#4086=DIRECTION('ref_axis',(0.499999999999998,0.,0.86602540378444));
#4087=DIRECTION('',(0.499999999999998,0.,0.86602540378444));
#4088=DIRECTION('',(-0.377964473009249,-0.654653670707978,0.654653670707964));
#4089=DIRECTION('center_axis',(0.612372435695782,0.707106781186556,0.353553390593279));
#4090=DIRECTION('ref_axis',(0.500000000000013,0.,-0.866025403784431));
#4091=DIRECTION('',(0.500000000000013,0.,-0.866025403784431));
#4092=DIRECTION('',(-0.377964473009246,0.654653670707974,-0.654653670707969));
#4093=DIRECTION('center_axis',(-6.04328869115796E-15,0.707106781186545,
0.70710678118655));
#4094=DIRECTION('ref_axis',(1.,0.,8.5465008283715E-15));
#4095=DIRECTION('',(1.,0.,8.5465008283715E-15));
#4096=DIRECTION('center_axis',(0.86602540378444,0.,-0.499999999999998));
#4097=DIRECTION('ref_axis',(0.499999999999998,0.,0.86602540378444));
#4098=DIRECTION('',(0.,-1.,0.));
#4099=DIRECTION('center_axis',(8.5465008283715E-15,0.,-1.));
#4100=DIRECTION('ref_axis',(1.,0.,8.5465008283715E-15));
#4101=DIRECTION('',(0.,-1.,0.));
#4102=DIRECTION('center_axis',(-0.866025403784431,0.,-0.500000000000013));
#4103=DIRECTION('ref_axis',(0.500000000000013,0.,-0.866025403784431));
#4104=DIRECTION('center_axis',(0.61237243569577,0.707106781186576,-0.353553390593258));
#4105=DIRECTION('ref_axis',(-0.499999999999998,0.,-0.86602540378444));
#4106=DIRECTION('',(-0.499999999999998,0.,-0.86602540378444));
#4107=DIRECTION('',(0.377964473009279,-0.654653670707963,-0.654653670707962));
#4108=DIRECTION('center_axis',(4.72131928996706E-17,0.707106781186547,-0.707106781186548));
#4109=DIRECTION('ref_axis',(-1.,0.,-6.67695377216512E-17));
#4110=DIRECTION('',(-0.377964473009244,-0.654653670707971,-0.654653670707974));
#4111=DIRECTION('',(-1.,0.,-6.67695377216512E-17));
#4112=DIRECTION('center_axis',(-0.612372435695789,0.707106781186554,-0.353553390593272));
#4113=DIRECTION('ref_axis',(-0.500000000000001,0.,0.866025403784438));
#4114=DIRECTION('',(-0.500000000000001,0.,0.866025403784438));
#4115=DIRECTION('center_axis',(-0.86602540378444,0.,0.499999999999998));
#4116=DIRECTION('ref_axis',(-0.499999999999998,0.,-0.86602540378444));
#4117=DIRECTION('',(0.,-1.,0.));
#4118=DIRECTION('center_axis',(-6.67695377216512E-17,0.,1.));
#4119=DIRECTION('ref_axis',(-1.,0.,-6.67695377216512E-17));
#4120=DIRECTION('',(0.,-1.,0.));
#4121=DIRECTION('center_axis',(0.866025403784438,0.,0.500000000000001));
#4122=DIRECTION('ref_axis',(-0.500000000000001,0.,0.866025403784438));
#4123=DIRECTION('center_axis',(0.,0.707106781186545,0.70710678118655));
#4124=DIRECTION('ref_axis',(1.,0.,0.));
#4125=DIRECTION('',(0.577350269189619,-0.577350269189632,0.577350269189627));
#4126=DIRECTION('',(1.,0.,0.));
#4127=DIRECTION('',(0.57735026918963,-0.577350269189626,0.577350269189622));
#4128=DIRECTION('center_axis',(-0.122787803968973,0.696364240320018,0.707106781186549));
#4129=DIRECTION('ref_axis',(0.985255774317392,0.,0.171087869746035));
#4130=DIRECTION('',(-0.984807753012208,-0.17364817766693,0.));
#4131=DIRECTION('',(-0.468323199181334,-0.66883484342192,0.577350269189628));
#4132=DIRECTION('',(0.984807753012208,0.17364817766693,0.));
#4133=DIRECTION('',(-0.468323199181337,-0.668834843421915,0.577350269189631));
#4134=DIRECTION('center_axis',(0.,-1.,0.));
#4135=DIRECTION('ref_axis',(0.129933424532606,0.,0.991522720460419));
#4136=DIRECTION('center_axis',(0.,1.,0.));
#4137=DIRECTION('ref_axis',(0.129933424532606,0.,0.991522720460419));
#4138=DIRECTION('',(-0.70710678118655,0.707106781186545,0.));
#4139=DIRECTION('center_axis',(-0.819152044288995,0.573576436351042,0.));
#4140=DIRECTION('ref_axis',(0.,0.,1.));
#4141=DIRECTION('',(0.,0.,-1.));
#4142=DIRECTION('',(-0.468323199181337,-0.668834843421915,0.577350269189631));
#4143=DIRECTION('',(0.,0.,1.));
#4144=DIRECTION('center_axis',(0.707106781186534,0.707106781186561,0.));
#4145=DIRECTION('ref_axis',(0.,0.,-1.));
#4146=DIRECTION('',(0.57735026918964,-0.577350269189619,-0.577350269189619));
#4147=DIRECTION('center_axis',(-0.122787803968974,0.696364240320023,0.707106781186544));
#4148=DIRECTION('ref_axis',(0.985255774317392,0.,0.171087869746037));
#4149=DIRECTION('',(-0.984807753012208,-0.17364817766693,0.));
#4150=DIRECTION('',(0.668834843421925,-0.468323199181332,0.577350269189624));
#4151=DIRECTION('',(0.984807753012208,0.17364817766693,0.));
#4152=DIRECTION('center_axis',(2.46329643027987E-16,0.707106781186548,-0.707106781186548));
#4153=DIRECTION('ref_axis',(-1.,0.,-3.48362721984703E-16));
#4154=DIRECTION('',(0.577350269189629,-0.577350269189624,-0.577350269189624));
#4155=DIRECTION('',(-1.,0.,-3.48362721984703E-16));
#4156=DIRECTION('center_axis',(-0.707106781186545,0.70710678118655,0.));
#4157=DIRECTION('ref_axis',(0.,0.,1.));
#4158=DIRECTION('',(0.,0.,1.));
#4159=DIRECTION('',(0.57735026918963,0.577350269189626,-0.577350269189622));
#4160=DIRECTION('',(-0.57735026918963,-0.577350269189626,0.577350269189622));
#4161=DIRECTION('center_axis',(0.573576436351051,0.819152044288988,0.));
#4162=DIRECTION('ref_axis',(0.,0.,-1.));
#4163=DIRECTION('',(0.,0.,1.));
#4164=DIRECTION('',(0.668834843421921,-0.468323199181342,0.577350269189621));
#4165=DIRECTION('',(0.,0.,-1.));
#4166=DIRECTION('center_axis',(0.707106781186545,0.70710678118655,0.));
#4167=DIRECTION('ref_axis',(0.,0.,-1.));
#4168=DIRECTION('',(0.577350269189629,-0.577350269189624,-0.577350269189624));
#4169=DIRECTION('',(0.,0.,-1.));
#4170=DIRECTION('center_axis',(0.577350269189629,0.577350269189622,0.577350269189627));
#4171=DIRECTION('ref_axis',(0.707106781186546,0.,-0.707106781186549));
#4172=DIRECTION('',(-0.707106781186548,0.,0.707106781186547));
#4173=DIRECTION('',(0.707106781186544,-0.707106781186551,0.));
#4174=DIRECTION('',(0.,0.70710678118655,-0.707106781186545));
#4175=DIRECTION('center_axis',(-0.638577754491918,0.535830358272186,0.55236245221952));
#4176=DIRECTION('ref_axis',(0.654205451365872,0.,0.756316882928826));
#4177=DIRECTION('',(0.010673680452289,-0.711530460178612,0.702574178847768));
#4178=DIRECTION('',(0.642787609686541,0.766044443118977,0.));
#4179=DIRECTION('',(-0.702574178847772,-0.113044444501906,-0.702574178847782));
#4180=DIRECTION('center_axis',(-0.904534033733294,0.301511344577758,-0.30151134457776));
#4181=DIRECTION('ref_axis',(-0.316227766016834,0.,0.948683298050515));
#4182=DIRECTION('',(0.408248290463857,0.408248290463867,-0.816496580927727));
#4183=DIRECTION('',(-0.408248290463856,-0.81649658092773,0.408248290463862));
#4184=DIRECTION('center_axis',(0.577350269189625,0.577350269189624,-0.577350269189629));
#4185=DIRECTION('ref_axis',(-0.70710678118655,0.,-0.707106781186545));
#4186=DIRECTION('',(-0.707106781186544,0.707106781186551,0.));
#4187=DIRECTION('',(0.70710678118655,0.,0.707106781186545));
#4188=DIRECTION('',(0.,-0.70710678118655,-0.707106781186545));
#4189=DIRECTION('center_axis',(-4.01068172895614E-16,0.707106781186548,
-0.707106781186548));
#4190=DIRECTION('ref_axis',(-1.,0.,5.67196049545175E-16));
#4191=DIRECTION('',(-0.577350269189623,-0.577350269189627,-0.577350269189627));
#4192=DIRECTION('',(-1.,0.,5.67196049545175E-16));
#4193=DIRECTION('center_axis',(0.707106781186547,0.,0.707106781186548));
#4194=DIRECTION('ref_axis',(0.707106781186548,0.,-0.707106781186547));
#4195=DIRECTION('',(0.,1.,0.));
#4196=DIRECTION('',(0.577350269189625,-0.577350269189628,-0.577350269189624));
#4197=DIRECTION('center_axis',(0.289421769394848,0.915100638545393,-0.280759435699266));
#4198=DIRECTION('ref_axis',(0.,0.293312730366716,0.956016549127065));
#4199=DIRECTION('',(-0.713381449969527,0.010645132641026,-0.700695074900937));
#4200=DIRECTION('',(-0.465847255014484,0.390892259867607,0.793844806099445));
#4201=DIRECTION('',(0.840265387573939,-0.383375845904003,-0.383375845904));
#4202=DIRECTION('center_axis',(-0.638577754491919,0.535830358272187,-0.552362452219517));
#4203=DIRECTION('ref_axis',(-0.654205451365869,0.,0.756316882928828));
#4204=DIRECTION('',(-0.642787609686541,-0.766044443118977,0.));
#4205=DIRECTION('',(-0.010673680452289,0.711530460178612,0.702574178847768));
#4206=DIRECTION('',(0.702574178847771,0.113044444501911,-0.702574178847782));
#4207=DIRECTION('center_axis',(-0.707106781186553,0.,0.707106781186542));
#4208=DIRECTION('ref_axis',(0.707106781186542,0.,0.707106781186553));
#4209=DIRECTION('',(0.,1.,0.));
#4210=DIRECTION('',(0.,-1.,0.));
#4211=DIRECTION('',(0.540716203060915,0.644400477571788,0.540716203060939));
#4212=DIRECTION('',(0.701673843159858,0.123724030206483,0.701673843159869));
#4213=DIRECTION('center_axis',(-0.577350269189633,0.57735026918962,-0.577350269189624));
#4214=DIRECTION('ref_axis',(-0.707106781186542,0.,0.707106781186553));
#4215=DIRECTION('',(0.,0.70710678118655,0.707106781186545));
#4216=DIRECTION('',(0.707106781186542,0.,-0.707106781186553));
#4217=DIRECTION('',(-0.70710678118654,-0.707106781186555,0.));
#4218=DIRECTION('center_axis',(0.577350269189625,-0.577350269189625,-0.577350269189628));
#4219=DIRECTION('ref_axis',(-0.70710678118655,0.,-0.707106781186545));
#4220=DIRECTION('',(0.707106781186549,0.707106781186546,1.04672830578918E-14));
#4221=DIRECTION('',(-1.04672830578919E-14,-0.707106781186555,0.70710678118654));
#4222=DIRECTION('',(-0.70710678118655,0.,-0.707106781186545));
#4223=DIRECTION('center_axis',(-0.70710678118655,0.707106781186545,0.));
#4224=DIRECTION('ref_axis',(0.,0.,1.));
#4225=DIRECTION('',(-0.577350269189624,-0.577350269189629,-0.577350269189624));
#4226=DIRECTION('',(0.,0.,1.));
#4227=DIRECTION('center_axis',(0.289421769394869,0.91510063854539,0.280759435699251));
#4228=DIRECTION('ref_axis',(0.,-0.293312730366702,0.956016549127069));
#4229=DIRECTION('',(0.465847255014483,-0.390892259867605,0.793844806099447));
#4230=DIRECTION('',(0.713381449969484,-0.010645132641024,-0.700695074900981));
#4231=DIRECTION('center_axis',(0.642787609686544,0.766044443118974,0.));
#4232=DIRECTION('ref_axis',(0.,0.,-1.));
#4233=DIRECTION('center_axis',(0.468323199181321,0.668834843421922,-0.577350269189637));
#4234=DIRECTION('ref_axis',(-0.776623226861681,0.,-0.629965366904364));
#4235=DIRECTION('',(-0.819152044288998,0.573576436351037,0.));
#4236=DIRECTION('',(0.696364240320017,0.122787803969001,0.707106781186544));
#4237=DIRECTION('',(0.12278780396898,-0.696364240320024,-0.707106781186541));
#4238=DIRECTION('center_axis',(0.696364240320019,0.122787803968973,-0.707106781186548));
#4239=DIRECTION('ref_axis',(-0.71249829320867,0.,-0.701673843159863));
#4240=DIRECTION('',(-0.17364817766693,0.984807753012208,0.));
#4241=DIRECTION('center_axis',(-0.122787803968972,0.696364240320013,-0.707106781186554));
#4242=DIRECTION('ref_axis',(-0.985255774317393,0.,0.171087869746033));
#4243=DIRECTION('',(-0.984807753012208,-0.17364817766693,0.));
#4244=DIRECTION('',(0.984807753012208,0.17364817766693,0.));
#4245=DIRECTION('center_axis',(0.573576436351051,0.819152044288988,0.));
#4246=DIRECTION('ref_axis',(0.,0.,-1.));
#4247=DIRECTION('',(0.,0.,-1.));
#4248=DIRECTION('',(-0.668834843421921,0.468323199181337,0.577350269189625));
#4249=DIRECTION('',(0.,0.,1.));
#4250=DIRECTION('',(0.668834843421921,-0.468323199181337,-0.577350269189625));
#4251=DIRECTION('center_axis',(-0.577350269189636,-0.577350269189615,-0.577350269189627));
#4252=DIRECTION('ref_axis',(-0.707106781186542,0.,0.707106781186553));
#4253=DIRECTION('',(-0.707106781186542,0.,0.707106781186553));
#4254=DIRECTION('',(0.,0.707106781186555,-0.70710678118654));
#4255=DIRECTION('',(0.70710678118654,-0.707106781186555,-1.04672830578919E-14));
#4256=DIRECTION('center_axis',(2.23659894399401E-17,-0.70710678118654,-0.707106781186555));
#4257=DIRECTION('ref_axis',(-1.,0.,-3.16302856018563E-17));
#4258=DIRECTION('',(-1.,0.,-3.16302856018563E-17));
#4259=DIRECTION('center_axis',(0.577350269189624,-0.577350269189627,0.577350269189626));
#4260=DIRECTION('ref_axis',(0.707106781186549,0.,-0.707106781186546));
#4261=DIRECTION('',(0.70710678118655,0.,-0.707106781186545));
#4262=DIRECTION('',(0.,0.707106781186547,0.707106781186548));
#4263=DIRECTION('',(-0.707106781186549,-0.707106781186546,0.));
#4264=DIRECTION('center_axis',(0.577350269189631,0.577350269189617,-0.57735026918963));
#4265=DIRECTION('ref_axis',(-0.707106781186547,0.,-0.707106781186548));
#4266=DIRECTION('',(-0.707106781186544,0.707106781186551,-5.23364152894594E-15));
#4267=DIRECTION('',(0.707106781186547,0.,0.707106781186548));
#4268=DIRECTION('',(-1.04672830578919E-14,-0.70710678118655,-0.707106781186545));
#4269=DIRECTION('center_axis',(0.707106781186548,0.,-0.707106781186547));
#4270=DIRECTION('ref_axis',(-0.707106781186547,0.,-0.707106781186548));
#4271=DIRECTION('',(0.,1.,0.));
#4272=DIRECTION('',(0.,-1.,0.));
#4273=DIRECTION('',(-0.577350269189627,0.577350269189625,-0.577350269189626));
#4274=DIRECTION('center_axis',(-1.24985558544985E-16,0.707106781186545,
-0.70710678118655));
#4275=DIRECTION('ref_axis',(-1.,0.,1.76756271995093E-16));
#4276=DIRECTION('',(-1.,0.,1.76756271995093E-16));
#4277=DIRECTION('center_axis',(0.468323199181354,0.668834843421944,0.577350269189584));
#4278=DIRECTION('ref_axis',(0.776623226861631,0.,-0.629965366904426));
#4279=DIRECTION('',(0.819152044288998,-0.573576436351037,0.));
#4280=DIRECTION('',(-0.122787803969063,0.696364240320009,-0.707106781186542));
#4281=DIRECTION('',(-0.696364240319974,-0.122787803968977,0.707106781186591));
#4282=DIRECTION('center_axis',(-0.638577754491928,0.535830358272173,-0.552362452219521));
#4283=DIRECTION('ref_axis',(-0.654205451365866,0.,0.756316882928831));
#4284=DIRECTION('',(-0.642787609686541,-0.766044443118977,-4.83097743043407E-15));
#4285=DIRECTION('',(-0.0106736804523307,0.711530460178598,0.702574178847781));
#4286=DIRECTION('',(0.70257417884777,0.113044444501921,-0.702574178847781));
#4287=DIRECTION('center_axis',(-0.122787803968973,0.69636424032002,-0.707106781186546));
#4288=DIRECTION('ref_axis',(-0.985255774317392,0.,0.171087869746036));
#4289=DIRECTION('',(0.984807753012208,0.17364817766693,0.));
#4290=DIRECTION('center_axis',(-0.707106781186553,0.,-0.707106781186542));
#4291=DIRECTION('ref_axis',(-0.707106781186542,0.,0.707106781186553));
#4292=DIRECTION('',(0.,1.,0.));
#4293=DIRECTION('',(-0.701673843159858,-0.123724030206483,0.701673843159869));
#4294=DIRECTION('',(-0.540716203060915,-0.644400477571788,0.540716203060939));
#4295=DIRECTION('center_axis',(-0.577350269189634,-0.577350269189622,0.577350269189621));
#4296=DIRECTION('ref_axis',(0.70710678118654,0.,0.707106781186555));
#4297=DIRECTION('',(0.70710678118654,0.,0.707106781186555));
#4298=DIRECTION('',(-0.70710678118654,0.707106781186555,0.));
#4299=DIRECTION('',(0.,-0.707106781186547,-0.707106781186548));
#4300=DIRECTION('center_axis',(-0.707106781186555,-0.70710678118654,0.));
#4301=DIRECTION('ref_axis',(0.,0.,1.));
#4302=DIRECTION('',(0.,0.,-1.));
#4303=DIRECTION('',(0.,0.,1.));
#4304=DIRECTION('center_axis',(1.39054924090568E-31,-0.707106781186548,
0.707106781186547));
#4305=DIRECTION('ref_axis',(1.,0.,-1.96653359563643E-31));
#4306=DIRECTION('',(-1.,0.,1.96653359563643E-31));
#4307=DIRECTION('',(1.,0.,-1.96653359563643E-31));
#4308=DIRECTION('center_axis',(0.577350269189626,0.57735026918962,0.577350269189631));
#4309=DIRECTION('ref_axis',(0.70710678118655,0.,-0.707106781186545));
#4310=DIRECTION('',(4.18691322315673E-14,0.707106781186548,-0.707106781186548));
#4311=DIRECTION('',(-0.70710678118655,0.,0.707106781186545));
#4312=DIRECTION('',(0.707106781186544,-0.707106781186551,0.));
#4313=DIRECTION('center_axis',(0.707106781186545,0.,0.70710678118655));
#4314=DIRECTION('ref_axis',(0.70710678118655,0.,-0.707106781186545));
#4315=DIRECTION('',(0.,-1.,0.));
#4316=DIRECTION('',(0.,1.,0.));
#4317=DIRECTION('center_axis',(0.707106781186551,0.707106781186544,-9.4017512496035E-17));
#4318=DIRECTION('ref_axis',(-1.32960841272474E-16,0.,-1.));
#4319=DIRECTION('',(-1.32960841272474E-16,0.,-1.));
#4320=DIRECTION('center_axis',(-0.63857775449192,0.535830358272188,0.552362452219514));
#4321=DIRECTION('ref_axis',(0.654205451365866,0.,0.756316882928831));
#4322=DIRECTION('',(-0.702574178847769,-0.113044444501911,-0.702574178847784));
#4323=DIRECTION('',(0.0106736804522889,-0.711530460178609,0.702574178847771));
#4324=DIRECTION('',(0.642787609686541,0.766044443118977,0.));
#4325=DIRECTION('center_axis',(-0.122787803968972,0.696364240320015,0.707106781186551));
#4326=DIRECTION('ref_axis',(0.985255774317392,0.,0.171087869746034));
#4327=DIRECTION('',(-0.984807753012208,-0.17364817766693,1.19275226424384E-16));
#4328=DIRECTION('center_axis',(-0.766044443118977,0.642787609686541,0.));
#4329=DIRECTION('ref_axis',(0.,0.,1.));
#4330=DIRECTION('',(0.,0.,1.));
#4331=DIRECTION('',(0.,0.,-1.));
#4332=DIRECTION('center_axis',(-0.577350269189634,0.577350269189622,0.577350269189622));
#4333=DIRECTION('ref_axis',(0.70710678118654,0.,0.707106781186555));
#4334=DIRECTION('',(0.70710678118654,0.707106781186555,0.));
#4335=DIRECTION('',(-0.70710678118654,0.,-0.707106781186555));
#4336=DIRECTION('',(0.,-0.707106781186548,0.707106781186548));
#4337=DIRECTION('center_axis',(-0.707106781186555,0.,0.70710678118654));
#4338=DIRECTION('ref_axis',(0.70710678118654,0.,0.707106781186555));
#4339=DIRECTION('',(0.,-1.,0.));
#4340=DIRECTION('',(0.,1.,0.));
#4341=DIRECTION('center_axis',(1.39054924090568E-31,0.707106781186548,0.707106781186548));
#4342=DIRECTION('ref_axis',(1.,0.,-1.96653359563643E-31));
#4343=DIRECTION('',(1.,0.,-1.96653359563643E-31));
#4344=DIRECTION('center_axis',(-0.904534033733295,0.301511344577758,0.301511344577758));
#4345=DIRECTION('ref_axis',(0.316227766016832,0.,0.948683298050516));
#4346=DIRECTION('',(0.408248290463855,0.816496580927729,0.408248290463864));
#4347=DIRECTION('',(-0.408248290463855,-0.408248290463865,-0.816496580927729));
#4348=DIRECTION('',(0.,-0.707106781186548,0.707106781186548));
#4349=DIRECTION('center_axis',(-0.707106781186555,0.70710678118654,0.));
#4350=DIRECTION('ref_axis',(0.,0.,1.));
#4351=DIRECTION('',(0.,0.,1.));
#4352=DIRECTION('center_axis',(8.56414068372968E-17,0.707106781186548,0.707106781186548));
#4353=DIRECTION('ref_axis',(1.,0.,-1.21115239050017E-16));
#4354=DIRECTION('center_axis',(-0.707106781186555,0.,0.70710678118654));
#4355=DIRECTION('ref_axis',(0.70710678118654,0.,0.707106781186555));
#4356=DIRECTION('',(0.,-1.,0.));
#4357=DIRECTION('center_axis',(0.696364240320063,0.12278780396898,0.707106781186503));
#4358=DIRECTION('ref_axis',(0.712498293208626,0.,-0.701673843159908));
#4359=DIRECTION('center_axis',(0.573576436351037,0.819152044288998,0.));
#4360=DIRECTION('ref_axis',(0.,0.,-1.));
#4361=DIRECTION('',(0.,0.,1.));
#4362=DIRECTION('center_axis',(0.707106781186546,-0.707106781186549,-9.40175124960342E-17));
#4363=DIRECTION('ref_axis',(-1.32960841272474E-16,0.,-1.));
#4364=DIRECTION('',(1.32960841272474E-16,0.,1.));
#4365=DIRECTION('',(-1.32960841272474E-16,0.,-1.));
#4366=DIRECTION('center_axis',(-0.707106781186553,0.,-0.707106781186542));
#4367=DIRECTION('ref_axis',(-0.707106781186542,0.,0.707106781186553));
#4368=DIRECTION('',(0.,1.,0.));
#4369=DIRECTION('center_axis',(-0.766044443118999,0.642787609686515,0.));
#4370=DIRECTION('ref_axis',(0.,0.,1.));
#4371=DIRECTION('',(0.,0.,1.));
#4372=DIRECTION('',(0.,0.,-1.));
#4373=DIRECTION('center_axis',(0.707106781186543,0.707106781186552,-9.40175124960339E-17));
#4374=DIRECTION('ref_axis',(-1.32960841272474E-16,0.,-1.));
#4375=DIRECTION('',(1.32960841272474E-16,0.,1.));
#4376=DIRECTION('',(-1.32960841272474E-16,0.,-1.));
#4377=DIRECTION('center_axis',(0.707106781186545,0.,-0.70710678118655));
#4378=DIRECTION('ref_axis',(-0.70710678118655,0.,-0.707106781186545));
#4379=DIRECTION('',(0.,-1.,0.));
#4380=DIRECTION('center_axis',(-0.707106781186555,0.70710678118654,0.));
#4381=DIRECTION('ref_axis',(0.,0.,1.));
#4382=DIRECTION('',(0.,0.,1.));
#4383=DIRECTION('center_axis',(2.23659894399399E-17,0.707106781186545,-0.70710678118655));
#4384=DIRECTION('ref_axis',(-1.,0.,-3.16302856018563E-17));
#4385=DIRECTION('center_axis',(-0.122787803968973,0.69636424032002,-0.707106781186546));
#4386=DIRECTION('ref_axis',(-0.985255774317392,0.,0.171087869746036));
#4387=DIRECTION('',(-0.984807753012208,-0.17364817766693,0.));
#4388=DIRECTION('',(0.984807753012208,0.17364817766693,0.));
#4389=DIRECTION('',(-0.468323199181333,-0.668834843421919,-0.577350269189631));
#4390=DIRECTION('center_axis',(-0.707106781186553,0.,-0.707106781186542));
#4391=DIRECTION('ref_axis',(-0.707106781186542,0.,0.707106781186553));
#4392=DIRECTION('',(0.,-1.,0.));
#4393=DIRECTION('',(0.,1.,0.));
#4394=DIRECTION('center_axis',(-0.766044443118977,0.642787609686541,0.));
#4395=DIRECTION('ref_axis',(0.,0.,1.));
#4396=DIRECTION('',(0.,0.,1.));
#4397=DIRECTION('',(0.,0.,-1.));
#4398=DIRECTION('center_axis',(0.,0.707106781186545,-0.70710678118655));
#4399=DIRECTION('ref_axis',(-1.,0.,0.));
#4400=DIRECTION('',(1.,0.,0.));
#4401=DIRECTION('center_axis',(0.707106781186551,0.707106781186544,-9.4017512496035E-17));
#4402=DIRECTION('ref_axis',(-1.32960841272474E-16,0.,-1.));
#4403=DIRECTION('',(-1.32960841272474E-16,0.,-1.));
#4404=DIRECTION('center_axis',(-0.122787803968972,0.696364240320013,0.707106781186554));
#4405=DIRECTION('ref_axis',(0.985255774317393,0.,0.171087869746033));
#4406=DIRECTION('',(-0.984807753012208,-0.17364817766693,0.));
#4407=DIRECTION('',(0.984807753012208,0.17364817766693,0.));
#4408=DIRECTION('center_axis',(-0.819152044288995,0.573576436351042,0.));
#4409=DIRECTION('ref_axis',(0.,0.,1.));
#4410=DIRECTION('',(0.,0.,1.));
#4411=DIRECTION('',(0.,0.,-1.));
#4412=DIRECTION('',(-0.468323199181334,-0.66883484342192,-0.577350269189628));
#4413=DIRECTION('center_axis',(0.,0.707106781186545,0.70710678118655));
#4414=DIRECTION('ref_axis',(1.,0.,0.));
#4415=DIRECTION('center_axis',(-0.122787803968973,0.69636424032002,-0.707106781186546));
#4416=DIRECTION('ref_axis',(-0.985255774317392,0.,0.171087869746036));
#4417=DIRECTION('',(-0.984807753012208,-0.17364817766693,1.02420600507439E-16));
#4418=DIRECTION('',(0.984807753012208,0.17364817766693,-1.02420600507439E-16));
#4419=DIRECTION('',(-0.468323199181333,-0.668834843421919,-0.577350269189631));
#4420=DIRECTION('center_axis',(0.173648177666939,-0.984807753012207,0.));
#4421=DIRECTION('ref_axis',(-0.127959443855137,-0.0225627023881106,-0.991522720460419));
#4422=DIRECTION('center_axis',(-0.17364817766693,0.984807753012208,0.));
#4423=DIRECTION('ref_axis',(-0.127959443855137,-0.0225627023881106,-0.991522720460419));
#4424=DIRECTION('',(0.573576436351037,0.819152044288998,0.));
#4425=DIRECTION('center_axis',(0.17364817766693,-0.984807753012208,0.));
#4426=DIRECTION('ref_axis',(-0.127959443855137,-0.0225627023881106,-0.991522720460419));
#4427=DIRECTION('center_axis',(-0.819152044289005,0.573576436351027,-2.34527679908557E-15));
#4428=DIRECTION('ref_axis',(-2.86305431993542E-15,0.,1.));
#4429=DIRECTION('',(3.2663337930707E-15,5.75942775718184E-16,-1.));
#4430=DIRECTION('',(-3.2663337930707E-15,-5.75942775718184E-16,1.));
#4431=DIRECTION('center_axis',(0.,0.707106781186545,0.70710678118655));
#4432=DIRECTION('ref_axis',(1.,0.,0.));
#4433=DIRECTION('',(1.,0.,0.));
#4434=DIRECTION('',(0.57735026918963,-0.577350269189626,0.577350269189622));
#4435=DIRECTION('center_axis',(-0.819152044288991,0.573576436351047,0.));
#4436=DIRECTION('ref_axis',(0.,0.,1.));
#4437=DIRECTION('',(0.,0.,-1.));
#4438=DIRECTION('center_axis',(0.707106781186545,0.70710678118655,0.));
#4439=DIRECTION('ref_axis',(0.,0.,-1.));
#4440=DIRECTION('',(0.,0.,-1.));
#4441=DIRECTION('center_axis',(0.707106781186555,0.70710678118654,0.));
#4442=DIRECTION('ref_axis',(0.,0.,-1.));
#4443=DIRECTION('',(0.,0.,-1.));
#4444=DIRECTION('center_axis',(0.,-1.,0.));
#4445=DIRECTION('ref_axis',(-0.129933424532606,0.,-0.991522720460419));
#4446=DIRECTION('center_axis',(0.,1.,0.));
#4447=DIRECTION('ref_axis',(-0.129933424532606,0.,-0.991522720460419));
#4448=DIRECTION('',(0.,-1.,0.));
#4449=DIRECTION('center_axis',(-3.48362721984703E-16,0.,1.));
#4450=DIRECTION('ref_axis',(-1.,0.,-3.48362721984703E-16));
#4451=DIRECTION('',(0.,-1.,0.));
#4452=DIRECTION('',(-1.,0.,-3.48362721984703E-16));
#4453=DIRECTION('center_axis',(-1.,0.,0.));
#4454=DIRECTION('ref_axis',(0.,0.,-1.));
#4455=DIRECTION('',(0.,-1.,0.));
#4456=DIRECTION('',(0.,0.,-1.));
#4457=DIRECTION('center_axis',(5.67196049545175E-16,0.,1.));
#4458=DIRECTION('ref_axis',(-1.,0.,5.67196049545175E-16));
#4459=DIRECTION('',(0.,-1.,0.));
#4460=DIRECTION('',(-1.,0.,5.67196049545175E-16));
#4461=DIRECTION('center_axis',(1.,0.,0.));
#4462=DIRECTION('ref_axis',(0.,0.,1.));
#4463=DIRECTION('',(0.,-1.,0.));
#4464=DIRECTION('',(0.,0.,1.));
#4465=DIRECTION('center_axis',(1.76756271995093E-16,0.,1.));
#4466=DIRECTION('ref_axis',(-1.,0.,1.76756271995093E-16));
#4467=DIRECTION('',(-1.,0.,1.76756271995093E-16));
#4468=DIRECTION('center_axis',(-0.984807753012208,-0.17364817766693,0.));
#4469=DIRECTION('ref_axis',(0.,0.,-1.));
#4470=DIRECTION('',(0.17364817766693,-0.984807753012208,0.));
#4471=DIRECTION('',(0.,0.,-1.));
#4472=DIRECTION('center_axis',(0.,0.,1.));
#4473=DIRECTION('ref_axis',(-0.984807753012208,-0.17364817766693,0.));
#4474=DIRECTION('',(0.17364817766693,-0.984807753012208,0.));
#4475=DIRECTION('',(-0.984807753012208,-0.17364817766693,0.));
#4476=DIRECTION('center_axis',(0.984807753012208,0.17364817766693,0.));
#4477=DIRECTION('ref_axis',(0.,0.,1.));
#4478=DIRECTION('',(0.17364817766693,-0.984807753012208,0.));
#4479=DIRECTION('',(0.,0.,1.));
#4480=DIRECTION('center_axis',(1.00864601447892E-16,1.77851506336694E-17,
1.));
#4481=DIRECTION('ref_axis',(-0.984807753012208,-0.17364817766693,1.02420600507439E-16));
#4482=DIRECTION('',(0.17364817766693,-0.984807753012208,0.));
#4483=DIRECTION('',(-0.984807753012208,-0.17364817766693,1.02420600507439E-16));
#4484=DIRECTION('center_axis',(0.984807753012208,0.17364817766693,3.31672225678569E-15));
#4485=DIRECTION('ref_axis',(-3.2663337930707E-15,-5.75942775718184E-16,
1.));
#4486=DIRECTION('',(0.17364817766693,-0.984807753012208,0.));
#4487=DIRECTION('',(-3.2663337930707E-15,-5.75942775718184E-16,1.));
#4488=DIRECTION('center_axis',(0.17364817766693,-0.984807753012208,0.));
#4489=DIRECTION('ref_axis',(0.127959443855137,0.0225627023881106,0.991522720460419));
#4490=DIRECTION('center_axis',(-0.17364817766693,0.984807753012208,3.46944695195361E-18));
#4491=DIRECTION('ref_axis',(0.127959443855137,0.0225627023881106,0.991522720460419));
#4492=DIRECTION('center_axis',(0.,1.,0.));
#4493=DIRECTION('ref_axis',(0.,0.,1.));
#4494=DIRECTION('center_axis',(-1.,0.,0.));
#4495=DIRECTION('ref_axis',(0.,0.,1.));
#4496=DIRECTION('center_axis',(1.96653359563643E-31,0.,1.));
#4497=DIRECTION('ref_axis',(1.,0.,-1.96653359563643E-31));
#4498=DIRECTION('center_axis',(1.,0.,-1.32960841272474E-16));
#4499=DIRECTION('ref_axis',(-1.32960841272474E-16,0.,-1.));
#4500=DIRECTION('center_axis',(0.17364817766693,-0.984807753012208,0.));
#4501=DIRECTION('ref_axis',(-0.984807753012208,-0.17364817766693,1.19275226424384E-16));
#4502=DIRECTION('center_axis',(0.,0.,-1.));
#4503=DIRECTION('ref_axis',(-1.,0.,0.));
#4504=DIRECTION('center_axis',(1.,0.,0.));
#4505=DIRECTION('ref_axis',(0.,0.,1.));
#4506=DIRECTION('',(0.,0.,1.));
#4507=DIRECTION('',(0.,-1.,0.));
#4508=DIRECTION('',(0.,0.,1.));
#4509=DIRECTION('',(0.,-1.,0.));
#4510=DIRECTION('center_axis',(-2.76485572666355E-16,0.,-1.));
#4511=DIRECTION('ref_axis',(1.,0.,-2.76485572666355E-16));
#4512=DIRECTION('',(1.,0.,-2.76485572666355E-16));
#4513=DIRECTION('',(0.,-1.,0.));
#4514=DIRECTION('',(1.,0.,-2.76485572666355E-16));
#4515=DIRECTION('center_axis',(-1.,0.,-1.79068229778251E-16));
#4516=DIRECTION('ref_axis',(1.79068229778251E-16,0.,-1.));
#4517=DIRECTION('',(1.79068229778251E-16,0.,-1.));
#4518=DIRECTION('',(0.,-1.,0.));
#4519=DIRECTION('',(1.79068229778251E-16,0.,-1.));
#4520=DIRECTION('center_axis',(4.60809287777259E-16,0.,1.));
#4521=DIRECTION('ref_axis',(-1.,0.,4.60809287777259E-16));
#4522=DIRECTION('',(-1.,0.,4.60809287777259E-16));
#4523=DIRECTION('',(-1.,0.,4.60809287777259E-16));
#4524=DIRECTION('center_axis',(0.,-1.,0.));
#4525=DIRECTION('ref_axis',(0.,0.,-1.));
#4526=DIRECTION('center_axis',(0.,-1.,0.));
#4527=DIRECTION('ref_axis',(1.,0.,0.));
#4528=DIRECTION('center_axis',(0.,-1.,0.));
#4529=DIRECTION('ref_axis',(1.,0.,0.));
#4530=DIRECTION('',(0.,-1.,0.));
#4531=DIRECTION('center_axis',(0.,-1.,0.));
#4532=DIRECTION('ref_axis',(1.,0.,0.));
#4533=DIRECTION('center_axis',(0.,1.,0.));
#4534=DIRECTION('ref_axis',(0.,0.,1.));
#4535=DIRECTION('center_axis',(0.,0.,-1.));
#4536=DIRECTION('ref_axis',(0.984807753012208,0.17364817766693,0.));
#4537=DIRECTION('',(0.984807753012208,0.17364817766693,0.));
#4538=DIRECTION('',(0.17364817766693,-0.984807753012208,0.));
#4539=DIRECTION('center_axis',(0.,0.,-1.));
#4540=DIRECTION('ref_axis',(0.984807753012208,0.17364817766693,0.));
#4541=DIRECTION('',(0.17364817766693,-0.984807753012208,0.));
#4542=DIRECTION('',(0.984807753012208,0.17364817766693,0.));
#4543=DIRECTION('center_axis',(0.984807753012208,0.17364817766693,0.));
#4544=DIRECTION('ref_axis',(0.,0.,1.));
#4545=DIRECTION('',(0.17364817766693,-0.984807753012208,0.));
#4546=DIRECTION('',(0.,0.,1.));
#4547=DIRECTION('center_axis',(0.,0.,-1.));
#4548=DIRECTION('ref_axis',(0.984807753012208,0.17364817766693,0.));
#4549=DIRECTION('',(0.17364817766693,-0.984807753012208,0.));
#4550=DIRECTION('',(0.984807753012208,0.17364817766693,0.));
#4551=DIRECTION('center_axis',(-0.984807753012208,-0.17364817766693,0.));
#4552=DIRECTION('ref_axis',(0.,0.,-1.));
#4553=DIRECTION('',(0.,0.,-1.));
#4554=DIRECTION('center_axis',(-0.17364817766693,0.984807753012208,0.));
#4555=DIRECTION('ref_axis',(0.,0.,1.));
#4556=DIRECTION('center_axis',(1.,0.,0.));
#4557=DIRECTION('ref_axis',(0.,0.,1.));
#4558=DIRECTION('',(0.,-1.,0.));
#4559=DIRECTION('',(0.,0.,1.));
#4560=DIRECTION('center_axis',(0.,0.,-1.));
#4561=DIRECTION('ref_axis',(1.,0.,0.));
#4562=DIRECTION('',(0.,-1.,0.));
#4563=DIRECTION('',(1.,0.,0.));
#4564=DIRECTION('center_axis',(-1.,0.,0.));
#4565=DIRECTION('ref_axis',(0.,0.,-1.));
#4566=DIRECTION('',(0.,-1.,0.));
#4567=DIRECTION('',(0.,0.,-1.));
#4568=DIRECTION('center_axis',(0.,0.,-1.));
#4569=DIRECTION('ref_axis',(1.,0.,0.));
#4570=DIRECTION('',(0.,-1.,0.));
#4571=DIRECTION('',(1.,0.,0.));
#4572=DIRECTION('center_axis',(-1.,0.,0.));
#4573=DIRECTION('ref_axis',(0.,0.,-1.));
#4574=DIRECTION('',(0.,0.,-1.));
#4575=DIRECTION('center_axis',(0.,1.,0.));
#4576=DIRECTION('ref_axis',(0.,0.,1.));
#4577=DIRECTION('center_axis',(-0.866025403784439,0.,0.499999999999999));
#4578=DIRECTION('ref_axis',(-0.499999999999999,0.,-0.866025403784439));
#4579=DIRECTION('',(0.,-1.,0.));
#4580=DIRECTION('center_axis',(-1.06831260354643E-15,0.,1.));
#4581=DIRECTION('ref_axis',(-1.,0.,-1.06831260354643E-15));
#4582=DIRECTION('',(0.,-1.,0.));
#4583=DIRECTION('center_axis',(0.866025403784438,0.,0.500000000000001));
#4584=DIRECTION('ref_axis',(-0.500000000000001,0.,0.866025403784438));
#4585=DIRECTION('center_axis',(-0.866025403784438,0.,0.5));
#4586=DIRECTION('ref_axis',(-0.5,0.,-0.866025403784438));
#4587=DIRECTION('',(0.,-1.,0.));
#4588=DIRECTION('center_axis',(5.34156301773212E-16,0.,1.));
#4589=DIRECTION('ref_axis',(-1.,0.,5.34156301773212E-16));
#4590=DIRECTION('',(0.,-1.,0.));
#4591=DIRECTION('center_axis',(0.866025403784439,0.,0.5));
#4592=DIRECTION('ref_axis',(-0.499999999999999,0.,0.866025403784439));
#4593=DIRECTION('center_axis',(0.,1.,0.));
#4594=DIRECTION('ref_axis',(0.,0.,1.));
#4595=CARTESIAN_POINT('',(0.,0.,0.));
#4596=CARTESIAN_POINT('Origin',(-130.970281504436,4.25610561964771,-4.85453696797756));
#4597=CARTESIAN_POINT('',(-133.004257654151,7.30000000000001,-8.09686269665969));
#4598=CARTESIAN_POINT('',(-132.613110351943,7.58062430400808,-7.98062430400807));
#4599=CARTESIAN_POINT('',(-129.882018651197,9.54001582576416,-7.1690177616979));
#4600=CARTESIAN_POINT('',(-132.797501995997,7.9,-8.29999999999999));
#4601=CARTESIAN_POINT('',(-130.782309464167,4.40958414783734,-4.80958414783735));
#4602=CARTESIAN_POINT('',(-133.121539030917,7.50313730334034,-8.30000000000002));
#4603=CARTESIAN_POINT('',(-134.918610381615,5.30218338304895,-8.29999999999999));
#4604=CARTESIAN_POINT('',(-131.158253544705,4.10262709145808,-4.89948978811777));
#4605=CARTESIAN_POINT('Origin',(-105.3,7.75,-8.15));
#4606=CARTESIAN_POINT('',(-132.601923788647,7.6,-7.99999999999999));
#4607=CARTESIAN_POINT('',(-131.478462290855,9.54589239452222,-9.9458923945222));
#4608=CARTESIAN_POINT('',(-85.1,7.6,-8.));
#4609=CARTESIAN_POINT('',(-105.3,7.6,-7.99999999999999));
#4610=CARTESIAN_POINT('',(-85.7575260777782,7.9,-8.3));
#4611=CARTESIAN_POINT('',(-85.1,7.6,-8.));
#4612=CARTESIAN_POINT('',(-105.3,7.9,-8.29999999999999));
#4613=CARTESIAN_POINT('Origin',(-135.752135915302,10.6258654976919,-11.2242968460218));
#4614=CARTESIAN_POINT('',(-137.786889648057,7.58062430400802,-7.98062430400801));
#4615=CARTESIAN_POINT('',(-137.395742345849,7.3,-8.09686269665968));
#4616=CARTESIAN_POINT('',(-133.019488095074,4.1603048100973,-9.39736702603522));
#4617=CARTESIAN_POINT('',(-137.278460969083,7.50313730334033,-8.30000000000002));
#4618=CARTESIAN_POINT('',(-135.564163875033,10.4723869695023,-11.269249666162));
#4619=CARTESIAN_POINT('',(-137.602498004003,7.9,-8.29999999999999));
#4620=CARTESIAN_POINT('',(-138.386139250859,8.85976059809775,-8.29999999999999));
#4621=CARTESIAN_POINT('',(-135.940107955571,10.7793440258816,-11.1793440258815));
#4622=CARTESIAN_POINT('Origin',(-139.356921938165,7.6,-4.70000000000001));
#4623=CARTESIAN_POINT('',(-139.356921938165,7.3,-4.70000000000001));
#4624=CARTESIAN_POINT('',(-128.114230484541,7.3,-24.1729128114972));
#4625=CARTESIAN_POINT('',(-139.356921938165,4.,-4.70000000000001));
#4626=CARTESIAN_POINT('',(-139.356921938165,7.6,-4.70000000000001));
#4627=CARTESIAN_POINT('',(-137.278460969083,4.,-8.30000000000002));
#4628=CARTESIAN_POINT('',(-137.278460969083,4.,-8.30000000000002));
#4629=CARTESIAN_POINT('',(-137.278460969083,7.6,-8.30000000000002));
#4630=CARTESIAN_POINT('Origin',(-133.19400420985,15.0566795839879,-17.7448890676823));
#4631=CARTESIAN_POINT('',(-137.395742345849,7.3,-25.3031373033403));
#4632=CARTESIAN_POINT('',(-137.786889648057,7.58062430400807,-25.4193756959919));
#4633=CARTESIAN_POINT('',(-132.311406389187,3.6522994249807,-23.7922102536914));
#4634=CARTESIAN_POINT('',(-137.602498004003,7.9,-25.1));
#4635=CARTESIAN_POINT('',(-133.381976250119,15.2101581121775,-17.7898418878226));
#4636=CARTESIAN_POINT('',(-137.278460969083,7.50313730334029,-25.1));
#4637=CARTESIAN_POINT('',(-127.959836275424,-3.90980049864051,-25.1));
#4638=CARTESIAN_POINT('',(-133.006032169581,14.9032010557982,-17.6999362475421));
#4639=CARTESIAN_POINT('Origin',(-77.8,7.75,-25.25));
#4640=CARTESIAN_POINT('',(-137.798076211353,7.6,-25.4));
#4641=CARTESIAN_POINT('',(-135.007251994859,2.7661506620382,-30.2338493379618));
#4642=CARTESIAN_POINT('',(-140.1,7.6,-25.4));
#4643=CARTESIAN_POINT('',(-77.8,7.6,-25.4));
#4644=CARTESIAN_POINT('',(-140.1,7.9,-25.1));
#4645=CARTESIAN_POINT('',(-140.1,7.6,-25.4));
#4646=CARTESIAN_POINT('',(-77.8,7.9,-25.1));
#4647=CARTESIAN_POINT('Origin',(-128.412149798984,-0.174708466648339,-32.9762771183184));
#4648=CARTESIAN_POINT('',(-132.613110351943,7.58062430400807,-25.4193756959919));
#4649=CARTESIAN_POINT('',(-133.004257654151,7.30000000000001,-25.3031373033403));
#4650=CARTESIAN_POINT('',(-129.173936945309,10.048021210881,-26.441404958576));
#4651=CARTESIAN_POINT('',(-133.121539030917,7.50313730334031,-25.1));
#4652=CARTESIAN_POINT('',(-128.600121839253,-0.328186994837972,-32.9313242981782));
#4653=CARTESIAN_POINT('',(-132.797501995997,7.9,-25.1));
#4654=CARTESIAN_POINT('',(-124.49230740618,18.0717444797872,-25.1));
#4655=CARTESIAN_POINT('',(-128.224177758715,-0.0212299384587054,-33.0212299384586));
#4656=CARTESIAN_POINT('Origin',(-131.043078061835,7.6,-28.7));
#4657=CARTESIAN_POINT('',(-131.043078061835,7.3,-28.7));
#4658=CARTESIAN_POINT('',(-126.035769515459,7.3,-37.3729128114972));
#4659=CARTESIAN_POINT('',(-131.043078061835,4.,-28.7));
#4660=CARTESIAN_POINT('',(-131.043078061835,7.6,-28.7));
#4661=CARTESIAN_POINT('',(-133.121539030917,4.,-25.1));
#4662=CARTESIAN_POINT('',(-133.121539030917,4.,-25.1));
#4663=CARTESIAN_POINT('',(-133.121539030917,7.6,-25.1));
#4664=CARTESIAN_POINT('Origin',(-126.945096189432,7.45,2.09791281149714));
#4665=CARTESIAN_POINT('',(-131.043078061835,7.3,-4.70000000000001));
#4666=CARTESIAN_POINT('',(-127.075,7.3,2.17291281149713));
#4667=CARTESIAN_POINT('',(-130.696667900321,7.6,-4.69999999999999));
#4668=CARTESIAN_POINT('',(-126.845605412353,10.9351179461419,-4.69999999999977));
#4669=CARTESIAN_POINT('',(-126.815192378865,7.6,2.02291281149714));
#4670=CARTESIAN_POINT('Origin',(-133.121539030917,7.6,-8.30000000000002));
#4671=CARTESIAN_POINT('',(-133.121539030917,4.,-8.30000000000002));
#4672=CARTESIAN_POINT('',(-133.121539030917,7.6,-8.30000000000002));
#4673=CARTESIAN_POINT('',(-131.043078061835,4.,-4.70000000000001));
#4674=CARTESIAN_POINT('',(-131.043078061835,4.,-4.70000000000001));
#4675=CARTESIAN_POINT('',(-131.043078061835,7.6,-4.70000000000001));
#4676=CARTESIAN_POINT('Origin',(-128.244134295109,7.45,-24.2479128114972));
#4677=CARTESIAN_POINT('',(-139.703332099679,7.6,-4.69999999999999));
#4678=CARTESIAN_POINT('',(-134.268680301933,2.89345348242933,-4.70000000000027));
#4679=CARTESIAN_POINT('',(-137.798076211353,7.6,-7.99999999999999));
#4680=CARTESIAN_POINT('',(-136.823076211353,5.91125046262018,-6.31125046262017));
#4681=CARTESIAN_POINT('',(-128.374038105677,7.6,-24.3229128114972));
#4682=CARTESIAN_POINT('Origin',(-125.905865704891,7.45,-37.2979128114972));
#4683=CARTESIAN_POINT('',(-130.696667900321,7.6,-28.7));
#4684=CARTESIAN_POINT('',(-126.845605412352,10.935117946142,-28.7));
#4685=CARTESIAN_POINT('',(-132.601923788647,7.6,-25.4));
#4686=CARTESIAN_POINT('',(-129.662638074361,12.6909921951045,-20.3090078048955));
#4687=CARTESIAN_POINT('',(-125.775961894323,7.6,-37.2229128114972));
#4688=CARTESIAN_POINT('Origin',(-127.204903810568,7.45,-7.35208718850294));
#4689=CARTESIAN_POINT('',(-139.356921938165,7.3,-28.7000000000001));
#4690=CARTESIAN_POINT('',(-127.075,7.3,-7.42708718850295));
#4691=CARTESIAN_POINT('',(-139.703332099679,7.6,-28.7000000000001));
#4692=CARTESIAN_POINT('',(-134.268680301933,2.89345348242931,-28.7));
#4693=CARTESIAN_POINT('',(-127.334807621136,7.6,-7.27708718850294));
#4694=CARTESIAN_POINT('Origin',(-137.278460969083,7.6,-25.1));
#4695=CARTESIAN_POINT('',(-137.278460969083,4.,-25.1));
#4696=CARTESIAN_POINT('',(-137.278460969083,7.6,-25.1));
#4697=CARTESIAN_POINT('',(-139.356921938165,4.,-28.7000000000001));
#4698=CARTESIAN_POINT('',(-139.356921938165,4.,-28.7000000000001));
#4699=CARTESIAN_POINT('',(-139.356921938165,7.6,-28.7000000000001));
#4700=CARTESIAN_POINT('Origin',(-5.2,3.85,-4.70000000000001));
#4701=CARTESIAN_POINT('',(-2.7,4.,-4.70000000000001));
#4702=CARTESIAN_POINT('Origin',(-5.2,4.,-4.70000000000001));
#4703=CARTESIAN_POINT('',(-3.,3.7,-4.70000000000001));
#4704=CARTESIAN_POINT('',(-2.85,3.85,-4.70000000000001));
#4705=CARTESIAN_POINT('',(-7.4,3.7,-4.70000000000001));
#4706=CARTESIAN_POINT('Origin',(-5.2,3.7,-4.70000000000001));
#4707=CARTESIAN_POINT('Origin',(-5.2,3.7,-4.70000000000001));
#4708=CARTESIAN_POINT('Origin',(-5.2,4.,-4.70000000000001));
#4709=CARTESIAN_POINT('',(-7.4,0.,-4.70000000000001));
#4710=CARTESIAN_POINT('',(-7.4,4.,-4.70000000000001));
#4711=CARTESIAN_POINT('Origin',(-5.2,0.,-4.70000000000001));
#4712=CARTESIAN_POINT('Origin',(-5.2,4.,-4.70000000000001));
#4713=CARTESIAN_POINT('',(-7.27846096908265,4.,-8.3));
#4714=CARTESIAN_POINT('',(-3.12153903091734,4.,-8.30000000000001));
#4715=CARTESIAN_POINT('',(-3.12153903091734,4.,-8.30000000000001));
#4716=CARTESIAN_POINT('',(-9.3569219381653,4.,-4.70000000000001));
#4717=CARTESIAN_POINT('',(-7.27846096908265,4.,-8.3));
#4718=CARTESIAN_POINT('',(-7.27846096908265,4.,-1.10000000000001));
#4719=CARTESIAN_POINT('',(-9.3569219381653,4.,-4.70000000000001));
#4720=CARTESIAN_POINT('',(-3.12153903091734,4.,-1.10000000000001));
#4721=CARTESIAN_POINT('',(-7.27846096908265,4.,-1.10000000000001));
#4722=CARTESIAN_POINT('',(-1.04307806183469,4.,-4.70000000000001));
#4723=CARTESIAN_POINT('',(-3.12153903091734,4.,-1.10000000000001));
#4724=CARTESIAN_POINT('',(-1.04307806183469,4.,-4.70000000000001));
#4725=CARTESIAN_POINT('Origin',(-5.2,3.85,-28.7));
#4726=CARTESIAN_POINT('',(-2.7,4.,-28.7));
#4727=CARTESIAN_POINT('Origin',(-5.2,4.,-28.7));
#4728=CARTESIAN_POINT('',(-3.,3.7,-28.7));
#4729=CARTESIAN_POINT('',(-2.85,3.85,-28.7));
#4730=CARTESIAN_POINT('',(-7.4,3.7,-28.7));
#4731=CARTESIAN_POINT('Origin',(-5.2,3.7,-28.7));
#4732=CARTESIAN_POINT('Origin',(-5.2,3.7,-28.7));
#4733=CARTESIAN_POINT('Origin',(-5.2,4.,-28.7));
#4734=CARTESIAN_POINT('',(-7.4,0.,-28.7));
#4735=CARTESIAN_POINT('',(-7.4,4.,-28.7));
#4736=CARTESIAN_POINT('Origin',(-5.2,0.,-28.7));
#4737=CARTESIAN_POINT('Origin',(-5.2,4.,-28.7));
#4738=CARTESIAN_POINT('',(-7.27846096908266,4.,-32.3));
#4739=CARTESIAN_POINT('',(-3.12153903091735,4.,-32.3));
#4740=CARTESIAN_POINT('',(-3.12153903091735,4.,-32.3));
#4741=CARTESIAN_POINT('',(-9.3569219381653,4.,-28.7));
#4742=CARTESIAN_POINT('',(-7.27846096908266,4.,-32.3));
#4743=CARTESIAN_POINT('',(-7.27846096908266,4.,-25.1));
#4744=CARTESIAN_POINT('',(-9.3569219381653,4.,-28.7));
#4745=CARTESIAN_POINT('',(-3.12153903091736,4.,-25.1));
#4746=CARTESIAN_POINT('',(-7.27846096908266,4.,-25.1));
#4747=CARTESIAN_POINT('',(-1.04307806183471,4.,-28.7));
#4748=CARTESIAN_POINT('',(-3.12153903091736,4.,-25.1));
#4749=CARTESIAN_POINT('',(-1.04307806183471,4.,-28.7));
#4750=CARTESIAN_POINT('Origin',(-41.937056,4.129,-16.7));
#4751=CARTESIAN_POINT('',(-41.787056,4.129,-17.9));
#4752=CARTESIAN_POINT('Origin',(-41.787056,4.129,-16.7));
#4753=CARTESIAN_POINT('',(-42.087056,4.129,-17.6));
#4754=CARTESIAN_POINT('',(-41.937056,4.129,-17.75));
#4755=CARTESIAN_POINT('',(-42.087056,4.129,-15.8));
#4756=CARTESIAN_POINT('Origin',(-42.087056,4.129,-16.7));
#4757=CARTESIAN_POINT('Origin',(-42.087056,4.129,-16.7));
#4758=CARTESIAN_POINT('Origin',(-41.787056,7.6,-12.5614));
#4759=CARTESIAN_POINT('',(-41.787056,7.3,-12.5614));
#4760=CARTESIAN_POINT('',(-41.787056,7.3,-20.7995906740303));
#4761=CARTESIAN_POINT('',(-41.787056,7.3,-14.6307));
#4762=CARTESIAN_POINT('',(-41.787056,0.7,-12.5614));
#4763=CARTESIAN_POINT('',(-41.787056,7.6,-12.5614));
#4764=CARTESIAN_POINT('',(-41.787056,0.7,-20.7995906740303));
#4765=CARTESIAN_POINT('',(-41.787056,0.7,-20.7995906740303));
#4766=CARTESIAN_POINT('',(-41.787056,7.6,-20.7995906740303));
#4767=CARTESIAN_POINT('Origin',(-41.787056,4.129,-16.7));
#4768=CARTESIAN_POINT('',(-68.725444,4.129,-15.8));
#4769=CARTESIAN_POINT('',(-41.787056,4.129,-15.8));
#4770=CARTESIAN_POINT('Origin',(-68.725444,4.129,-16.7));
#4771=CARTESIAN_POINT('Origin',(-87.9715218399601,21.3200094872441,-18.43717));
#4772=CARTESIAN_POINT('',(-88.119243002912,21.2939622605941,-19.33717));
#4773=CARTESIAN_POINT('Origin',(-88.119243002912,21.2939622605941,-18.43717));
#4774=CARTESIAN_POINT('',(-87.8238006770083,21.3460567138942,-19.63717));
#4775=CARTESIAN_POINT('',(-87.9715218399601,21.3200094872441,-19.48717));
#4776=CARTESIAN_POINT('Origin',(-87.8238006770083,21.3460567138942,-18.43717));
#4777=CARTESIAN_POINT('Origin',(-98.6450504509628,19.4379784137606,-18.43717));
#4778=CARTESIAN_POINT('',(-98.3496081250591,19.4900728670607,-17.53717));
#4779=CARTESIAN_POINT('',(-98.3496081250591,19.4900728670607,-19.33717));
#4780=CARTESIAN_POINT('Origin',(-98.3496081250591,19.4900728670607,-18.43717));
#4781=CARTESIAN_POINT('Origin',(-98.3496081250591,19.4900728670607,-18.43717));
#4782=CARTESIAN_POINT('',(-98.6450504509628,19.4379784137606,-19.33717));
#4783=CARTESIAN_POINT('Origin',(-85.4,7.59999999999999,-8.3));
#4784=CARTESIAN_POINT('',(-85.4520944533001,7.89544232590366,-24.8));
#4785=CARTESIAN_POINT('',(-85.4520944533001,7.89544232590366,-8.6));
#4786=CARTESIAN_POINT('',(-85.4520944533001,7.89544232590366,-12.5));
#4787=CARTESIAN_POINT('',(-88.3744390483901,24.4688820986959,-24.8));
#4788=CARTESIAN_POINT('',(-85.4,7.59999999999999,-24.8));
#4789=CARTESIAN_POINT('',(-88.3744390483901,24.4688820986959,-8.6));
#4790=CARTESIAN_POINT('',(-88.3744390483901,24.4688820986959,-8.3));
#4791=CARTESIAN_POINT('',(-86.2292264641938,12.3027769707279,-8.6));
#4792=CARTESIAN_POINT('Origin',(-98.497329288011,19.4640256404106,-18.43717));
#4793=CARTESIAN_POINT('',(-98.6450504509628,19.4379784137606,-17.23717));
#4794=CARTESIAN_POINT('Origin',(-98.6450504509628,19.4379784137606,-18.43717));
#4795=CARTESIAN_POINT('',(-98.497329288011,19.4640256404106,-17.38717));
#4796=CARTESIAN_POINT('Origin',(-99.2477832756447,22.856246124466,-22.57577));
#4797=CARTESIAN_POINT('',(-99.1956888223446,22.5608037985623,-22.57577));
#4798=CARTESIAN_POINT('',(-99.1956888223446,22.5608037985623,-14.3375793259697));
#4799=CARTESIAN_POINT('',(-99.1956888223446,22.5608037985623,-15.437885));
#4800=CARTESIAN_POINT('',(-98.0496108497429,16.0610726286817,-22.57577));
#4801=CARTESIAN_POINT('',(-99.2477832756447,22.856246124466,-22.57577));
#4802=CARTESIAN_POINT('',(-98.0496108497429,16.0610726286817,-14.3375793259697));
#4803=CARTESIAN_POINT('',(-98.0496108497429,16.0610726286817,-14.3375793259697));
#4804=CARTESIAN_POINT('',(-99.2477832756447,22.856246124466,-14.3375793259697));
#4805=CARTESIAN_POINT('Origin',(-127.519613769281,14.3466138445662,-8.44999999999999));
#4806=CARTESIAN_POINT('',(-125.519613769281,14.3466138445662,-8.29999999999999));
#4807=CARTESIAN_POINT('Origin',(-127.519613769281,14.3466138445662,-8.29999999999999));
#4808=CARTESIAN_POINT('',(-125.819613769281,14.3466138445662,-8.59999999999999));
#4809=CARTESIAN_POINT('',(-125.669613769281,14.3466138445662,-8.44999999999999));
#4810=CARTESIAN_POINT('',(-129.219613769281,14.3466138445662,-8.59999999999999));
#4811=CARTESIAN_POINT('Origin',(-127.519613769281,14.3466138445662,-8.59999999999999));
#4812=CARTESIAN_POINT('Origin',(-127.519613769281,14.3466138445662,-8.59999999999999));
#4813=CARTESIAN_POINT('Origin',(-127.519613769281,14.3466138445662,-8.29999999999999));
#4814=CARTESIAN_POINT('',(-129.219613769281,14.3466138445662,-10.52423));
#4815=CARTESIAN_POINT('',(-129.219613769281,14.3466138445662,-8.29999999999999));
#4816=CARTESIAN_POINT('Origin',(-127.519613769281,14.3466138445662,-10.52423));
#4817=CARTESIAN_POINT('Origin',(-140.4,7.6,-8.29999999999999));
#4818=CARTESIAN_POINT('',(-133.121539030917,4.,-8.30000000000002));
#4819=CARTESIAN_POINT('',(-88.6698813742938,24.4167876453958,-8.3));
#4820=CARTESIAN_POINT('',(-86.5246687900974,12.2506825174279,-8.3));
#4821=CARTESIAN_POINT('',(-140.1,15.3482701106468,-8.29999999999999));
#4822=CARTESIAN_POINT('',(-106.563674477924,21.2616291340107,-8.29999999999999));
#4823=CARTESIAN_POINT('',(-140.1,7.9,-8.29999999999999));
#4824=CARTESIAN_POINT('',(-140.1,3.8,-8.29999999999999));
#4825=CARTESIAN_POINT('',(-105.3,7.9,-8.29999999999999));
#4826=CARTESIAN_POINT('Origin',(-127.519613769281,14.3466138445662,-10.67423));
#4827=CARTESIAN_POINT('',(-129.519613769281,14.3466138445662,-10.82423));
#4828=CARTESIAN_POINT('Origin',(-127.519613769281,14.3466138445662,-10.82423));
#4829=CARTESIAN_POINT('',(-129.369613769281,14.3466138445662,-10.67423));
#4830=CARTESIAN_POINT('Origin',(-115.65731381676,19.9628031493078,-10.82423));
#4831=CARTESIAN_POINT('',(-140.1,15.3482701106468,-10.82423));
#4832=CARTESIAN_POINT('',(-140.1,8.6464544722009,-10.82423));
#4833=CARTESIAN_POINT('',(-140.1,9.98140157465391,-10.82423));
#4834=CARTESIAN_POINT('',(-115.60521936346,19.6673608234042,-10.82423));
#4835=CARTESIAN_POINT('',(-93.5082910996525,23.5636454670928,-10.82423));
#4836=CARTESIAN_POINT('',(-114.459141390858,13.1676296535236,-10.82423));
#4837=CARTESIAN_POINT('',(-115.65731381676,19.9628031493078,-10.82423));
#4838=CARTESIAN_POINT('',(-144.125866339159,7.93658561588111,-10.82423));
#4839=CARTESIAN_POINT('Origin',(-135.2,3.85,-4.70000000000001));
#4840=CARTESIAN_POINT('',(-132.7,4.,-4.70000000000001));
#4841=CARTESIAN_POINT('Origin',(-135.2,4.,-4.70000000000001));
#4842=CARTESIAN_POINT('',(-133.,3.7,-4.70000000000001));
#4843=CARTESIAN_POINT('',(-132.85,3.85,-4.70000000000001));
#4844=CARTESIAN_POINT('',(-137.4,3.7,-4.70000000000001));
#4845=CARTESIAN_POINT('Origin',(-135.2,3.7,-4.70000000000001));
#4846=CARTESIAN_POINT('Origin',(-135.2,3.7,-4.70000000000001));
#4847=CARTESIAN_POINT('Origin',(-135.2,4.,-4.70000000000001));
#4848=CARTESIAN_POINT('',(-137.4,0.,-4.70000000000001));
#4849=CARTESIAN_POINT('',(-137.4,4.,-4.70000000000001));
#4850=CARTESIAN_POINT('Origin',(-135.2,0.,-4.70000000000001));
#4851=CARTESIAN_POINT('Origin',(-135.2,4.,-4.70000000000001));
#4852=CARTESIAN_POINT('',(-137.278460969083,4.,-1.1));
#4853=CARTESIAN_POINT('',(-139.356921938165,4.,-4.70000000000001));
#4854=CARTESIAN_POINT('',(-133.121539030917,4.,-1.1));
#4855=CARTESIAN_POINT('',(-137.278460969083,4.,-1.1));
#4856=CARTESIAN_POINT('',(-133.121539030917,4.,-1.1));
#4857=CARTESIAN_POINT('Origin',(-135.2,3.85,-28.7));
#4858=CARTESIAN_POINT('',(-132.7,4.,-28.7));
#4859=CARTESIAN_POINT('Origin',(-135.2,4.,-28.7));
#4860=CARTESIAN_POINT('',(-133.,3.7,-28.7));
#4861=CARTESIAN_POINT('',(-132.85,3.85,-28.7));
#4862=CARTESIAN_POINT('',(-137.4,3.7,-28.7));
#4863=CARTESIAN_POINT('Origin',(-135.2,3.7,-28.7));
#4864=CARTESIAN_POINT('Origin',(-135.2,3.7,-28.7));
#4865=CARTESIAN_POINT('Origin',(-135.2,4.,-28.7));
#4866=CARTESIAN_POINT('',(-137.4,0.,-28.7));
#4867=CARTESIAN_POINT('',(-137.4,4.,-28.7));
#4868=CARTESIAN_POINT('Origin',(-135.2,0.,-28.7));
#4869=CARTESIAN_POINT('Origin',(-135.2,4.,-28.7));
#4870=CARTESIAN_POINT('',(-137.278460969083,4.,-32.3));
#4871=CARTESIAN_POINT('',(-133.121539030917,4.,-32.3));
#4872=CARTESIAN_POINT('',(-133.121539030917,4.,-32.3));
#4873=CARTESIAN_POINT('',(-137.278460969083,4.,-32.3));
#4874=CARTESIAN_POINT('',(-137.278460969083,4.,-25.1));
#4875=CARTESIAN_POINT('',(-131.043078061835,4.,-28.7));
#4876=CARTESIAN_POINT('Origin',(-70.2,7.45,-16.7));
#4877=CARTESIAN_POINT('',(-63.45,7.6,-16.7));
#4878=CARTESIAN_POINT('Origin',(-70.2,7.6,-16.7));
#4879=CARTESIAN_POINT('',(-63.75,7.3,-16.7));
#4880=CARTESIAN_POINT('',(-63.6,7.45,-16.7));
#4881=CARTESIAN_POINT('',(-76.65,7.3,-16.7));
#4882=CARTESIAN_POINT('Origin',(-70.2,7.3,-16.7));
#4883=CARTESIAN_POINT('Origin',(-70.2,7.3,-16.7));
#4884=CARTESIAN_POINT('Origin',(-70.2,7.6,-16.7));
#4885=CARTESIAN_POINT('',(-132.94833395016,7.6,-0.800000000000001));
#4886=CARTESIAN_POINT('',(-120.579809471617,7.6,-22.2229128114971));
#4887=CARTESIAN_POINT('',(-137.45166604984,7.6,-0.800000000000003));
#4888=CARTESIAN_POINT('',(-101.660769515459,7.6,-0.800000000000001));
#4889=CARTESIAN_POINT('',(-132.530960043842,7.6,7.72291281149706));
#4890=CARTESIAN_POINT('',(-140.1,7.6,-7.99999999999999));
#4891=CARTESIAN_POINT('',(-105.3,7.6,-7.99999999999999));
#4892=CARTESIAN_POINT('',(-140.1,7.6,-0.299999999999998));
#4893=CARTESIAN_POINT('',(-140.1,7.6,-25.05));
#4894=CARTESIAN_POINT('',(-0.299999999999994,7.6,-0.3));
#4895=CARTESIAN_POINT('',(-105.3,7.6,-0.3));
#4896=CARTESIAN_POINT('',(-0.299999999999999,7.6,-12.2614));
#4897=CARTESIAN_POINT('',(-0.299999999999998,7.6,-8.35));
#4898=CARTESIAN_POINT('',(-24.824382,7.6,-12.2614));
#4899=CARTESIAN_POINT('',(-35.1,7.6,-12.2614));
#4900=CARTESIAN_POINT('',(-24.824382,7.6,-11.485036));
#4901=CARTESIAN_POINT('',(-24.824382,7.6,-14.6307));
#4902=CARTESIAN_POINT('',(-29.339159,7.6,-11.485036));
#4903=CARTESIAN_POINT('',(-47.662191,7.6,-11.485036));
#4904=CARTESIAN_POINT('',(-29.339159,7.6,-12.2614));
#4905=CARTESIAN_POINT('',(-29.339159,7.6,-14.242518));
#4906=CARTESIAN_POINT('',(-42.087056,7.6,-12.2614));
#4907=CARTESIAN_POINT('',(-49.6195795,7.6,-12.2614));
#4908=CARTESIAN_POINT('',(-42.087056,7.6,-21.0810598749923));
#4909=CARTESIAN_POINT('',(-42.087056,7.6,-14.6307));
#4910=CARTESIAN_POINT('',(-40.179,7.6,-22.974));
#4911=CARTESIAN_POINT('Origin',(-42.072,7.6,-22.974));
#4912=CARTESIAN_POINT('',(-40.179,7.6,-24.612945));
#4913=CARTESIAN_POINT('',(-40.179,7.6,-19.837));
#4914=CARTESIAN_POINT('',(-29.339159,7.6,-24.612945));
#4915=CARTESIAN_POINT('',(-55.0395,7.6,-24.612945));
#4916=CARTESIAN_POINT('',(-29.339159,7.6,-25.389309));
#4917=CARTESIAN_POINT('',(-29.339159,7.6,-20.5064725));
#4918=CARTESIAN_POINT('',(-24.824382,7.6,-25.389309));
#4919=CARTESIAN_POINT('',(-49.6195795,7.6,-25.389309));
#4920=CARTESIAN_POINT('',(-24.824382,7.6,-24.612945));
#4921=CARTESIAN_POINT('',(-24.824382,7.6,-20.8946545));
#4922=CARTESIAN_POINT('',(-0.300000000000002,7.6,-24.612945));
#4923=CARTESIAN_POINT('',(-47.662191,7.6,-24.612945));
#4924=CARTESIAN_POINT('',(-0.300000000000001,7.6,-33.1));
#4925=CARTESIAN_POINT('',(-0.299999999999998,7.6,-8.35));
#4926=CARTESIAN_POINT('',(-140.1,7.6,-33.1));
#4927=CARTESIAN_POINT('',(-35.1,7.6,-33.1));
#4928=CARTESIAN_POINT('',(-140.1,7.6,-25.05));
#4929=CARTESIAN_POINT('',(-137.45166604984,7.6,-32.6));
#4930=CARTESIAN_POINT('',(-133.570190528383,7.6,-39.3229128114975));
#4931=CARTESIAN_POINT('',(-132.94833395016,7.6,-32.6));
#4932=CARTESIAN_POINT('',(-103.739230484541,7.6,-32.5999999999998));
#4933=CARTESIAN_POINT('',(-121.619039956158,7.6,-12.9770871885029));
#4934=CARTESIAN_POINT('',(-85.1,7.6,-25.4));
#4935=CARTESIAN_POINT('',(-77.8,7.6,-25.4));
#4936=CARTESIAN_POINT('',(-85.1,7.6,-12.5));
#4937=CARTESIAN_POINT('',(-7.45166604983954,7.6,-8.60000000000001));
#4938=CARTESIAN_POINT('',(-9.70333209967908,7.6,-4.70000000000001));
#4939=CARTESIAN_POINT('',(-14.6240381056767,7.6,3.82291281149712));
#4940=CARTESIAN_POINT('',(-2.94833395016044,7.6,-8.60000000000001));
#4941=CARTESIAN_POINT('',(-38.7392304845413,7.6,-8.59999999999999));
#4942=CARTESIAN_POINT('',(-0.696667900320902,7.6,-4.70000000000001));
#4943=CARTESIAN_POINT('',(-13.0651923788647,7.6,-26.1229128114971));
#4944=CARTESIAN_POINT('',(-2.94833395016045,7.6,-0.80000000000001));
#4945=CARTESIAN_POINT('',(-6.82980947161669,7.6,5.92291281149711));
#4946=CARTESIAN_POINT('',(-7.45166604983953,7.6,-0.800000000000005));
#4947=CARTESIAN_POINT('',(-36.6607695154587,7.6,-0.79999999999999));
#4948=CARTESIAN_POINT('',(-18.780960043842,7.6,-20.4229128114971));
#4949=CARTESIAN_POINT('',(-7.45166604983955,7.6,-32.6));
#4950=CARTESIAN_POINT('',(-9.70333209967908,7.6,-28.7));
#4951=CARTESIAN_POINT('',(-19.8201905283833,7.6,-11.1770871885029));
#4952=CARTESIAN_POINT('',(-2.94833395016046,7.6,-32.6));
#4953=CARTESIAN_POINT('',(-38.7392304845413,7.6,-32.6));
#4954=CARTESIAN_POINT('',(-0.696667900320926,7.6,-28.7));
#4955=CARTESIAN_POINT('',(-7.869039956158,7.6,-41.1229128114971));
#4956=CARTESIAN_POINT('',(-2.94833395016047,7.6,-24.8));
#4957=CARTESIAN_POINT('',(-12.0259618943234,7.6,-9.07708718850285));
#4958=CARTESIAN_POINT('',(-7.45166604983954,7.6,-24.8));
#4959=CARTESIAN_POINT('',(-36.6607695154587,7.6,-24.8));
#4960=CARTESIAN_POINT('',(-13.5848076211353,7.6,-35.4229128114971));
#4961=CARTESIAN_POINT('Origin',(-70.2,7.6,-16.7));
#4962=CARTESIAN_POINT('',(-76.65,5.5,-16.7));
#4963=CARTESIAN_POINT('',(-76.65,7.6,-16.7));
#4964=CARTESIAN_POINT('Origin',(-70.2,5.5,-16.7));
#4965=CARTESIAN_POINT('Origin',(-36.6607695154587,7.45,-0.94999999999999));
#4966=CARTESIAN_POINT('',(-3.12153903091734,7.3,-1.10000000000001));
#4967=CARTESIAN_POINT('',(-2.94833395016045,7.6,-0.800000000000007));
#4968=CARTESIAN_POINT('',(-7.27846096908265,7.3,-1.10000000000001));
#4969=CARTESIAN_POINT('',(-36.6607695154587,7.3,-1.09999999999999));
#4970=CARTESIAN_POINT('',(-7.45166604983953,7.6,-0.800000000000005));
#4971=CARTESIAN_POINT('Origin',(-6.95971328218435,7.45,5.84791281149711));
#4972=CARTESIAN_POINT('',(-1.04307806183469,7.3,-4.70000000000001));
#4973=CARTESIAN_POINT('',(-0.696667900320904,7.6,-4.70000000000002));
#4974=CARTESIAN_POINT('',(-7.08961709275202,7.3,5.77291281149711));
#4975=CARTESIAN_POINT('Origin',(-13.1950961894323,7.45,-26.0479128114971));
#4976=CARTESIAN_POINT('',(-3.12153903091734,7.3,-8.30000000000001));
#4977=CARTESIAN_POINT('',(-2.94833395016044,7.6,-8.60000000000001));
#4978=CARTESIAN_POINT('',(-13.325,7.3,-25.9729128114971));
#4979=CARTESIAN_POINT('Origin',(-14.494134295109,7.45,3.89791281149712));
#4980=CARTESIAN_POINT('',(-9.3569219381653,7.3,-4.70000000000001));
#4981=CARTESIAN_POINT('',(-7.27846096908265,7.3,-8.3));
#4982=CARTESIAN_POINT('',(-14.3642304845413,7.3,3.97291281149712));
#4983=CARTESIAN_POINT('',(-7.27846096908265,7.3,-8.3));
#4984=CARTESIAN_POINT('',(-9.70333209967908,7.6,-4.70000000000001));
#4985=CARTESIAN_POINT('Origin',(-38.7392304845413,7.45,-8.44999999999999));
#4986=CARTESIAN_POINT('',(-38.7392304845413,7.3,-8.29999999999999));
#4987=CARTESIAN_POINT('Origin',(-18.6510562332743,7.45,-20.4979128114971));
#4988=CARTESIAN_POINT('',(-18.5211524227066,7.3,-20.5729128114971));
#4989=CARTESIAN_POINT('Origin',(-3.12153903091734,7.6,-8.30000000000001));
#4990=CARTESIAN_POINT('',(-3.12153903091734,7.6,-8.30000000000001));
#4991=CARTESIAN_POINT('',(-1.04307806183469,7.6,-4.70000000000001));
#4992=CARTESIAN_POINT('Origin',(-7.27846096908265,7.6,-8.3));
#4993=CARTESIAN_POINT('',(-7.27846096908265,7.6,-8.3));
#4994=CARTESIAN_POINT('Origin',(-9.3569219381653,7.6,-4.70000000000001));
#4995=CARTESIAN_POINT('',(-9.3569219381653,7.6,-4.70000000000001));
#4996=CARTESIAN_POINT('Origin',(-36.6607695154587,7.45,-24.95));
#4997=CARTESIAN_POINT('',(-3.12153903091736,7.3,-25.1));
#4998=CARTESIAN_POINT('',(-2.94833395016047,7.6,-24.8));
#4999=CARTESIAN_POINT('',(-7.27846096908266,7.3,-25.1));
#5000=CARTESIAN_POINT('',(-36.6607695154587,7.3,-25.1));
#5001=CARTESIAN_POINT('',(-7.45166604983954,7.6,-24.8));
#5002=CARTESIAN_POINT('Origin',(-12.1558657048911,7.45,-9.15208718850285));
#5003=CARTESIAN_POINT('',(-1.04307806183471,7.3,-28.7));
#5004=CARTESIAN_POINT('',(-0.696667900320926,7.6,-28.7));
#5005=CARTESIAN_POINT('',(-12.2857695154587,7.3,-9.22708718850286));
#5006=CARTESIAN_POINT('Origin',(-7.99894376672567,7.45,-41.0479128114971));
#5007=CARTESIAN_POINT('',(-3.12153903091735,7.3,-32.3));
#5008=CARTESIAN_POINT('',(-2.94833395016046,7.6,-32.6));
#5009=CARTESIAN_POINT('',(-8.12884757729334,7.3,-40.9729128114971));
#5010=CARTESIAN_POINT('Origin',(-19.6902867178156,7.45,-11.1020871885029));
#5011=CARTESIAN_POINT('',(-9.3569219381653,7.3,-28.7));
#5012=CARTESIAN_POINT('',(-7.27846096908266,7.3,-32.3));
#5013=CARTESIAN_POINT('',(-19.5603829072479,7.3,-11.0270871885029));
#5014=CARTESIAN_POINT('',(-7.27846096908266,7.3,-32.3));
#5015=CARTESIAN_POINT('',(-9.70333209967908,7.6,-28.7));
#5016=CARTESIAN_POINT('Origin',(-38.7392304845413,7.45,-32.45));
#5017=CARTESIAN_POINT('',(-38.7392304845413,7.3,-32.3));
#5018=CARTESIAN_POINT('Origin',(-13.4549038105676,7.45,-35.4979128114971));
#5019=CARTESIAN_POINT('',(-13.325,7.3,-35.5729128114971));
#5020=CARTESIAN_POINT('Origin',(-3.12153903091735,7.6,-32.3));
#5021=CARTESIAN_POINT('',(-3.12153903091735,7.6,-32.3));
#5022=CARTESIAN_POINT('',(-1.04307806183471,7.6,-28.7));
#5023=CARTESIAN_POINT('Origin',(-7.27846096908266,7.6,-32.3));
#5024=CARTESIAN_POINT('',(-7.27846096908266,7.6,-32.3));
#5025=CARTESIAN_POINT('Origin',(-9.3569219381653,7.6,-28.7));
#5026=CARTESIAN_POINT('',(-9.3569219381653,7.6,-28.7));
#5027=CARTESIAN_POINT('Origin',(-12.467056,4.129,-24.462945));
#5028=CARTESIAN_POINT('',(-10.467056,4.129,-24.312945));
#5029=CARTESIAN_POINT('Origin',(-12.467056,4.129,-24.312945));
#5030=CARTESIAN_POINT('',(-10.767056,4.129,-24.612945));
#5031=CARTESIAN_POINT('',(-10.617056,4.129,-24.462945));
#5032=CARTESIAN_POINT('Origin',(-12.467056,4.129,-24.612945));
#5033=CARTESIAN_POINT('Origin',(-12.467056,4.129,-33.4));
#5034=CARTESIAN_POINT('',(-14.167056,4.129,-33.1));
#5035=CARTESIAN_POINT('',(-10.767056,4.129,-33.1));
#5036=CARTESIAN_POINT('Origin',(-12.467056,4.129,-33.1));
#5037=CARTESIAN_POINT('Origin',(-12.467056,4.129,-33.1));
#5038=CARTESIAN_POINT('',(-10.767056,4.129,-33.4));
#5039=CARTESIAN_POINT('Origin',(-25.124382,7.6,-24.312945));
#5040=CARTESIAN_POINT('',(-25.124382,7.3,-24.312945));
#5041=CARTESIAN_POINT('',(-0.300000000000002,7.3,-24.312945));
#5042=CARTESIAN_POINT('',(-47.662191,7.3,-24.312945));
#5043=CARTESIAN_POINT('',(-25.124382,0.7,-24.312945));
#5044=CARTESIAN_POINT('',(-25.124382,7.6,-24.312945));
#5045=CARTESIAN_POINT('',(-0.300000000000007,0.7,-24.312945));
#5046=CARTESIAN_POINT('',(5.9521190006038E-17,0.7,-24.312945));
#5047=CARTESIAN_POINT('',(-0.300000000000002,3.8,-24.312945));
#5048=CARTESIAN_POINT('Origin',(-12.467056,4.129,-33.25));
#5049=CARTESIAN_POINT('',(-14.467056,4.129,-33.4));
#5050=CARTESIAN_POINT('Origin',(-12.467056,4.129,-33.4));
#5051=CARTESIAN_POINT('',(-14.317056,4.129,-33.25));
#5052=CARTESIAN_POINT('Origin',(-4.44089209850063E-15,0.,-33.4));
#5053=CARTESIAN_POINT('',(-140.1,0.3,-33.4));
#5054=CARTESIAN_POINT('',(-0.300000000000004,0.3,-33.4));
#5055=CARTESIAN_POINT('',(-35.1,0.3,-33.4));
#5056=CARTESIAN_POINT('',(-140.1,7.3,-33.4));
#5057=CARTESIAN_POINT('',(-140.1,0.,-33.4));
#5058=CARTESIAN_POINT('',(-0.300000000000002,7.3,-33.4));
#5059=CARTESIAN_POINT('',(-35.1,7.3,-33.4));
#5060=CARTESIAN_POINT('',(-0.300000000000004,0.,-33.4));
#5061=CARTESIAN_POINT('Origin',(-121.748943766726,7.45,-12.9020871885029));
#5062=CARTESIAN_POINT('',(-133.121539030917,7.3,-32.3));
#5063=CARTESIAN_POINT('',(-121.878847577293,7.3,-12.8270871885029));
#5064=CARTESIAN_POINT('',(-132.94833395016,7.6,-32.6));
#5065=CARTESIAN_POINT('Origin',(-133.440286717815,7.45,-39.2479128114975));
#5066=CARTESIAN_POINT('',(-137.278460969083,7.3,-32.3));
#5067=CARTESIAN_POINT('',(-133.310382907248,7.3,-39.1729128114975));
#5068=CARTESIAN_POINT('',(-137.278460969083,7.3,-32.3));
#5069=CARTESIAN_POINT('Origin',(-103.739230484541,7.45,-32.4499999999998));
#5070=CARTESIAN_POINT('',(-103.739230484541,7.3,-32.2999999999997));
#5071=CARTESIAN_POINT('Origin',(-133.121539030917,7.6,-32.3));
#5072=CARTESIAN_POINT('',(-133.121539030917,7.6,-32.3));
#5073=CARTESIAN_POINT('Origin',(-137.278460969083,7.6,-32.3));
#5074=CARTESIAN_POINT('',(-137.278460969083,7.6,-32.3));
#5075=CARTESIAN_POINT('Origin',(-139.356921938165,7.6,-28.7000000000001));
#5076=CARTESIAN_POINT('Origin',(-132.401056233274,7.45,7.64791281149706));
#5077=CARTESIAN_POINT('',(-137.278460969083,7.3,-1.1));
#5078=CARTESIAN_POINT('',(-132.271152422707,7.3,7.57291281149706));
#5079=CARTESIAN_POINT('',(-137.45166604984,7.6,-0.800000000000003));
#5080=CARTESIAN_POINT('Origin',(-101.660769515459,7.45,-0.950000000000001));
#5081=CARTESIAN_POINT('',(-133.121539030917,7.3,-1.1));
#5082=CARTESIAN_POINT('',(-132.94833395016,7.6,-0.800000000000001));
#5083=CARTESIAN_POINT('',(-101.660769515459,7.3,-1.1));
#5084=CARTESIAN_POINT('Origin',(-120.709713282184,7.45,-22.2979128114971));
#5085=CARTESIAN_POINT('',(-120.839617092752,7.3,-22.3729128114972));
#5086=CARTESIAN_POINT('Origin',(-137.278460969083,7.6,-1.1));
#5087=CARTESIAN_POINT('',(-137.278460969083,7.6,-1.1));
#5088=CARTESIAN_POINT('Origin',(-133.121539030917,7.6,-1.1));
#5089=CARTESIAN_POINT('',(-133.121539030917,7.6,-1.1));
#5090=CARTESIAN_POINT('Origin',(-131.043078061835,7.6,-4.70000000000001));
#5091=CARTESIAN_POINT('Origin',(-55.0395,7.45,-24.462945));
#5092=CARTESIAN_POINT('',(-39.879,7.3,-24.312945));
#5093=CARTESIAN_POINT('',(-40.179,7.6,-24.612945));
#5094=CARTESIAN_POINT('',(-29.039159,7.3,-24.312945));
#5095=CARTESIAN_POINT('',(-55.0395,7.3,-24.312945));
#5096=CARTESIAN_POINT('',(-29.339159,7.6,-24.612945));
#5097=CARTESIAN_POINT('Origin',(-91.6066869558456,24.0512635760559,-22.72577));
#5098=CARTESIAN_POINT('',(-98.9523409497411,22.908340577766,-22.87577));
#5099=CARTESIAN_POINT('',(-111.506568749942,20.6946914946303,-22.87577));
#5100=CARTESIAN_POINT('',(-91.6327341824956,24.1989847390077,-22.87577));
#5101=CARTESIAN_POINT('',(-111.749916622546,20.3471547154266,-22.57577));
#5102=CARTESIAN_POINT('',(-111.506568749942,20.6946914946303,-22.87577));
#5103=CARTESIAN_POINT('',(-91.5806397291955,23.903542413104,-22.57577));
#5104=CARTESIAN_POINT('',(-98.9523409497411,22.908340577766,-22.87577));
#5105=CARTESIAN_POINT('Origin',(-42.072,7.45,-22.974));
#5106=CARTESIAN_POINT('',(-39.879,7.3,-22.974));
#5107=CARTESIAN_POINT('Origin',(-42.072,7.3,-22.974));
#5108=CARTESIAN_POINT('',(-39.879,7.3,-22.974));
#5109=CARTESIAN_POINT('Ctrl Pts',(-42.087056,7.6,-21.0810598749923));
#5110=CARTESIAN_POINT('Ctrl Pts',(-41.98956196146,7.50250596145995,-20.9827873080247));
#5111=CARTESIAN_POINT('Ctrl Pts',(-41.8887792881979,7.40172328819792,-20.8888534122221));
#5112=CARTESIAN_POINT('Ctrl Pts',(-41.787056,7.3,-20.7995906740303));
#5113=CARTESIAN_POINT('Origin',(-111.628242686244,20.5209231050284,-15.826067));
#5114=CARTESIAN_POINT('',(-111.506568749942,20.6946914946303,-23.652134));
#5115=CARTESIAN_POINT('',(-111.506568749942,20.6946914946303,-15.826067));
#5116=CARTESIAN_POINT('',(-111.749916622546,20.3471547154266,-23.352134));
#5117=CARTESIAN_POINT('',(-111.506568749942,20.6946914946303,-23.652134));
#5118=CARTESIAN_POINT('',(-111.749916622546,20.3471547154266,-15.826067));
#5119=CARTESIAN_POINT('Origin',(-41.937056,7.45,-14.6307));
#5120=CARTESIAN_POINT('',(-42.087056,7.6,-12.2614));
#5121=CARTESIAN_POINT('Origin',(-93.5343383263025,23.7113666300446,-23.502134));
#5122=CARTESIAN_POINT('',(-115.952756142663,19.9107086960077,-23.652134));
#5123=CARTESIAN_POINT('',(-93.5603855529526,23.8590877929965,-23.652134));
#5124=CARTESIAN_POINT('',(-115.60521936346,19.6673608234042,-23.352134));
#5125=CARTESIAN_POINT('',(-115.952756142663,19.9107086960077,-23.652134));
#5126=CARTESIAN_POINT('',(-93.5082910996525,23.5636454670928,-23.352134));
#5127=CARTESIAN_POINT('Origin',(-49.6195795,7.45,-12.4114));
#5128=CARTESIAN_POINT('',(-29.039159,7.3,-12.5614));
#5129=CARTESIAN_POINT('',(-29.339159,7.6,-12.2614));
#5130=CARTESIAN_POINT('',(-49.6195795,7.3,-12.5614));
#5131=CARTESIAN_POINT('Origin',(-24.974382,7.45,-20.8946545));
#5132=CARTESIAN_POINT('',(-25.124382,7.3,-25.089309));
#5133=CARTESIAN_POINT('',(-25.124382,7.3,-20.8946545));
#5134=CARTESIAN_POINT('',(-25.124382,7.3,-24.312945));
#5135=CARTESIAN_POINT('',(-24.824382,7.6,-25.389309));
#5136=CARTESIAN_POINT('Origin',(-115.778987753061,19.7890347597059,-15.437885));
#5137=CARTESIAN_POINT('',(-115.952756142663,19.9107086960077,-22.87577));
#5138=CARTESIAN_POINT('',(-115.952756142663,19.9107086960077,-15.437885));
#5139=CARTESIAN_POINT('',(-115.60521936346,19.6673608234042,-22.57577));
#5140=CARTESIAN_POINT('',(-115.952756142663,19.9107086960077,-22.87577));
#5141=CARTESIAN_POINT('',(-115.60521936346,19.6673608234042,-15.437885));
#5142=CARTESIAN_POINT('Origin',(-29.189159,7.45,-14.242518));
#5143=CARTESIAN_POINT('',(-29.039159,7.3,-11.785036));
#5144=CARTESIAN_POINT('',(-29.339159,7.6,-11.485036));
#5145=CARTESIAN_POINT('',(-29.039159,7.3,-14.242518));
#5146=CARTESIAN_POINT('Origin',(-0.3,7.6,-24.612945));
#5147=CARTESIAN_POINT('',(-3.27255787339313E-15,7.3,-24.612945));
#5148=CARTESIAN_POINT('',(-3.2612801348364E-15,7.3,-24.612945));
#5149=CARTESIAN_POINT('',(-0.3,7.6,-24.612945));
#5150=CARTESIAN_POINT('',(-0.300000000000002,7.3,-24.312945));
#5151=CARTESIAN_POINT('Origin',(-140.4,15.3,-22.87577));
#5152=CARTESIAN_POINT('',(-140.104557674096,15.6520944533001,-22.87577));
#5153=CARTESIAN_POINT('',(-140.1,15.3482701106468,-22.57577));
#5154=CARTESIAN_POINT('',(-140.104557674096,15.6520944533001,-22.87577));
#5155=CARTESIAN_POINT('',(-140.4,15.3,-22.87577));
#5156=CARTESIAN_POINT('',(-140.4,15.3,-22.87577));
#5157=CARTESIAN_POINT('',(-140.1,15.3482701106468,-22.57577));
#5158=CARTESIAN_POINT('Origin',(-140.4,7.3,-24.8));
#5159=CARTESIAN_POINT('',(-140.4,7.3,-24.8));
#5160=CARTESIAN_POINT('',(-140.4,7.3,-24.8));
#5161=CARTESIAN_POINT('',(-140.1,7.9,-25.1));
#5162=CARTESIAN_POINT('Origin',(-0.300000000000004,7.3,-33.4));
#5163=CARTESIAN_POINT('',(-4.40619762898109E-15,7.3,-33.1));
#5164=CARTESIAN_POINT('',(-4.40100384611888E-15,7.3,-33.1));
#5165=CARTESIAN_POINT('',(-0.300000000000004,7.3,-33.4));
#5166=CARTESIAN_POINT('',(-0.300000000000002,7.6,-33.1));
#5167=CARTESIAN_POINT('Origin',(-47.662191,7.45,-11.635036));
#5168=CARTESIAN_POINT('',(-25.124382,7.3,-11.785036));
#5169=CARTESIAN_POINT('',(-24.824382,7.6,-11.485036));
#5170=CARTESIAN_POINT('',(-47.662191,7.3,-11.785036));
#5171=CARTESIAN_POINT('Origin',(-0.150000000000003,3.8,-24.462945));
#5172=CARTESIAN_POINT('',(-3.2612801348364E-15,0.399999999999999,-24.612945));
#5173=CARTESIAN_POINT('',(-3.2612801348364E-15,3.8,-24.612945));
#5174=CARTESIAN_POINT('',(-0.300000000000002,0.7,-24.312945));
#5175=CARTESIAN_POINT('Origin',(-85.1,7.6,-25.4));
#5176=CARTESIAN_POINT('',(-85.7575260777783,7.9,-25.1));
#5177=CARTESIAN_POINT('',(-85.4520944533001,7.89544232590366,-24.8));
#5178=CARTESIAN_POINT('',(-85.1,7.6,-25.4));
#5179=CARTESIAN_POINT('',(-85.7575260777783,7.9,-25.1));
#5180=CARTESIAN_POINT('Origin',(-140.1,15.3482701106468,-25.1));
#5181=CARTESIAN_POINT('',(-140.104557674096,15.6520944533001,-24.8));
#5182=CARTESIAN_POINT('',(-140.4,15.3,-24.8));
#5183=CARTESIAN_POINT('',(-140.104557674096,15.6520944533001,-24.8));
#5184=CARTESIAN_POINT('',(-140.1,15.3482701106468,-25.1));
#5185=CARTESIAN_POINT('',(-140.1,15.3482701106468,-25.1));
#5186=CARTESIAN_POINT('',(-140.4,15.3,-24.8));
#5187=CARTESIAN_POINT('Origin',(-140.25,7.36587955583267,-22.72577));
#5188=CARTESIAN_POINT('',(-140.1,8.6464544722009,-22.57577));
#5189=CARTESIAN_POINT('',(-140.1,7.36587955583267,-22.57577));
#5190=CARTESIAN_POINT('',(-140.4,8.29355637798836,-22.87577));
#5191=CARTESIAN_POINT('',(-140.4,7.36587955583267,-22.87577));
#5192=CARTESIAN_POINT('',(-140.104557674096,8.64565083128844,-22.5803276740963));
#5193=CARTESIAN_POINT('',(-140.4,8.29355637798836,-22.87577));
#5194=CARTESIAN_POINT('',(-133.957157781359,9.72960329358229,-16.4329277813593));
#5195=CARTESIAN_POINT('Origin',(-140.4,7.3,-33.1));
#5196=CARTESIAN_POINT('',(-140.1,7.3,-33.4));
#5197=CARTESIAN_POINT('',(-140.4,7.3,-33.1));
#5198=CARTESIAN_POINT('',(-140.4,7.3,-33.1));
#5199=CARTESIAN_POINT('',(-140.1,7.6,-33.1));
#5200=CARTESIAN_POINT('Origin',(-0.300000000000002,0.3,-33.4));
#5201=CARTESIAN_POINT('',(-0.300000000000007,0.,-33.1));
#5202=CARTESIAN_POINT('',(-4.40100384611888E-15,0.3,-33.1));
#5203=CARTESIAN_POINT('',(-0.300000000000006,0.,-33.1));
#5204=CARTESIAN_POINT('',(-0.300000000000002,0.3,-33.4));
#5205=CARTESIAN_POINT('',(-4.40619762898109E-15,0.3,-33.1));
#5206=CARTESIAN_POINT('Origin',(-24.974382,7.45,-14.6307));
#5207=CARTESIAN_POINT('',(-25.124382,7.3,-12.5614));
#5208=CARTESIAN_POINT('',(-24.824382,7.6,-12.2614));
#5209=CARTESIAN_POINT('',(-25.124382,7.3,-14.6307));
#5210=CARTESIAN_POINT('Origin',(-85.4520944533001,7.89544232590366,-8.6));
#5211=CARTESIAN_POINT('',(-85.4520944533001,7.89544232590366,-8.6));
#5212=CARTESIAN_POINT('',(-85.7575260777782,7.9,-8.3));
#5213=CARTESIAN_POINT('Origin',(-85.27604722665,7.74772116295183,-12.5));
#5214=CARTESIAN_POINT('Origin',(-88.6698813742938,24.4167876453958,-25.1));
#5215=CARTESIAN_POINT('',(-88.7219758275939,24.7122299712994,-24.8));
#5216=CARTESIAN_POINT('',(-88.3744390483901,24.4688820986959,-24.8));
#5217=CARTESIAN_POINT('',(-88.6698813742938,24.4167876453958,-25.1));
#5218=CARTESIAN_POINT('',(-88.6698813742938,24.4167876453958,-25.1));
#5219=CARTESIAN_POINT('',(-88.7219758275939,24.7122299712994,-24.8));
#5220=CARTESIAN_POINT('Origin',(-85.5477211629518,7.57395277334995,-24.95));
#5221=CARTESIAN_POINT('',(-85.6954423259037,7.54790554669992,-25.1));
#5222=CARTESIAN_POINT('Origin',(-79.9189481687678,26.1121272676905,-24.95));
#5223=CARTESIAN_POINT('',(-79.8929009421177,25.9644061047387,-25.1));
#5224=CARTESIAN_POINT('',(-79.9449953954178,26.2598484306423,-24.8));
#5225=CARTESIAN_POINT('Origin',(-115.778987753061,19.7890347597059,-9.173933));
#5226=CARTESIAN_POINT('',(-115.60521936346,19.6673608234042,-10.047866));
#5227=CARTESIAN_POINT('',(-115.60521936346,19.6673608234042,-9.173933));
#5228=CARTESIAN_POINT('',(-115.952756142663,19.9107086960077,-10.52423));
#5229=CARTESIAN_POINT('',(-115.60521936346,19.6673608234042,-10.82423));
#5230=CARTESIAN_POINT('',(-115.952756142663,19.9107086960077,-9.747866));
#5231=CARTESIAN_POINT('',(-115.952756142663,19.9107086960077,-9.173933));
#5232=CARTESIAN_POINT('',(-115.952756142663,19.9107086960077,-9.747866));
#5233=CARTESIAN_POINT('Origin',(-140.1,0.,-33.1));
#5234=CARTESIAN_POINT('',(-140.4,0.3,-33.1));
#5235=CARTESIAN_POINT('',(-140.1,0.3,-33.4));
#5236=CARTESIAN_POINT('',(-140.1,0.,-33.1));
#5237=CARTESIAN_POINT('',(-140.1,0.,-33.1));
#5238=CARTESIAN_POINT('',(-140.4,0.3,-33.1));
#5239=CARTESIAN_POINT('Origin',(-35.1,0.15,-33.25));
#5240=CARTESIAN_POINT('',(-35.1,0.,-33.1));
#5241=CARTESIAN_POINT('Origin',(-0.300000000000011,0.,-0.3));
#5242=CARTESIAN_POINT('',(-0.300000000000011,0.3,-2.06486027541825E-29));
#5243=CARTESIAN_POINT('',(-3.46944695195361E-17,0.3,-0.3));
#5244=CARTESIAN_POINT('',(-0.300000000000002,0.3,0.));
#5245=CARTESIAN_POINT('',(-0.300000000000001,0.,-0.3));
#5246=CARTESIAN_POINT('',(-0.300000000000011,0.,-0.3));
#5247=CARTESIAN_POINT('',(-3.98882523817414E-17,0.3,-0.3));
#5248=CARTESIAN_POINT('Origin',(-0.300000000000002,7.3,-12.5614));
#5249=CARTESIAN_POINT('',(-1.6306400674182E-15,7.3,-12.2614));
#5250=CARTESIAN_POINT('',(-1.63028605917831E-15,7.3,-12.2614));
#5251=CARTESIAN_POINT('',(-0.300000000000002,7.3,-12.5614));
#5252=CARTESIAN_POINT('',(-0.300000000000002,7.3,-12.5614));
#5253=CARTESIAN_POINT('',(-0.299999999999998,7.6,-12.2614));
#5254=CARTESIAN_POINT('Origin',(-0.150000000000002,3.8,-12.4114));
#5255=CARTESIAN_POINT('',(-0.300000000000002,0.7,-12.5614));
#5256=CARTESIAN_POINT('',(-0.300000000000002,3.8,-12.5614));
#5257=CARTESIAN_POINT('',(-1.61888150921922E-15,0.4,-12.2614));
#5258=CARTESIAN_POINT('',(-1.6306400674182E-15,3.8,-12.2614));
#5259=CARTESIAN_POINT('',(-1.61888150921922E-15,0.4,-12.2614));
#5260=CARTESIAN_POINT('Origin',(-35.1,7.45,-12.4114));
#5261=CARTESIAN_POINT('',(-35.1,7.3,-12.5614));
#5262=CARTESIAN_POINT('Origin',(-88.6698813742938,24.4167876453958,-8.3));
#5263=CARTESIAN_POINT('',(-88.7219758275939,24.7122299712995,-8.6));
#5264=CARTESIAN_POINT('',(-88.7219758275939,24.7122299712994,-8.6));
#5265=CARTESIAN_POINT('',(-88.6698813742938,24.4167876453958,-8.3));
#5266=CARTESIAN_POINT('',(-88.3744390483901,24.4688820986959,-8.6));
#5267=CARTESIAN_POINT('Origin',(-140.1,15.3482701106468,-10.82423));
#5268=CARTESIAN_POINT('',(-140.104557674096,15.6520944533001,-10.52423));
#5269=CARTESIAN_POINT('',(-140.4,15.3,-10.52423));
#5270=CARTESIAN_POINT('',(-140.104557674096,15.6520944533001,-10.52423));
#5271=CARTESIAN_POINT('',(-140.1,15.3482701106468,-10.82423));
#5272=CARTESIAN_POINT('',(-140.4,15.3,-10.52423));
#5273=CARTESIAN_POINT('Origin',(-93.5343383263025,23.7113666300446,-10.67423));
#5274=CARTESIAN_POINT('',(-93.5603855529526,23.8590877929965,-10.52423));
#5275=CARTESIAN_POINT('Origin',(-140.25,9.98140157465391,-10.67423));
#5276=CARTESIAN_POINT('',(-140.4,8.29355637798836,-10.52423));
#5277=CARTESIAN_POINT('',(-140.4,9.98140157465391,-10.52423));
#5278=CARTESIAN_POINT('',(-140.104557674096,8.64565083128844,-10.8196723259037));
#5279=CARTESIAN_POINT('',(-133.843625927246,9.74962202263233,-17.080604072754));
#5280=CARTESIAN_POINT('',(-140.104557674096,8.64565083128844,-10.8196723259037));
#5281=CARTESIAN_POINT('Origin',(-140.1,0.,-0.299999999999998));
#5282=CARTESIAN_POINT('',(-140.4,0.3,-0.299999999999998));
#5283=CARTESIAN_POINT('',(-140.1,0.3,0.));
#5284=CARTESIAN_POINT('',(-140.4,0.3,-0.3));
#5285=CARTESIAN_POINT('',(-140.1,0.,-0.3));
#5286=CARTESIAN_POINT('',(-140.1,0.,-0.299999999999998));
#5287=CARTESIAN_POINT('',(-140.1,0.3,6.84353691281476E-30));
#5288=CARTESIAN_POINT('Origin',(-140.25,0.15,-25.05));
#5289=CARTESIAN_POINT('',(-140.4,0.3,-25.05));
#5290=CARTESIAN_POINT('',(-140.1,0.,-25.05));
#5291=CARTESIAN_POINT('Origin',(-105.3,0.15,-0.15));
#5292=CARTESIAN_POINT('',(-105.3,0.3,0.));
#5293=CARTESIAN_POINT('',(-105.3,0.,-0.3));
#5294=CARTESIAN_POINT('Origin',(-3.46944695195361E-17,7.3,-0.3));
#5295=CARTESIAN_POINT('',(-0.300000000000002,7.3,0.));
#5296=CARTESIAN_POINT('',(-0.300000000000011,7.3,-2.06486027541825E-29));
#5297=CARTESIAN_POINT('',(-3.98882523817414E-17,7.3,-0.3));
#5298=CARTESIAN_POINT('',(-3.46944695195361E-17,7.3,-0.3));
#5299=CARTESIAN_POINT('',(-0.299999999999997,7.6,-0.3));
#5300=CARTESIAN_POINT('Origin',(-0.150000000000001,0.,-0.15));
#5301=CARTESIAN_POINT('',(-0.300000000000002,0.,0.));
#5302=CARTESIAN_POINT('',(-3.46944695195361E-17,0.,-0.3));
#5303=CARTESIAN_POINT('Origin',(-0.15,7.45,-8.35));
#5304=CARTESIAN_POINT('',(-1.11022302462516E-15,7.3,-8.35));
#5305=CARTESIAN_POINT('Origin',(-140.104557674096,15.6520944533001,-8.59999999999999));
#5306=CARTESIAN_POINT('',(-140.4,15.3,-8.59999999999999));
#5307=CARTESIAN_POINT('',(-140.1,15.3482701106468,-8.29999999999999));
#5308=CARTESIAN_POINT('',(-140.104557674096,15.6520944533001,-8.59999999999999));
#5309=CARTESIAN_POINT('',(-140.104557674096,15.6520944533001,-8.59999999999999));
#5310=CARTESIAN_POINT('',(-140.4,15.3,-8.59999999999999));
#5311=CARTESIAN_POINT('Origin',(-106.589721704574,21.4093502969626,-8.44999999999999));
#5312=CARTESIAN_POINT('',(-106.615768931224,21.5570714599144,-8.59999999999999));
#5313=CARTESIAN_POINT('Origin',(-140.252278837048,15.47604722665,-20.85));
#5314=CARTESIAN_POINT('',(-140.4,15.3,-20.85));
#5315=CARTESIAN_POINT('',(-140.104557674096,15.6520944533001,-20.85));
#5316=CARTESIAN_POINT('Origin',(-140.1,7.3,0.));
#5317=CARTESIAN_POINT('',(-140.4,7.3,-0.3));
#5318=CARTESIAN_POINT('',(-140.4,7.3,-0.299999999999998));
#5319=CARTESIAN_POINT('',(-140.1,7.3,6.84353691281476E-30));
#5320=CARTESIAN_POINT('',(-140.1,7.3,0.));
#5321=CARTESIAN_POINT('',(-140.1,7.6,-0.3));
#5322=CARTESIAN_POINT('Origin',(-140.25,0.,-0.15));
#5323=CARTESIAN_POINT('',(-140.4,0.,-0.3));
#5324=CARTESIAN_POINT('',(-140.1,0.,0.));
#5325=CARTESIAN_POINT('Origin',(-105.3,7.45,-0.15));
#5326=CARTESIAN_POINT('',(-105.3,7.3,0.));
#5327=CARTESIAN_POINT('Origin',(-140.1,7.6,-7.99999999999999));
#5328=CARTESIAN_POINT('',(-140.4,7.3,-8.59999999999999));
#5329=CARTESIAN_POINT('',(-140.4,7.3,-8.59999999999999));
#5330=CARTESIAN_POINT('',(-140.1,7.6,-7.99999999999999));
#5331=CARTESIAN_POINT('',(-140.1,7.9,-8.29999999999999));
#5332=CARTESIAN_POINT('Origin',(-140.25,7.45,-25.05));
#5333=CARTESIAN_POINT('',(-140.4,7.3,-25.05));
#5334=CARTESIAN_POINT('Origin',(-105.3,7.75,-8.14999999999999));
#5335=CARTESIAN_POINT('Origin',(-140.25,3.8,-8.44999999999999));
#5336=CARTESIAN_POINT('',(-140.4,3.8,-8.59999999999999));
#5337=CARTESIAN_POINT('Origin',(-86.3769476271456,12.2767297440779,-8.45));
#5338=CARTESIAN_POINT('Origin',(-88.548207437992,24.5905560349977,-8.3));
#5339=CARTESIAN_POINT('',(-88.7219758275939,24.7122299712994,-8.3));
#5340=CARTESIAN_POINT('Origin',(-0.150000000000002,0.15,-8.35));
#5341=CARTESIAN_POINT('',(-1.11022302462516E-15,0.3,-8.35));
#5342=CARTESIAN_POINT('',(-0.300000000000002,0.,-8.35));
#5343=CARTESIAN_POINT('Origin',(-140.25,0.,-33.25));
#5344=CARTESIAN_POINT('',(-140.4,0.,-33.1));
#5345=CARTESIAN_POINT('Origin',(-140.252278837048,8.4696036046384,-25.05));
#5346=CARTESIAN_POINT('',(-140.4,8.29355637798836,-25.05));
#5347=CARTESIAN_POINT('',(-140.104557674096,8.64565083128844,-25.05));
#5348=CARTESIAN_POINT('Origin',(-0.150000000000003,0.549999999999999,-9.21858625));
#5349=CARTESIAN_POINT('',(-0.300000000000005,0.7,-9.21858625));
#5350=CARTESIAN_POINT('',(-1.21430643318376E-15,0.4,-9.21858625));
#5351=CARTESIAN_POINT('Origin',(-0.150000000000004,0.,-33.25));
#5352=CARTESIAN_POINT('',(-4.40619762898109E-15,0.,-33.1));
#5353=CARTESIAN_POINT('Origin',(-140.25,7.45,-25.05));
#5354=CARTESIAN_POINT('',(-140.4,7.3,-25.05));
#5355=CARTESIAN_POINT('Origin',(-35.1,7.45,-33.25));
#5356=CARTESIAN_POINT('Origin',(-91.6066869558456,24.0512635760559,-9.897866));
#5357=CARTESIAN_POINT('',(-111.749916622546,20.3471547154266,-10.047866));
#5358=CARTESIAN_POINT('',(-91.5806397291955,23.903542413104,-10.047866));
#5359=CARTESIAN_POINT('',(-111.506568749942,20.6946914946303,-9.747866));
#5360=CARTESIAN_POINT('',(-91.6327341824956,24.1989847390077,-9.747866));
#5361=CARTESIAN_POINT('',(-111.506568749942,20.6946914946303,-9.747866));
#5362=CARTESIAN_POINT('Origin',(-140.25,3.8,-24.95));
#5363=CARTESIAN_POINT('',(-140.1,3.8,-25.1));
#5364=CARTESIAN_POINT('',(-140.4,3.8,-24.8));
#5365=CARTESIAN_POINT('Origin',(-140.252278837048,15.47604722665,-20.85));
#5366=CARTESIAN_POINT('',(-140.4,15.3,-20.85));
#5367=CARTESIAN_POINT('',(-140.104557674096,15.6520944533001,-20.85));
#5368=CARTESIAN_POINT('Origin',(-77.8,7.75,-25.25));
#5369=CARTESIAN_POINT('',(-77.8,7.9,-25.1));
#5370=CARTESIAN_POINT('Origin',(-0.15,7.45,-8.35));
#5371=CARTESIAN_POINT('',(-1.11022302462516E-15,7.3,-8.35));
#5372=CARTESIAN_POINT('Origin',(-108.367700800453,21.0958446112234,-22.72577));
#5373=CARTESIAN_POINT('',(-108.393748027103,21.2435657741752,-22.87577));
#5374=CARTESIAN_POINT('',(-108.341653573803,20.9481234482716,-22.57577));
#5375=CARTESIAN_POINT('Origin',(-111.628242686244,20.5209231050284,-9.562115));
#5376=CARTESIAN_POINT('',(-111.749916622546,20.3471547154266,-10.82423));
#5377=CARTESIAN_POINT('',(-111.749916622546,20.3471547154266,-9.562115));
#5378=CARTESIAN_POINT('',(-111.506568749942,20.6946914946303,-10.52423));
#5379=CARTESIAN_POINT('',(-111.506568749942,20.6946914946303,-9.562115));
#5380=CARTESIAN_POINT('',(-111.506568749942,20.6946914946303,-10.52423));
#5381=CARTESIAN_POINT('Origin',(-47.662191,7.45,-24.462945));
#5382=CARTESIAN_POINT('Origin',(-86.2691072267357,24.9924228939805,-10.67423));
#5383=CARTESIAN_POINT('',(-101.074757164326,22.2294733512759,-10.82423));
#5384=CARTESIAN_POINT('',(-86.2430600000857,24.8447017310287,-10.82423));
#5385=CARTESIAN_POINT('',(-100.831409291723,22.5770101304796,-10.52423));
#5386=CARTESIAN_POINT('',(-86.2951544533858,25.1401440569323,-10.52423));
#5387=CARTESIAN_POINT('',(-100.831409291723,22.5770101304796,-10.52423));
#5388=CARTESIAN_POINT('Origin',(-98.9411209886204,22.7580049678513,-12.16317));
#5389=CARTESIAN_POINT('',(-101.074757164326,22.2294733512758,-12.16317));
#5390=CARTESIAN_POINT('Origin',(-98.9150737619703,22.6102838048994,-12.16317));
#5391=CARTESIAN_POINT('',(-100.831409291723,22.5770101304796,-12.16317));
#5392=CARTESIAN_POINT('',(-101.074757164326,22.2294733512758,-12.16317));
#5393=CARTESIAN_POINT('',(-98.9523409497411,22.908340577766,-14.0561101250077));
#5394=CARTESIAN_POINT('Origin',(-98.9671682152704,22.9057261308031,-12.16317));
#5395=CARTESIAN_POINT('Ctrl Pts',(-98.9523409497411,22.908340577766,-14.0561101250077));
#5396=CARTESIAN_POINT('Ctrl Pts',(-99.0314241726419,22.7953980306135,-14.1543826919753));
#5397=CARTESIAN_POINT('Ctrl Pts',(-99.1131750030873,22.6786457450633,-14.2483165877779));
#5398=CARTESIAN_POINT('Ctrl Pts',(-99.1956888223446,22.5608037985623,-14.3375793259697));
#5399=CARTESIAN_POINT('Origin',(-100.953083228024,22.4032417408777,-10.231585));
#5400=CARTESIAN_POINT('',(-100.831409291723,22.5770101304796,-10.231585));
#5401=CARTESIAN_POINT('',(-101.074757164326,22.2294733512758,-10.231585));
#5402=CARTESIAN_POINT('Origin',(-49.6195795,7.45,-25.239309));
#5403=CARTESIAN_POINT('',(-29.039159,7.3,-25.089309));
#5404=CARTESIAN_POINT('',(-49.6195795,7.3,-25.089309));
#5405=CARTESIAN_POINT('',(-29.339159,7.6,-25.389309));
#5406=CARTESIAN_POINT('Origin',(-99.0740148860428,22.7345721881642,-15.437885));
#5407=CARTESIAN_POINT('',(-98.9523409497411,22.908340577766,-15.437885));
#5408=CARTESIAN_POINT('Origin',(-29.189159,7.45,-20.5064725));
#5409=CARTESIAN_POINT('',(-29.039159,7.3,-20.5064725));
#5410=CARTESIAN_POINT('Origin',(-40.029,7.45,-19.837));
#5411=CARTESIAN_POINT('',(-39.879,7.3,-19.837));
#5412=CARTESIAN_POINT('Origin',(-42.072,7.6,-22.974));
#5413=CARTESIAN_POINT('',(-39.879,0.7,-22.974));
#5414=CARTESIAN_POINT('Origin',(-42.072,0.7,-22.974));
#5415=CARTESIAN_POINT('',(-39.879,7.6,-22.974));
#5416=CARTESIAN_POINT('Origin',(-29.039159,7.6,-12.5614));
#5417=CARTESIAN_POINT('',(-29.039159,0.7,-12.5614));
#5418=CARTESIAN_POINT('',(-29.039159,7.6,-12.5614));
#5419=CARTESIAN_POINT('',(-41.787056,0.7,-12.5614));
#5420=CARTESIAN_POINT('Origin',(-29.039159,7.6,-11.785036));
#5421=CARTESIAN_POINT('',(-29.039159,0.7,-11.785036));
#5422=CARTESIAN_POINT('',(-29.039159,7.6,-11.785036));
#5423=CARTESIAN_POINT('',(-29.039159,0.7,-12.5614));
#5424=CARTESIAN_POINT('Origin',(-25.124382,7.6,-11.785036));
#5425=CARTESIAN_POINT('',(-25.124382,0.7,-11.785036));
#5426=CARTESIAN_POINT('',(-25.124382,7.6,-11.785036));
#5427=CARTESIAN_POINT('',(-29.039159,0.7,-11.785036));
#5428=CARTESIAN_POINT('Origin',(-25.124382,7.6,-12.5614));
#5429=CARTESIAN_POINT('',(-25.124382,0.7,-12.5614));
#5430=CARTESIAN_POINT('',(-25.124382,7.6,-12.5614));
#5431=CARTESIAN_POINT('',(-25.124382,0.7,-11.785036));
#5432=CARTESIAN_POINT('Origin',(0.,7.6,-12.5614));
#5433=CARTESIAN_POINT('',(-25.124382,0.7,-12.5614));
#5434=CARTESIAN_POINT('Origin',(-115.65731381676,19.9628031493078,-10.047866));
#5435=CARTESIAN_POINT('',(-114.459141390858,13.1676296535236,-10.047866));
#5436=CARTESIAN_POINT('',(-115.65731381676,19.9628031493078,-10.047866));
#5437=CARTESIAN_POINT('',(-114.459141390858,13.1676296535236,-10.82423));
#5438=CARTESIAN_POINT('Origin',(-111.802011075846,20.6425970413302,-10.047866));
#5439=CARTESIAN_POINT('',(-110.603838649944,13.847423545546,-10.047866));
#5440=CARTESIAN_POINT('',(-111.802011075846,20.6425970413302,-10.047866));
#5441=CARTESIAN_POINT('',(-114.459141390858,13.1676296535236,-10.047866));
#5442=CARTESIAN_POINT('Origin',(-111.802011075846,20.6425970413302,-10.82423));
#5443=CARTESIAN_POINT('',(-110.603838649944,13.847423545546,-10.82423));
#5444=CARTESIAN_POINT('',(-111.802011075846,20.6425970413302,-10.82423));
#5445=CARTESIAN_POINT('',(-110.603838649944,13.847423545546,-10.047866));
#5446=CARTESIAN_POINT('Origin',(-101.126851617626,22.5249156771795,-10.82423));
#5447=CARTESIAN_POINT('',(-99.9286791917243,15.7297421813953,-10.82423));
#5448=CARTESIAN_POINT('',(-101.126851617626,22.5249156771795,-10.82423));
#5449=CARTESIAN_POINT('',(-110.603838649944,13.847423545546,-10.82423));
#5450=CARTESIAN_POINT('Origin',(-101.126851617626,22.5249156771795,-12.16317));
#5451=CARTESIAN_POINT('',(-99.9286791917243,15.7297421813953,-12.16317));
#5452=CARTESIAN_POINT('',(-101.126851617626,22.5249156771795,-12.16317));
#5453=CARTESIAN_POINT('',(-99.9286791917243,15.7297421813953,-10.82423));
#5454=CARTESIAN_POINT('Origin',(-98.9671682152704,22.9057261308031,-12.16317));
#5455=CARTESIAN_POINT('Origin',(-97.7689957893686,16.1105526350189,-12.16317));
#5456=CARTESIAN_POINT('Origin',(-70.2,0.,-16.7));
#5457=CARTESIAN_POINT('Origin',(-140.4,0.,-33.4));
#5458=CARTESIAN_POINT('Origin',(-140.4,0.,2.76101316827354E-29));
#5459=CARTESIAN_POINT('Origin',(0.,0.,0.));
#5460=CARTESIAN_POINT('Origin',(-71.4634572891454,27.7553724366851,-8.3));
#5461=CARTESIAN_POINT('Origin',(-85.4,7.6,-25.1));
#5462=CARTESIAN_POINT('Origin',(-68.725444,5.2,-18.25));
#5463=CARTESIAN_POINT('',(-68.725444,5.2,-18.25));
#5464=CARTESIAN_POINT('',(-68.725444,5.2,-15.15));
#5465=CARTESIAN_POINT('',(-68.725444,5.2,-17.475));
#5466=CARTESIAN_POINT('',(-68.725444,2.6,-18.25));
#5467=CARTESIAN_POINT('',(-68.725444,5.2,-18.25));
#5468=CARTESIAN_POINT('',(-68.725444,2.6,-15.15));
#5469=CARTESIAN_POINT('',(-68.725444,2.6,-15.15));
#5470=CARTESIAN_POINT('',(-68.725444,5.2,-15.15));
#5471=CARTESIAN_POINT('Origin',(-71.737056,5.2,-18.25));
#5472=CARTESIAN_POINT('',(-71.737056,5.2,-18.25));
#5473=CARTESIAN_POINT('',(-70.968528,5.2,-18.25));
#5474=CARTESIAN_POINT('',(-71.737056,2.6,-18.25));
#5475=CARTESIAN_POINT('',(-71.737056,5.2,-18.25));
#5476=CARTESIAN_POINT('',(-68.725444,2.6,-18.25));
#5477=CARTESIAN_POINT('Origin',(-71.737056,5.2,-15.15));
#5478=CARTESIAN_POINT('',(-71.737056,5.2,-15.15));
#5479=CARTESIAN_POINT('',(-71.737056,5.2,-15.925));
#5480=CARTESIAN_POINT('',(-71.737056,2.6,-15.15));
#5481=CARTESIAN_POINT('',(-71.737056,5.2,-15.15));
#5482=CARTESIAN_POINT('',(-71.737056,2.6,-18.25));
#5483=CARTESIAN_POINT('Origin',(-68.725444,5.2,-15.15));
#5484=CARTESIAN_POINT('',(-69.462722,5.2,-15.15));
#5485=CARTESIAN_POINT('',(-71.737056,2.6,-15.15));
#5486=CARTESIAN_POINT('Origin',(-70.23125,2.6,-16.7));
#5487=CARTESIAN_POINT('Origin',(-70.2,5.5,-16.7));
#5488=CARTESIAN_POINT('',(-75.65,5.5,-16.7));
#5489=CARTESIAN_POINT('Origin',(-70.2,5.5,-16.7));
#5490=CARTESIAN_POINT('',(-75.65,5.2,-16.7));
#5491=CARTESIAN_POINT('',(-75.65,5.5,-16.7));
#5492=CARTESIAN_POINT('Origin',(-70.2,5.2,-16.7));
#5493=CARTESIAN_POINT('Origin',(-70.2,5.2,-16.7));
#5494=CARTESIAN_POINT('Origin',(-145.324038765061,14.7317591116653,-22.57577));
#5495=CARTESIAN_POINT('',(-114.459141390858,13.1676296535236,-22.57577));
#5496=CARTESIAN_POINT('',(-114.459141390858,13.1676296535236,-22.57577));
#5497=CARTESIAN_POINT('',(-115.65731381676,19.9628031493078,-22.57577));
#5498=CARTESIAN_POINT('Origin',(-111.802011075846,20.6425970413302,-22.57577));
#5499=CARTESIAN_POINT('',(-110.603838649944,13.847423545546,-22.57577));
#5500=CARTESIAN_POINT('',(-111.802011075846,20.6425970413302,-22.57577));
#5501=CARTESIAN_POINT('',(-98.0496108497429,16.0610726286817,-22.57577));
#5502=CARTESIAN_POINT('Origin',(-111.802011075846,20.6425970413302,-23.352134));
#5503=CARTESIAN_POINT('',(-110.603838649944,13.847423545546,-23.352134));
#5504=CARTESIAN_POINT('',(-111.802011075846,20.6425970413302,-23.352134));
#5505=CARTESIAN_POINT('',(-110.603838649944,13.847423545546,-22.57577));
#5506=CARTESIAN_POINT('Origin',(-115.65731381676,19.9628031493078,-23.352134));
#5507=CARTESIAN_POINT('',(-114.459141390858,13.1676296535236,-23.352134));
#5508=CARTESIAN_POINT('',(-115.65731381676,19.9628031493078,-23.352134));
#5509=CARTESIAN_POINT('',(-110.603838649944,13.847423545546,-23.352134));
#5510=CARTESIAN_POINT('Origin',(-115.65731381676,19.9628031493078,-22.57577));
#5511=CARTESIAN_POINT('',(-114.459141390858,13.1676296535236,-23.352134));
#5512=CARTESIAN_POINT('Origin',(-121.087738594451,11.9988291222814,-16.7));
#5513=CARTESIAN_POINT('Origin',(-25.124382,7.6,-25.089309));
#5514=CARTESIAN_POINT('',(-25.124382,0.7,-25.089309));
#5515=CARTESIAN_POINT('',(-25.124382,7.6,-25.089309));
#5516=CARTESIAN_POINT('',(-25.124382,0.7,-24.312945));
#5517=CARTESIAN_POINT('Origin',(-29.039159,7.6,-25.089309));
#5518=CARTESIAN_POINT('',(-29.039159,0.7,-25.089309));
#5519=CARTESIAN_POINT('',(-29.039159,7.6,-25.089309));
#5520=CARTESIAN_POINT('',(-25.124382,0.7,-25.089309));
#5521=CARTESIAN_POINT('Origin',(-29.039159,7.6,-24.312945));
#5522=CARTESIAN_POINT('',(-29.039159,0.7,-24.312945));
#5523=CARTESIAN_POINT('',(-29.039159,7.6,-24.312945));
#5524=CARTESIAN_POINT('',(-29.039159,0.7,-25.089309));
#5525=CARTESIAN_POINT('Origin',(-39.879,7.6,-24.312945));
#5526=CARTESIAN_POINT('',(-39.879,0.7,-24.312945));
#5527=CARTESIAN_POINT('',(-39.879,7.6,-24.312945));
#5528=CARTESIAN_POINT('',(-29.039159,0.7,-24.312945));
#5529=CARTESIAN_POINT('Origin',(-39.879,7.6,-22.974));
#5530=CARTESIAN_POINT('',(-39.879,0.7,-24.312945));
#5531=CARTESIAN_POINT('Origin',(-20.893528,0.7,-18.4371725));
#5532=CARTESIAN_POINT('Origin',(-7.27846096908266,7.6,-25.1));
#5533=CARTESIAN_POINT('',(-7.27846096908266,7.6,-25.1));
#5534=CARTESIAN_POINT('Origin',(-3.12153903091736,7.6,-25.1));
#5535=CARTESIAN_POINT('',(-3.12153903091736,7.6,-25.1));
#5536=CARTESIAN_POINT('Origin',(-1.04307806183471,7.6,-28.7));
#5537=CARTESIAN_POINT('Origin',(-7.27846096908265,7.6,-1.1));
#5538=CARTESIAN_POINT('',(-7.27846096908265,7.6,-1.10000000000001));
#5539=CARTESIAN_POINT('Origin',(-3.12153903091734,7.6,-1.10000000000001));
#5540=CARTESIAN_POINT('',(-3.12153903091734,7.6,-1.10000000000001));
#5541=CARTESIAN_POINT('Origin',(-1.04307806183469,7.6,-4.70000000000001));
#5542=CARTESIAN_POINT('Origin',(-70.2,5.5,-16.7));
#5543=UNCERTAINTY_MEASURE_WITH_UNIT(LENGTH_MEASURE(0.01),#5547,
'DISTANCE_ACCURACY_VALUE',
'Maximum model space distance between geometric entities at asserted c
onnectivities');
#5544=UNCERTAINTY_MEASURE_WITH_UNIT(LENGTH_MEASURE(0.01),#5547,
'DISTANCE_ACCURACY_VALUE',
'Maximum model space distance between geometric entities at asserted c
onnectivities');
#5545=(
GEOMETRIC_REPRESENTATION_CONTEXT(3)
GLOBAL_UNCERTAINTY_ASSIGNED_CONTEXT((#5543))
GLOBAL_UNIT_ASSIGNED_CONTEXT((#5547,#5549,#5550))
REPRESENTATION_CONTEXT('','3D')
);
#5546=(
GEOMETRIC_REPRESENTATION_CONTEXT(3)
GLOBAL_UNCERTAINTY_ASSIGNED_CONTEXT((#5544))
GLOBAL_UNIT_ASSIGNED_CONTEXT((#5547,#5549,#5550))
REPRESENTATION_CONTEXT('','3D')
);
#5547=(
LENGTH_UNIT()
NAMED_UNIT(*)
SI_UNIT(.MILLI.,.METRE.)
);
#5548=(
LENGTH_UNIT()
NAMED_UNIT(*)
SI_UNIT(.CENTI.,.METRE.)
);
#5549=(
NAMED_UNIT(*)
PLANE_ANGLE_UNIT()
SI_UNIT($,.RADIAN.)
);
#5550=(
NAMED_UNIT(*)
SI_UNIT($,.STERADIAN.)
SOLID_ANGLE_UNIT()
);
#5551=SHAPE_DEFINITION_REPRESENTATION(#5552,#5553);
#5552=PRODUCT_DEFINITION_SHAPE('',$,#5555);
#5553=SHAPE_REPRESENTATION('',(#3436),#5545);
#5554=PRODUCT_DEFINITION_CONTEXT('part definition',#5559,'design');
#5555=PRODUCT_DEFINITION('Optics Housing V3','Optics Housing V3',#5556,
#5554);
#5556=PRODUCT_DEFINITION_FORMATION('',$,#5561);
#5557=PRODUCT_RELATED_PRODUCT_CATEGORY('Optics Housing V3',
'Optics Housing V3',(#5561));
#5558=APPLICATION_PROTOCOL_DEFINITION('international standard',
'automotive_design',2009,#5559);
#5559=APPLICATION_CONTEXT(
'Core Data for Automotive Mechanical Design Process');
#5560=PRODUCT_CONTEXT('part definition',#5559,'mechanical');
#5561=PRODUCT('Optics Housing V3','Optics Housing V3',$,(#5560));
#5562=PRESENTATION_STYLE_ASSIGNMENT((#5563));
#5563=SURFACE_STYLE_USAGE(.BOTH.,#5566);
#5564=SURFACE_STYLE_RENDERING_WITH_PROPERTIES($,#5570,(#5565));
#5565=SURFACE_STYLE_TRANSPARENT(0.);
#5566=SURFACE_SIDE_STYLE('',(#5567,#5564));
#5567=SURFACE_STYLE_FILL_AREA(#5568);
#5568=FILL_AREA_STYLE('',(#5569));
#5569=FILL_AREA_STYLE_COLOUR('',#5570);
#5570=COLOUR_RGB('',0.749019607843137,0.749019607843137,0.749019607843137);
ENDSEC;
END-ISO-10303-21;
